   1.0000000e+00
   1.0999100e+00
   1.1998200e+00
   1.2997300e+00
   1.3996400e+00
   1.4995500e+00
   1.5994599e+00
   1.6993699e+00
   1.7992799e+00
   1.8991899e+00
   1.9990999e+00
   2.0990099e+00
   2.1989199e+00
   2.2988299e+00
   2.3987399e+00
   2.4986499e+00
   2.5985599e+00
   2.6984698e+00
   2.7983798e+00
   2.8982898e+00
   2.9981998e+00
   3.0981098e+00
   3.1980198e+00
   3.2979298e+00
   3.3978398e+00
   3.4977498e+00
   3.5976598e+00
   3.6975698e+00
   3.7974797e+00
   3.8973897e+00
   3.9972997e+00
   4.0972097e+00
   4.1971197e+00
   4.2970297e+00
   4.3969397e+00
   4.4968497e+00
   4.5967597e+00
   4.6966697e+00
   4.7965797e+00
   4.8964896e+00
   4.9963996e+00
   5.0963096e+00
   5.1962196e+00
   5.2961296e+00
   5.3960396e+00
   5.4959496e+00
   5.5958596e+00
   5.6957696e+00
   5.7956796e+00
   5.8955896e+00
   5.9954995e+00
   6.0954095e+00
   6.1953195e+00
   6.2952295e+00
   6.3951395e+00
   6.4950495e+00
   6.5949595e+00
   6.6948695e+00
   6.7947795e+00
   6.8946895e+00
   6.9945995e+00
   7.0945095e+00
   7.1944194e+00
   7.2943294e+00
   7.3942394e+00
   7.4941494e+00
   7.5940594e+00
   7.6939694e+00
   7.7938794e+00
   7.8937894e+00
   7.9936994e+00
   8.0936094e+00
   8.1935194e+00
   8.2934293e+00
   8.3933393e+00
   8.4932493e+00
   8.5931593e+00
   8.6930693e+00
   8.7929793e+00
   8.8928893e+00
   8.9927993e+00
   9.0927093e+00
   9.1926193e+00
   9.2925293e+00
   9.3924392e+00
   9.4923492e+00
   9.5922592e+00
   9.6921692e+00
   9.7920792e+00
   9.8919892e+00
   9.9918992e+00
   1.0091809e+01
   1.0191719e+01
   1.0291629e+01
   1.0391539e+01
   1.0491449e+01
   1.0591359e+01
   1.0691269e+01
   1.0791179e+01
   1.0891089e+01
   1.0990999e+01
   1.1090909e+01
   1.1190819e+01
   1.1290729e+01
   1.1390639e+01
   1.1490549e+01
   1.1590459e+01
   1.1690369e+01
   1.1790279e+01
   1.1890189e+01
   1.1990099e+01
   1.2090009e+01
   1.2189919e+01
   1.2289829e+01
   1.2389739e+01
   1.2489649e+01
   1.2589559e+01
   1.2689469e+01
   1.2789379e+01
   1.2889289e+01
   1.2989199e+01
   1.3089109e+01
   1.3189019e+01
   1.3288929e+01
   1.3388839e+01
   1.3488749e+01
   1.3588659e+01
   1.3688569e+01
   1.3788479e+01
   1.3888389e+01
   1.3988299e+01
   1.4088209e+01
   1.4188119e+01
   1.4288029e+01
   1.4387939e+01
   1.4487849e+01
   1.4587759e+01
   1.4687669e+01
   1.4787579e+01
   1.4887489e+01
   1.4987399e+01
   1.5087309e+01
   1.5187219e+01
   1.5287129e+01
   1.5387039e+01
   1.5486949e+01
   1.5586859e+01
   1.5686769e+01
   1.5786679e+01
   1.5886589e+01
   1.5986499e+01
   1.6086409e+01
   1.6186319e+01
   1.6286229e+01
   1.6386139e+01
   1.6486049e+01
   1.6585959e+01
   1.6685869e+01
   1.6785779e+01
   1.6885689e+01
   1.6985599e+01
   1.7085509e+01
   1.7185419e+01
   1.7285329e+01
   1.7385239e+01
   1.7485149e+01
   1.7585059e+01
   1.7684968e+01
   1.7784878e+01
   1.7884788e+01
   1.7984698e+01
   1.8084608e+01
   1.8184518e+01
   1.8284428e+01
   1.8384338e+01
   1.8484248e+01
   1.8584158e+01
   1.8684068e+01
   1.8783978e+01
   1.8883888e+01
   1.8983798e+01
   1.9083708e+01
   1.9183618e+01
   1.9283528e+01
   1.9383438e+01
   1.9483348e+01
   1.9583258e+01
   1.9683168e+01
   1.9783078e+01
   1.9882988e+01
   1.9982898e+01
   2.0082808e+01
   2.0182718e+01
   2.0282628e+01
   2.0382538e+01
   2.0482448e+01
   2.0582358e+01
   2.0682268e+01
   2.0782178e+01
   2.0882088e+01
   2.0981998e+01
   2.1081908e+01
   2.1181818e+01
   2.1281728e+01
   2.1381638e+01
   2.1481548e+01
   2.1581458e+01
   2.1681368e+01
   2.1781278e+01
   2.1881188e+01
   2.1981098e+01
   2.2081008e+01
   2.2180918e+01
   2.2280828e+01
   2.2380738e+01
   2.2480648e+01
   2.2580558e+01
   2.2680468e+01
   2.2780378e+01
   2.2880288e+01
   2.2980198e+01
   2.3080108e+01
   2.3180018e+01
   2.3279928e+01
   2.3379838e+01
   2.3479748e+01
   2.3579658e+01
   2.3679568e+01
   2.3779478e+01
   2.3879388e+01
   2.3979298e+01
   2.4079208e+01
   2.4179118e+01
   2.4279028e+01
   2.4378938e+01
   2.4478848e+01
   2.4578758e+01
   2.4678668e+01
   2.4778578e+01
   2.4878488e+01
   2.4978398e+01
   2.5078308e+01
   2.5178218e+01
   2.5278128e+01
   2.5378038e+01
   2.5477948e+01
   2.5577858e+01
   2.5677768e+01
   2.5777678e+01
   2.5877588e+01
   2.5977498e+01
   2.6077408e+01
   2.6177318e+01
   2.6277228e+01
   2.6377138e+01
   2.6477048e+01
   2.6576958e+01
   2.6676868e+01
   2.6776778e+01
   2.6876688e+01
   2.6976598e+01
   2.7076508e+01
   2.7176418e+01
   2.7276328e+01
   2.7376238e+01
   2.7476148e+01
   2.7576058e+01
   2.7675968e+01
   2.7775878e+01
   2.7875788e+01
   2.7975698e+01
   2.8075608e+01
   2.8175518e+01
   2.8275428e+01
   2.8375338e+01
   2.8475248e+01
   2.8575158e+01
   2.8675068e+01
   2.8774977e+01
   2.8874887e+01
   2.8974797e+01
   2.9074707e+01
   2.9174617e+01
   2.9274527e+01
   2.9374437e+01
   2.9474347e+01
   2.9574257e+01
   2.9674167e+01
   2.9774077e+01
   2.9873987e+01
   2.9973897e+01
   3.0073807e+01
   3.0173717e+01
   3.0273627e+01
   3.0373537e+01
   3.0473447e+01
   3.0573357e+01
   3.0673267e+01
   3.0773177e+01
   3.0873087e+01
   3.0972997e+01
   3.1072907e+01
   3.1172817e+01
   3.1272727e+01
   3.1372637e+01
   3.1472547e+01
   3.1572457e+01
   3.1672367e+01
   3.1772277e+01
   3.1872187e+01
   3.1972097e+01
   3.2072007e+01
   3.2171917e+01
   3.2271827e+01
   3.2371737e+01
   3.2471647e+01
   3.2571557e+01
   3.2671467e+01
   3.2771377e+01
   3.2871287e+01
   3.2971197e+01
   3.3071107e+01
   3.3171017e+01
   3.3270927e+01
   3.3370837e+01
   3.3470747e+01
   3.3570657e+01
   3.3670567e+01
   3.3770477e+01
   3.3870387e+01
   3.3970297e+01
   3.4070207e+01
   3.4170117e+01
   3.4270027e+01
   3.4369937e+01
   3.4469847e+01
   3.4569757e+01
   3.4669667e+01
   3.4769577e+01
   3.4869487e+01
   3.4969397e+01
   3.5069307e+01
   3.5169217e+01
   3.5269127e+01
   3.5369037e+01
   3.5468947e+01
   3.5568857e+01
   3.5668767e+01
   3.5768677e+01
   3.5868587e+01
   3.5968497e+01
   3.6068407e+01
   3.6168317e+01
   3.6268227e+01
   3.6368137e+01
   3.6468047e+01
   3.6567957e+01
   3.6667867e+01
   3.6767777e+01
   3.6867687e+01
   3.6967597e+01
   3.7067507e+01
   3.7167417e+01
   3.7267327e+01
   3.7367237e+01
   3.7467147e+01
   3.7567057e+01
   3.7666967e+01
   3.7766877e+01
   3.7866787e+01
   3.7966697e+01
   3.8066607e+01
   3.8166517e+01
   3.8266427e+01
   3.8366337e+01
   3.8466247e+01
   3.8566157e+01
   3.8666067e+01
   3.8765977e+01
   3.8865887e+01
   3.8965797e+01
   3.9065707e+01
   3.9165617e+01
   3.9265527e+01
   3.9365437e+01
   3.9465347e+01
   3.9565257e+01
   3.9665167e+01
   3.9765077e+01
   3.9864986e+01
   3.9964896e+01
   4.0064806e+01
   4.0164716e+01
   4.0264626e+01
   4.0364536e+01
   4.0464446e+01
   4.0564356e+01
   4.0664266e+01
   4.0764176e+01
   4.0864086e+01
   4.0963996e+01
   4.1063906e+01
   4.1163816e+01
   4.1263726e+01
   4.1363636e+01
   4.1463546e+01
   4.1563456e+01
   4.1663366e+01
   4.1763276e+01
   4.1863186e+01
   4.1963096e+01
   4.2063006e+01
   4.2162916e+01
   4.2262826e+01
   4.2362736e+01
   4.2462646e+01
   4.2562556e+01
   4.2662466e+01
   4.2762376e+01
   4.2862286e+01
   4.2962196e+01
   4.3062106e+01
   4.3162016e+01
   4.3261926e+01
   4.3361836e+01
   4.3461746e+01
   4.3561656e+01
   4.3661566e+01
   4.3761476e+01
   4.3861386e+01
   4.3961296e+01
   4.4061206e+01
   4.4161116e+01
   4.4261026e+01
   4.4360936e+01
   4.4460846e+01
   4.4560756e+01
   4.4660666e+01
   4.4760576e+01
   4.4860486e+01
   4.4960396e+01
   4.5060306e+01
   4.5160216e+01
   4.5260126e+01
   4.5360036e+01
   4.5459946e+01
   4.5559856e+01
   4.5659766e+01
   4.5759676e+01
   4.5859586e+01
   4.5959496e+01
   4.6059406e+01
   4.6159316e+01
   4.6259226e+01
   4.6359136e+01
   4.6459046e+01
   4.6558956e+01
   4.6658866e+01
   4.6758776e+01
   4.6858686e+01
   4.6958596e+01
   4.7058506e+01
   4.7158416e+01
   4.7258326e+01
   4.7358236e+01
   4.7458146e+01
   4.7558056e+01
   4.7657966e+01
   4.7757876e+01
   4.7857786e+01
   4.7957696e+01
   4.8057606e+01
   4.8157516e+01
   4.8257426e+01
   4.8357336e+01
   4.8457246e+01
   4.8557156e+01
   4.8657066e+01
   4.8756976e+01
   4.8856886e+01
   4.8956796e+01
   4.9056706e+01
   4.9156616e+01
   4.9256526e+01
   4.9356436e+01
   4.9456346e+01
   4.9556256e+01
   4.9656166e+01
   4.9756076e+01
   4.9855986e+01
   4.9955896e+01
   5.0055806e+01
   5.0155716e+01
   5.0255626e+01
   5.0355536e+01
   5.0455446e+01
   5.0555356e+01
   5.0655266e+01
   5.0755176e+01
   5.0855086e+01
   5.0954995e+01
   5.1054905e+01
   5.1154815e+01
   5.1254725e+01
   5.1354635e+01
   5.1454545e+01
   5.1554455e+01
   5.1654365e+01
   5.1754275e+01
   5.1854185e+01
   5.1954095e+01
   5.2054005e+01
   5.2153915e+01
   5.2253825e+01
   5.2353735e+01
   5.2453645e+01
   5.2553555e+01
   5.2653465e+01
   5.2753375e+01
   5.2853285e+01
   5.2953195e+01
   5.3053105e+01
   5.3153015e+01
   5.3252925e+01
   5.3352835e+01
   5.3452745e+01
   5.3552655e+01
   5.3652565e+01
   5.3752475e+01
   5.3852385e+01
   5.3952295e+01
   5.4052205e+01
   5.4152115e+01
   5.4252025e+01
   5.4351935e+01
   5.4451845e+01
   5.4551755e+01
   5.4651665e+01
   5.4751575e+01
   5.4851485e+01
   5.4951395e+01
   5.5051305e+01
   5.5151215e+01
   5.5251125e+01
   5.5351035e+01
   5.5450945e+01
   5.5550855e+01
   5.5650765e+01
   5.5750675e+01
   5.5850585e+01
   5.5950495e+01
   5.6050405e+01
   5.6150315e+01
   5.6250225e+01
   5.6350135e+01
   5.6450045e+01
   5.6549955e+01
   5.6649865e+01
   5.6749775e+01
   5.6849685e+01
   5.6949595e+01
   5.7049505e+01
   5.7149415e+01
   5.7249325e+01
   5.7349235e+01
   5.7449145e+01
   5.7549055e+01
   5.7648965e+01
   5.7748875e+01
   5.7848785e+01
   5.7948695e+01
   5.8048605e+01
   5.8148515e+01
   5.8248425e+01
   5.8348335e+01
   5.8448245e+01
   5.8548155e+01
   5.8648065e+01
   5.8747975e+01
   5.8847885e+01
   5.8947795e+01
   5.9047705e+01
   5.9147615e+01
   5.9247525e+01
   5.9347435e+01
   5.9447345e+01
   5.9547255e+01
   5.9647165e+01
   5.9747075e+01
   5.9846985e+01
   5.9946895e+01
   6.0046805e+01
   6.0146715e+01
   6.0246625e+01
   6.0346535e+01
   6.0446445e+01
   6.0546355e+01
   6.0646265e+01
   6.0746175e+01
   6.0846085e+01
   6.0945995e+01
   6.1045905e+01
   6.1145815e+01
   6.1245725e+01
   6.1345635e+01
   6.1445545e+01
   6.1545455e+01
   6.1645365e+01
   6.1745275e+01
   6.1845185e+01
   6.1945095e+01
   6.2045005e+01
   6.2144914e+01
   6.2244824e+01
   6.2344734e+01
   6.2444644e+01
   6.2544554e+01
   6.2644464e+01
   6.2744374e+01
   6.2844284e+01
   6.2944194e+01
   6.3044104e+01
   6.3144014e+01
   6.3243924e+01
   6.3343834e+01
   6.3443744e+01
   6.3543654e+01
   6.3643564e+01
   6.3743474e+01
   6.3843384e+01
   6.3943294e+01
   6.4043204e+01
   6.4143114e+01
   6.4243024e+01
   6.4342934e+01
   6.4442844e+01
   6.4542754e+01
   6.4642664e+01
   6.4742574e+01
   6.4842484e+01
   6.4942394e+01
   6.5042304e+01
   6.5142214e+01
   6.5242124e+01
   6.5342034e+01
   6.5441944e+01
   6.5541854e+01
   6.5641764e+01
   6.5741674e+01
   6.5841584e+01
   6.5941494e+01
   6.6041404e+01
   6.6141314e+01
   6.6241224e+01
   6.6341134e+01
   6.6441044e+01
   6.6540954e+01
   6.6640864e+01
   6.6740774e+01
   6.6840684e+01
   6.6940594e+01
   6.7040504e+01
   6.7140414e+01
   6.7240324e+01
   6.7340234e+01
   6.7440144e+01
   6.7540054e+01
   6.7639964e+01
   6.7739874e+01
   6.7839784e+01
   6.7939694e+01
   6.8039604e+01
   6.8139514e+01
   6.8239424e+01
   6.8339334e+01
   6.8439244e+01
   6.8539154e+01
   6.8639064e+01
   6.8738974e+01
   6.8838884e+01
   6.8938794e+01
   6.9038704e+01
   6.9138614e+01
   6.9238524e+01
   6.9338434e+01
   6.9438344e+01
   6.9538254e+01
   6.9638164e+01
   6.9738074e+01
   6.9837984e+01
   6.9937894e+01
   7.0037804e+01
   7.0137714e+01
   7.0237624e+01
   7.0337534e+01
   7.0437444e+01
   7.0537354e+01
   7.0637264e+01
   7.0737174e+01
   7.0837084e+01
   7.0936994e+01
   7.1036904e+01
   7.1136814e+01
   7.1236724e+01
   7.1336634e+01
   7.1436544e+01
   7.1536454e+01
   7.1636364e+01
   7.1736274e+01
   7.1836184e+01
   7.1936094e+01
   7.2036004e+01
   7.2135914e+01
   7.2235824e+01
   7.2335734e+01
   7.2435644e+01
   7.2535554e+01
   7.2635464e+01
   7.2735374e+01
   7.2835284e+01
   7.2935194e+01
   7.3035104e+01
   7.3135014e+01
   7.3234923e+01
   7.3334833e+01
   7.3434743e+01
   7.3534653e+01
   7.3634563e+01
   7.3734473e+01
   7.3834383e+01
   7.3934293e+01
   7.4034203e+01
   7.4134113e+01
   7.4234023e+01
   7.4333933e+01
   7.4433843e+01
   7.4533753e+01
   7.4633663e+01
   7.4733573e+01
   7.4833483e+01
   7.4933393e+01
   7.5033303e+01
   7.5133213e+01
   7.5233123e+01
   7.5333033e+01
   7.5432943e+01
   7.5532853e+01
   7.5632763e+01
   7.5732673e+01
   7.5832583e+01
   7.5932493e+01
   7.6032403e+01
   7.6132313e+01
   7.6232223e+01
   7.6332133e+01
   7.6432043e+01
   7.6531953e+01
   7.6631863e+01
   7.6731773e+01
   7.6831683e+01
   7.6931593e+01
   7.7031503e+01
   7.7131413e+01
   7.7231323e+01
   7.7331233e+01
   7.7431143e+01
   7.7531053e+01
   7.7630963e+01
   7.7730873e+01
   7.7830783e+01
   7.7930693e+01
   7.8030603e+01
   7.8130513e+01
   7.8230423e+01
   7.8330333e+01
   7.8430243e+01
   7.8530153e+01
   7.8630063e+01
   7.8729973e+01
   7.8829883e+01
   7.8929793e+01
   7.9029703e+01
   7.9129613e+01
   7.9229523e+01
   7.9329433e+01
   7.9429343e+01
   7.9529253e+01
   7.9629163e+01
   7.9729073e+01
   7.9828983e+01
   7.9928893e+01
   8.0028803e+01
   8.0128713e+01
   8.0228623e+01
   8.0328533e+01
   8.0428443e+01
   8.0528353e+01
   8.0628263e+01
   8.0728173e+01
   8.0828083e+01
   8.0927993e+01
   8.1027903e+01
   8.1127813e+01
   8.1227723e+01
   8.1327633e+01
   8.1427543e+01
   8.1527453e+01
   8.1627363e+01
   8.1727273e+01
   8.1827183e+01
   8.1927093e+01
   8.2027003e+01
   8.2126913e+01
   8.2226823e+01
   8.2326733e+01
   8.2426643e+01
   8.2526553e+01
   8.2626463e+01
   8.2726373e+01
   8.2826283e+01
   8.2926193e+01
   8.3026103e+01
   8.3126013e+01
   8.3225923e+01
   8.3325833e+01
   8.3425743e+01
   8.3525653e+01
   8.3625563e+01
   8.3725473e+01
   8.3825383e+01
   8.3925293e+01
   8.4025203e+01
   8.4125113e+01
   8.4225023e+01
   8.4324932e+01
   8.4424842e+01
   8.4524752e+01
   8.4624662e+01
   8.4724572e+01
   8.4824482e+01
   8.4924392e+01
   8.5024302e+01
   8.5124212e+01
   8.5224122e+01
   8.5324032e+01
   8.5423942e+01
   8.5523852e+01
   8.5623762e+01
   8.5723672e+01
   8.5823582e+01
   8.5923492e+01
   8.6023402e+01
   8.6123312e+01
   8.6223222e+01
   8.6323132e+01
   8.6423042e+01
   8.6522952e+01
   8.6622862e+01
   8.6722772e+01
   8.6822682e+01
   8.6922592e+01
   8.7022502e+01
   8.7122412e+01
   8.7222322e+01
   8.7322232e+01
   8.7422142e+01
   8.7522052e+01
   8.7621962e+01
   8.7721872e+01
   8.7821782e+01
   8.7921692e+01
   8.8021602e+01
   8.8121512e+01
   8.8221422e+01
   8.8321332e+01
   8.8421242e+01
   8.8521152e+01
   8.8621062e+01
   8.8720972e+01
   8.8820882e+01
   8.8920792e+01
   8.9020702e+01
   8.9120612e+01
   8.9220522e+01
   8.9320432e+01
   8.9420342e+01
   8.9520252e+01
   8.9620162e+01
   8.9720072e+01
   8.9819982e+01
   8.9919892e+01
   9.0019802e+01
   9.0119712e+01
   9.0219622e+01
   9.0319532e+01
   9.0419442e+01
   9.0519352e+01
   9.0619262e+01
   9.0719172e+01
   9.0819082e+01
   9.0918992e+01
   9.1018902e+01
   9.1118812e+01
   9.1218722e+01
   9.1318632e+01
   9.1418542e+01
   9.1518452e+01
   9.1618362e+01
   9.1718272e+01
   9.1818182e+01
   9.1918092e+01
   9.2018002e+01
   9.2117912e+01
   9.2217822e+01
   9.2317732e+01
   9.2417642e+01
   9.2517552e+01
   9.2617462e+01
   9.2717372e+01
   9.2817282e+01
   9.2917192e+01
   9.3017102e+01
   9.3117012e+01
   9.3216922e+01
   9.3316832e+01
   9.3416742e+01
   9.3516652e+01
   9.3616562e+01
   9.3716472e+01
   9.3816382e+01
   9.3916292e+01
   9.4016202e+01
   9.4116112e+01
   9.4216022e+01
   9.4315932e+01
   9.4415842e+01
   9.4515752e+01
   9.4615662e+01
   9.4715572e+01
   9.4815482e+01
   9.4915392e+01
   9.5015302e+01
   9.5115212e+01
   9.5215122e+01
   9.5315032e+01
   9.5414941e+01
   9.5514851e+01
   9.5614761e+01
   9.5714671e+01
   9.5814581e+01
   9.5914491e+01
   9.6014401e+01
   9.6114311e+01
   9.6214221e+01
   9.6314131e+01
   9.6414041e+01
   9.6513951e+01
   9.6613861e+01
   9.6713771e+01
   9.6813681e+01
   9.6913591e+01
   9.7013501e+01
   9.7113411e+01
   9.7213321e+01
   9.7313231e+01
   9.7413141e+01
   9.7513051e+01
   9.7612961e+01
   9.7712871e+01
   9.7812781e+01
   9.7912691e+01
   9.8012601e+01
   9.8112511e+01
   9.8212421e+01
   9.8312331e+01
   9.8412241e+01
   9.8512151e+01
   9.8612061e+01
   9.8711971e+01
   9.8811881e+01
   9.8911791e+01
   9.9011701e+01
   9.9111611e+01
   9.9211521e+01
   9.9311431e+01
   9.9411341e+01
   9.9511251e+01
   9.9611161e+01
   9.9711071e+01
   9.9810981e+01
   9.9910891e+01
   1.0001080e+02
   1.0011071e+02
   1.0021062e+02
   1.0031053e+02
   1.0041044e+02
   1.0051035e+02
   1.0061026e+02
   1.0071017e+02
   1.0081008e+02
   1.0090999e+02
   1.0100990e+02
   1.0110981e+02
   1.0120972e+02
   1.0130963e+02
   1.0140954e+02
   1.0150945e+02
   1.0160936e+02
   1.0170927e+02
   1.0180918e+02
   1.0190909e+02
   1.0200900e+02
   1.0210891e+02
   1.0220882e+02
   1.0230873e+02
   1.0240864e+02
   1.0250855e+02
   1.0260846e+02
   1.0270837e+02
   1.0280828e+02
   1.0290819e+02
   1.0300810e+02
   1.0310801e+02
   1.0320792e+02
   1.0330783e+02
   1.0340774e+02
   1.0350765e+02
   1.0360756e+02
   1.0370747e+02
   1.0380738e+02
   1.0390729e+02
   1.0400720e+02
   1.0410711e+02
   1.0420702e+02
   1.0430693e+02
   1.0440684e+02
   1.0450675e+02
   1.0460666e+02
   1.0470657e+02
   1.0480648e+02
   1.0490639e+02
   1.0500630e+02
   1.0510621e+02
   1.0520612e+02
   1.0530603e+02
   1.0540594e+02
   1.0550585e+02
   1.0560576e+02
   1.0570567e+02
   1.0580558e+02
   1.0590549e+02
   1.0600540e+02
   1.0610531e+02
   1.0620522e+02
   1.0630513e+02
   1.0640504e+02
   1.0650495e+02
   1.0660486e+02
   1.0670477e+02
   1.0680468e+02
   1.0690459e+02
   1.0700450e+02
   1.0710441e+02
   1.0720432e+02
   1.0730423e+02
   1.0740414e+02
   1.0750405e+02
   1.0760396e+02
   1.0770387e+02
   1.0780378e+02
   1.0790369e+02
   1.0800360e+02
   1.0810351e+02
   1.0820342e+02
   1.0830333e+02
   1.0840324e+02
   1.0850315e+02
   1.0860306e+02
   1.0870297e+02
   1.0880288e+02
   1.0890279e+02
   1.0900270e+02
   1.0910261e+02
   1.0920252e+02
   1.0930243e+02
   1.0940234e+02
   1.0950225e+02
   1.0960216e+02
   1.0970207e+02
   1.0980198e+02
   1.0990189e+02
   1.1000180e+02
   1.1010171e+02
   1.1020162e+02
   1.1030153e+02
   1.1040144e+02
   1.1050135e+02
   1.1060126e+02
   1.1070117e+02
   1.1080108e+02
   1.1090099e+02
   1.1100090e+02
   1.1110081e+02
   1.1120072e+02
   1.1130063e+02
   1.1140054e+02
   1.1150045e+02
   1.1160036e+02
   1.1170027e+02
   1.1180018e+02
   1.1190009e+02
   1.1200000e+02
   1.1209991e+02
   1.1219982e+02
   1.1229973e+02
   1.1239964e+02
   1.1249955e+02
   1.1259946e+02
   1.1269937e+02
   1.1279928e+02
   1.1289919e+02
   1.1299910e+02
   1.1309901e+02
   1.1319892e+02
   1.1329883e+02
   1.1339874e+02
   1.1349865e+02
   1.1359856e+02
   1.1369847e+02
   1.1379838e+02
   1.1389829e+02
   1.1399820e+02
   1.1409811e+02
   1.1419802e+02
   1.1429793e+02
   1.1439784e+02
   1.1449775e+02
   1.1459766e+02
   1.1469757e+02
   1.1479748e+02
   1.1489739e+02
   1.1499730e+02
   1.1509721e+02
   1.1519712e+02
   1.1529703e+02
   1.1539694e+02
   1.1549685e+02
   1.1559676e+02
   1.1569667e+02
   1.1579658e+02
   1.1589649e+02
   1.1599640e+02
   1.1609631e+02
   1.1619622e+02
   1.1629613e+02
   1.1639604e+02
   1.1649595e+02
   1.1659586e+02
   1.1669577e+02
   1.1679568e+02
   1.1689559e+02
   1.1699550e+02
   1.1709541e+02
   1.1719532e+02
   1.1729523e+02
   1.1739514e+02
   1.1749505e+02
   1.1759496e+02
   1.1769487e+02
   1.1779478e+02
   1.1789469e+02
   1.1799460e+02
   1.1809451e+02
   1.1819442e+02
   1.1829433e+02
   1.1839424e+02
   1.1849415e+02
   1.1859406e+02
   1.1869397e+02
   1.1879388e+02
   1.1889379e+02
   1.1899370e+02
   1.1909361e+02
   1.1919352e+02
   1.1929343e+02
   1.1939334e+02
   1.1949325e+02
   1.1959316e+02
   1.1969307e+02
   1.1979298e+02
   1.1989289e+02
   1.1999280e+02
   1.2009271e+02
   1.2019262e+02
   1.2029253e+02
   1.2039244e+02
   1.2049235e+02
   1.2059226e+02
   1.2069217e+02
   1.2079208e+02
   1.2089199e+02
   1.2099190e+02
   1.2109181e+02
   1.2119172e+02
   1.2129163e+02
   1.2139154e+02
   1.2149145e+02
   1.2159136e+02
   1.2169127e+02
   1.2179118e+02
   1.2189109e+02
   1.2199100e+02
   1.2209091e+02
   1.2219082e+02
   1.2229073e+02
   1.2239064e+02
   1.2249055e+02
   1.2259046e+02
   1.2269037e+02
   1.2279028e+02
   1.2289019e+02
   1.2299010e+02
   1.2309001e+02
   1.2318992e+02
   1.2328983e+02
   1.2338974e+02
   1.2348965e+02
   1.2358956e+02
   1.2368947e+02
   1.2378938e+02
   1.2388929e+02
   1.2398920e+02
   1.2408911e+02
   1.2418902e+02
   1.2428893e+02
   1.2438884e+02
   1.2448875e+02
   1.2458866e+02
   1.2468857e+02
   1.2478848e+02
   1.2488839e+02
   1.2498830e+02
   1.2508821e+02
   1.2518812e+02
   1.2528803e+02
   1.2538794e+02
   1.2548785e+02
   1.2558776e+02
   1.2568767e+02
   1.2578758e+02
   1.2588749e+02
   1.2598740e+02
   1.2608731e+02
   1.2618722e+02
   1.2628713e+02
   1.2638704e+02
   1.2648695e+02
   1.2658686e+02
   1.2668677e+02
   1.2678668e+02
   1.2688659e+02
   1.2698650e+02
   1.2708641e+02
   1.2718632e+02
   1.2728623e+02
   1.2738614e+02
   1.2748605e+02
   1.2758596e+02
   1.2768587e+02
   1.2778578e+02
   1.2788569e+02
   1.2798560e+02
   1.2808551e+02
   1.2818542e+02
   1.2828533e+02
   1.2838524e+02
   1.2848515e+02
   1.2858506e+02
   1.2868497e+02
   1.2878488e+02
   1.2888479e+02
   1.2898470e+02
   1.2908461e+02
   1.2918452e+02
   1.2928443e+02
   1.2938434e+02
   1.2948425e+02
   1.2958416e+02
   1.2968407e+02
   1.2978398e+02
   1.2988389e+02
   1.2998380e+02
   1.3008371e+02
   1.3018362e+02
   1.3028353e+02
   1.3038344e+02
   1.3048335e+02
   1.3058326e+02
   1.3068317e+02
   1.3078308e+02
   1.3088299e+02
   1.3098290e+02
   1.3108281e+02
   1.3118272e+02
   1.3128263e+02
   1.3138254e+02
   1.3148245e+02
   1.3158236e+02
   1.3168227e+02
   1.3178218e+02
   1.3188209e+02
   1.3198200e+02
   1.3208191e+02
   1.3218182e+02
   1.3228173e+02
   1.3238164e+02
   1.3248155e+02
   1.3258146e+02
   1.3268137e+02
   1.3278128e+02
   1.3288119e+02
   1.3298110e+02
   1.3308101e+02
   1.3318092e+02
   1.3328083e+02
   1.3338074e+02
   1.3348065e+02
   1.3358056e+02
   1.3368047e+02
   1.3378038e+02
   1.3388029e+02
   1.3398020e+02
   1.3408011e+02
   1.3418002e+02
   1.3427993e+02
   1.3437984e+02
   1.3447975e+02
   1.3457966e+02
   1.3467957e+02
   1.3477948e+02
   1.3487939e+02
   1.3497930e+02
   1.3507921e+02
   1.3517912e+02
   1.3527903e+02
   1.3537894e+02
   1.3547885e+02
   1.3557876e+02
   1.3567867e+02
   1.3577858e+02
   1.3587849e+02
   1.3597840e+02
   1.3607831e+02
   1.3617822e+02
   1.3627813e+02
   1.3637804e+02
   1.3647795e+02
   1.3657786e+02
   1.3667777e+02
   1.3677768e+02
   1.3687759e+02
   1.3697750e+02
   1.3707741e+02
   1.3717732e+02
   1.3727723e+02
   1.3737714e+02
   1.3747705e+02
   1.3757696e+02
   1.3767687e+02
   1.3777678e+02
   1.3787669e+02
   1.3797660e+02
   1.3807651e+02
   1.3817642e+02
   1.3827633e+02
   1.3837624e+02
   1.3847615e+02
   1.3857606e+02
   1.3867597e+02
   1.3877588e+02
   1.3887579e+02
   1.3897570e+02
   1.3907561e+02
   1.3917552e+02
   1.3927543e+02
   1.3937534e+02
   1.3947525e+02
   1.3957516e+02
   1.3967507e+02
   1.3977498e+02
   1.3987489e+02
   1.3997480e+02
   1.4007471e+02
   1.4017462e+02
   1.4027453e+02
   1.4037444e+02
   1.4047435e+02
   1.4057426e+02
   1.4067417e+02
   1.4077408e+02
   1.4087399e+02
   1.4097390e+02
   1.4107381e+02
   1.4117372e+02
   1.4127363e+02
   1.4137354e+02
   1.4147345e+02
   1.4157336e+02
   1.4167327e+02
   1.4177318e+02
   1.4187309e+02
   1.4197300e+02
   1.4207291e+02
   1.4217282e+02
   1.4227273e+02
   1.4237264e+02
   1.4247255e+02
   1.4257246e+02
   1.4267237e+02
   1.4277228e+02
   1.4287219e+02
   1.4297210e+02
   1.4307201e+02
   1.4317192e+02
   1.4327183e+02
   1.4337174e+02
   1.4347165e+02
   1.4357156e+02
   1.4367147e+02
   1.4377138e+02
   1.4387129e+02
   1.4397120e+02
   1.4407111e+02
   1.4417102e+02
   1.4427093e+02
   1.4437084e+02
   1.4447075e+02
   1.4457066e+02
   1.4467057e+02
   1.4477048e+02
   1.4487039e+02
   1.4497030e+02
   1.4507021e+02
   1.4517012e+02
   1.4527003e+02
   1.4536994e+02
   1.4546985e+02
   1.4556976e+02
   1.4566967e+02
   1.4576958e+02
   1.4586949e+02
   1.4596940e+02
   1.4606931e+02
   1.4616922e+02
   1.4626913e+02
   1.4636904e+02
   1.4646895e+02
   1.4656886e+02
   1.4666877e+02
   1.4676868e+02
   1.4686859e+02
   1.4696850e+02
   1.4706841e+02
   1.4716832e+02
   1.4726823e+02
   1.4736814e+02
   1.4746805e+02
   1.4756796e+02
   1.4766787e+02
   1.4776778e+02
   1.4786769e+02
   1.4796760e+02
   1.4806751e+02
   1.4816742e+02
   1.4826733e+02
   1.4836724e+02
   1.4846715e+02
   1.4856706e+02
   1.4866697e+02
   1.4876688e+02
   1.4886679e+02
   1.4896670e+02
   1.4906661e+02
   1.4916652e+02
   1.4926643e+02
   1.4936634e+02
   1.4946625e+02
   1.4956616e+02
   1.4966607e+02
   1.4976598e+02
   1.4986589e+02
   1.4996580e+02
   1.5006571e+02
   1.5016562e+02
   1.5026553e+02
   1.5036544e+02
   1.5046535e+02
   1.5056526e+02
   1.5066517e+02
   1.5076508e+02
   1.5086499e+02
   1.5096490e+02
   1.5106481e+02
   1.5116472e+02
   1.5126463e+02
   1.5136454e+02
   1.5146445e+02
   1.5156436e+02
   1.5166427e+02
   1.5176418e+02
   1.5186409e+02
   1.5196400e+02
   1.5206391e+02
   1.5216382e+02
   1.5226373e+02
   1.5236364e+02
   1.5246355e+02
   1.5256346e+02
   1.5266337e+02
   1.5276328e+02
   1.5286319e+02
   1.5296310e+02
   1.5306301e+02
   1.5316292e+02
   1.5326283e+02
   1.5336274e+02
   1.5346265e+02
   1.5356256e+02
   1.5366247e+02
   1.5376238e+02
   1.5386229e+02
   1.5396220e+02
   1.5406211e+02
   1.5416202e+02
   1.5426193e+02
   1.5436184e+02
   1.5446175e+02
   1.5456166e+02
   1.5466157e+02
   1.5476148e+02
   1.5486139e+02
   1.5496130e+02
   1.5506121e+02
   1.5516112e+02
   1.5526103e+02
   1.5536094e+02
   1.5546085e+02
   1.5556076e+02
   1.5566067e+02
   1.5576058e+02
   1.5586049e+02
   1.5596040e+02
   1.5606031e+02
   1.5616022e+02
   1.5626013e+02
   1.5636004e+02
   1.5645995e+02
   1.5655986e+02
   1.5665977e+02
   1.5675968e+02
   1.5685959e+02
   1.5695950e+02
   1.5705941e+02
   1.5715932e+02
   1.5725923e+02
   1.5735914e+02
   1.5745905e+02
   1.5755896e+02
   1.5765887e+02
   1.5775878e+02
   1.5785869e+02
   1.5795860e+02
   1.5805851e+02
   1.5815842e+02
   1.5825833e+02
   1.5835824e+02
   1.5845815e+02
   1.5855806e+02
   1.5865797e+02
   1.5875788e+02
   1.5885779e+02
   1.5895770e+02
   1.5905761e+02
   1.5915752e+02
   1.5925743e+02
   1.5935734e+02
   1.5945725e+02
   1.5955716e+02
   1.5965707e+02
   1.5975698e+02
   1.5985689e+02
   1.5995680e+02
   1.6005671e+02
   1.6015662e+02
   1.6025653e+02
   1.6035644e+02
   1.6045635e+02
   1.6055626e+02
   1.6065617e+02
   1.6075608e+02
   1.6085599e+02
   1.6095590e+02
   1.6105581e+02
   1.6115572e+02
   1.6125563e+02
   1.6135554e+02
   1.6145545e+02
   1.6155536e+02
   1.6165527e+02
   1.6175518e+02
   1.6185509e+02
   1.6195500e+02
   1.6205491e+02
   1.6215482e+02
   1.6225473e+02
   1.6235464e+02
   1.6245455e+02
   1.6255446e+02
   1.6265437e+02
   1.6275428e+02
   1.6285419e+02
   1.6295410e+02
   1.6305401e+02
   1.6315392e+02
   1.6325383e+02
   1.6335374e+02
   1.6345365e+02
   1.6355356e+02
   1.6365347e+02
   1.6375338e+02
   1.6385329e+02
   1.6395320e+02
   1.6405311e+02
   1.6415302e+02
   1.6425293e+02
   1.6435284e+02
   1.6445275e+02
   1.6455266e+02
   1.6465257e+02
   1.6475248e+02
   1.6485239e+02
   1.6495230e+02
   1.6505221e+02
   1.6515212e+02
   1.6525203e+02
   1.6535194e+02
   1.6545185e+02
   1.6555176e+02
   1.6565167e+02
   1.6575158e+02
   1.6585149e+02
   1.6595140e+02
   1.6605131e+02
   1.6615122e+02
   1.6625113e+02
   1.6635104e+02
   1.6645095e+02
   1.6655086e+02
   1.6665077e+02
   1.6675068e+02
   1.6685059e+02
   1.6695050e+02
   1.6705041e+02
   1.6715032e+02
   1.6725023e+02
   1.6735014e+02
   1.6745005e+02
   1.6754995e+02
   1.6764986e+02
   1.6774977e+02
   1.6784968e+02
   1.6794959e+02
   1.6804950e+02
   1.6814941e+02
   1.6824932e+02
   1.6834923e+02
   1.6844914e+02
   1.6854905e+02
   1.6864896e+02
   1.6874887e+02
   1.6884878e+02
   1.6894869e+02
   1.6904860e+02
   1.6914851e+02
   1.6924842e+02
   1.6934833e+02
   1.6944824e+02
   1.6954815e+02
   1.6964806e+02
   1.6974797e+02
   1.6984788e+02
   1.6994779e+02
   1.7004770e+02
   1.7014761e+02
   1.7024752e+02
   1.7034743e+02
   1.7044734e+02
   1.7054725e+02
   1.7064716e+02
   1.7074707e+02
   1.7084698e+02
   1.7094689e+02
   1.7104680e+02
   1.7114671e+02
   1.7124662e+02
   1.7134653e+02
   1.7144644e+02
   1.7154635e+02
   1.7164626e+02
   1.7174617e+02
   1.7184608e+02
   1.7194599e+02
   1.7204590e+02
   1.7214581e+02
   1.7224572e+02
   1.7234563e+02
   1.7244554e+02
   1.7254545e+02
   1.7264536e+02
   1.7274527e+02
   1.7284518e+02
   1.7294509e+02
   1.7304500e+02
   1.7314491e+02
   1.7324482e+02
   1.7334473e+02
   1.7344464e+02
   1.7354455e+02
   1.7364446e+02
   1.7374437e+02
   1.7384428e+02
   1.7394419e+02
   1.7404410e+02
   1.7414401e+02
   1.7424392e+02
   1.7434383e+02
   1.7444374e+02
   1.7454365e+02
   1.7464356e+02
   1.7474347e+02
   1.7484338e+02
   1.7494329e+02
   1.7504320e+02
   1.7514311e+02
   1.7524302e+02
   1.7534293e+02
   1.7544284e+02
   1.7554275e+02
   1.7564266e+02
   1.7574257e+02
   1.7584248e+02
   1.7594239e+02
   1.7604230e+02
   1.7614221e+02
   1.7624212e+02
   1.7634203e+02
   1.7644194e+02
   1.7654185e+02
   1.7664176e+02
   1.7674167e+02
   1.7684158e+02
   1.7694149e+02
   1.7704140e+02
   1.7714131e+02
   1.7724122e+02
   1.7734113e+02
   1.7744104e+02
   1.7754095e+02
   1.7764086e+02
   1.7774077e+02
   1.7784068e+02
   1.7794059e+02
   1.7804050e+02
   1.7814041e+02
   1.7824032e+02
   1.7834023e+02
   1.7844014e+02
   1.7854005e+02
   1.7863996e+02
   1.7873987e+02
   1.7883978e+02
   1.7893969e+02
   1.7903960e+02
   1.7913951e+02
   1.7923942e+02
   1.7933933e+02
   1.7943924e+02
   1.7953915e+02
   1.7963906e+02
   1.7973897e+02
   1.7983888e+02
   1.7993879e+02
   1.8003870e+02
   1.8013861e+02
   1.8023852e+02
   1.8033843e+02
   1.8043834e+02
   1.8053825e+02
   1.8063816e+02
   1.8073807e+02
   1.8083798e+02
   1.8093789e+02
   1.8103780e+02
   1.8113771e+02
   1.8123762e+02
   1.8133753e+02
   1.8143744e+02
   1.8153735e+02
   1.8163726e+02
   1.8173717e+02
   1.8183708e+02
   1.8193699e+02
   1.8203690e+02
   1.8213681e+02
   1.8223672e+02
   1.8233663e+02
   1.8243654e+02
   1.8253645e+02
   1.8263636e+02
   1.8273627e+02
   1.8283618e+02
   1.8293609e+02
   1.8303600e+02
   1.8313591e+02
   1.8323582e+02
   1.8333573e+02
   1.8343564e+02
   1.8353555e+02
   1.8363546e+02
   1.8373537e+02
   1.8383528e+02
   1.8393519e+02
   1.8403510e+02
   1.8413501e+02
   1.8423492e+02
   1.8433483e+02
   1.8443474e+02
   1.8453465e+02
   1.8463456e+02
   1.8473447e+02
   1.8483438e+02
   1.8493429e+02
   1.8503420e+02
   1.8513411e+02
   1.8523402e+02
   1.8533393e+02
   1.8543384e+02
   1.8553375e+02
   1.8563366e+02
   1.8573357e+02
   1.8583348e+02
   1.8593339e+02
   1.8603330e+02
   1.8613321e+02
   1.8623312e+02
   1.8633303e+02
   1.8643294e+02
   1.8653285e+02
   1.8663276e+02
   1.8673267e+02
   1.8683258e+02
   1.8693249e+02
   1.8703240e+02
   1.8713231e+02
   1.8723222e+02
   1.8733213e+02
   1.8743204e+02
   1.8753195e+02
   1.8763186e+02
   1.8773177e+02
   1.8783168e+02
   1.8793159e+02
   1.8803150e+02
   1.8813141e+02
   1.8823132e+02
   1.8833123e+02
   1.8843114e+02
   1.8853105e+02
   1.8863096e+02
   1.8873087e+02
   1.8883078e+02
   1.8893069e+02
   1.8903060e+02
   1.8913051e+02
   1.8923042e+02
   1.8933033e+02
   1.8943024e+02
   1.8953015e+02
   1.8963006e+02
   1.8972997e+02
   1.8982988e+02
   1.8992979e+02
   1.9002970e+02
   1.9012961e+02
   1.9022952e+02
   1.9032943e+02
   1.9042934e+02
   1.9052925e+02
   1.9062916e+02
   1.9072907e+02
   1.9082898e+02
   1.9092889e+02
   1.9102880e+02
   1.9112871e+02
   1.9122862e+02
   1.9132853e+02
   1.9142844e+02
   1.9152835e+02
   1.9162826e+02
   1.9172817e+02
   1.9182808e+02
   1.9192799e+02
   1.9202790e+02
   1.9212781e+02
   1.9222772e+02
   1.9232763e+02
   1.9242754e+02
   1.9252745e+02
   1.9262736e+02
   1.9272727e+02
   1.9282718e+02
   1.9292709e+02
   1.9302700e+02
   1.9312691e+02
   1.9322682e+02
   1.9332673e+02
   1.9342664e+02
   1.9352655e+02
   1.9362646e+02
   1.9372637e+02
   1.9382628e+02
   1.9392619e+02
   1.9402610e+02
   1.9412601e+02
   1.9422592e+02
   1.9432583e+02
   1.9442574e+02
   1.9452565e+02
   1.9462556e+02
   1.9472547e+02
   1.9482538e+02
   1.9492529e+02
   1.9502520e+02
   1.9512511e+02
   1.9522502e+02
   1.9532493e+02
   1.9542484e+02
   1.9552475e+02
   1.9562466e+02
   1.9572457e+02
   1.9582448e+02
   1.9592439e+02
   1.9602430e+02
   1.9612421e+02
   1.9622412e+02
   1.9632403e+02
   1.9642394e+02
   1.9652385e+02
   1.9662376e+02
   1.9672367e+02
   1.9682358e+02
   1.9692349e+02
   1.9702340e+02
   1.9712331e+02
   1.9722322e+02
   1.9732313e+02
   1.9742304e+02
   1.9752295e+02
   1.9762286e+02
   1.9772277e+02
   1.9782268e+02
   1.9792259e+02
   1.9802250e+02
   1.9812241e+02
   1.9822232e+02
   1.9832223e+02
   1.9842214e+02
   1.9852205e+02
   1.9862196e+02
   1.9872187e+02
   1.9882178e+02
   1.9892169e+02
   1.9902160e+02
   1.9912151e+02
   1.9922142e+02
   1.9932133e+02
   1.9942124e+02
   1.9952115e+02
   1.9962106e+02
   1.9972097e+02
   1.9982088e+02
   1.9992079e+02
   2.0002070e+02
   2.0012061e+02
   2.0022052e+02
   2.0032043e+02
   2.0042034e+02
   2.0052025e+02
   2.0062016e+02
   2.0072007e+02
   2.0081998e+02
   2.0091989e+02
   2.0101980e+02
   2.0111971e+02
   2.0121962e+02
   2.0131953e+02
   2.0141944e+02
   2.0151935e+02
   2.0161926e+02
   2.0171917e+02
   2.0181908e+02
   2.0191899e+02
   2.0201890e+02
   2.0211881e+02
   2.0221872e+02
   2.0231863e+02
   2.0241854e+02
   2.0251845e+02
   2.0261836e+02
   2.0271827e+02
   2.0281818e+02
   2.0291809e+02
   2.0301800e+02
   2.0311791e+02
   2.0321782e+02
   2.0331773e+02
   2.0341764e+02
   2.0351755e+02
   2.0361746e+02
   2.0371737e+02
   2.0381728e+02
   2.0391719e+02
   2.0401710e+02
   2.0411701e+02
   2.0421692e+02
   2.0431683e+02
   2.0441674e+02
   2.0451665e+02
   2.0461656e+02
   2.0471647e+02
   2.0481638e+02
   2.0491629e+02
   2.0501620e+02
   2.0511611e+02
   2.0521602e+02
   2.0531593e+02
   2.0541584e+02
   2.0551575e+02
   2.0561566e+02
   2.0571557e+02
   2.0581548e+02
   2.0591539e+02
   2.0601530e+02
   2.0611521e+02
   2.0621512e+02
   2.0631503e+02
   2.0641494e+02
   2.0651485e+02
   2.0661476e+02
   2.0671467e+02
   2.0681458e+02
   2.0691449e+02
   2.0701440e+02
   2.0711431e+02
   2.0721422e+02
   2.0731413e+02
   2.0741404e+02
   2.0751395e+02
   2.0761386e+02
   2.0771377e+02
   2.0781368e+02
   2.0791359e+02
   2.0801350e+02
   2.0811341e+02
   2.0821332e+02
   2.0831323e+02
   2.0841314e+02
   2.0851305e+02
   2.0861296e+02
   2.0871287e+02
   2.0881278e+02
   2.0891269e+02
   2.0901260e+02
   2.0911251e+02
   2.0921242e+02
   2.0931233e+02
   2.0941224e+02
   2.0951215e+02
   2.0961206e+02
   2.0971197e+02
   2.0981188e+02
   2.0991179e+02
   2.1001170e+02
   2.1011161e+02
   2.1021152e+02
   2.1031143e+02
   2.1041134e+02
   2.1051125e+02
   2.1061116e+02
   2.1071107e+02
   2.1081098e+02
   2.1091089e+02
   2.1101080e+02
   2.1111071e+02
   2.1121062e+02
   2.1131053e+02
   2.1141044e+02
   2.1151035e+02
   2.1161026e+02
   2.1171017e+02
   2.1181008e+02
   2.1190999e+02
   2.1200990e+02
   2.1210981e+02
   2.1220972e+02
   2.1230963e+02
   2.1240954e+02
   2.1250945e+02
   2.1260936e+02
   2.1270927e+02
   2.1280918e+02
   2.1290909e+02
   2.1300900e+02
   2.1310891e+02
   2.1320882e+02
   2.1330873e+02
   2.1340864e+02
   2.1350855e+02
   2.1360846e+02
   2.1370837e+02
   2.1380828e+02
   2.1390819e+02
   2.1400810e+02
   2.1410801e+02
   2.1420792e+02
   2.1430783e+02
   2.1440774e+02
   2.1450765e+02
   2.1460756e+02
   2.1470747e+02
   2.1480738e+02
   2.1490729e+02
   2.1500720e+02
   2.1510711e+02
   2.1520702e+02
   2.1530693e+02
   2.1540684e+02
   2.1550675e+02
   2.1560666e+02
   2.1570657e+02
   2.1580648e+02
   2.1590639e+02
   2.1600630e+02
   2.1610621e+02
   2.1620612e+02
   2.1630603e+02
   2.1640594e+02
   2.1650585e+02
   2.1660576e+02
   2.1670567e+02
   2.1680558e+02
   2.1690549e+02
   2.1700540e+02
   2.1710531e+02
   2.1720522e+02
   2.1730513e+02
   2.1740504e+02
   2.1750495e+02
   2.1760486e+02
   2.1770477e+02
   2.1780468e+02
   2.1790459e+02
   2.1800450e+02
   2.1810441e+02
   2.1820432e+02
   2.1830423e+02
   2.1840414e+02
   2.1850405e+02
   2.1860396e+02
   2.1870387e+02
   2.1880378e+02
   2.1890369e+02
   2.1900360e+02
   2.1910351e+02
   2.1920342e+02
   2.1930333e+02
   2.1940324e+02
   2.1950315e+02
   2.1960306e+02
   2.1970297e+02
   2.1980288e+02
   2.1990279e+02
   2.2000270e+02
   2.2010261e+02
   2.2020252e+02
   2.2030243e+02
   2.2040234e+02
   2.2050225e+02
   2.2060216e+02
   2.2070207e+02
   2.2080198e+02
   2.2090189e+02
   2.2100180e+02
   2.2110171e+02
   2.2120162e+02
   2.2130153e+02
   2.2140144e+02
   2.2150135e+02
   2.2160126e+02
   2.2170117e+02
   2.2180108e+02
   2.2190099e+02
   2.2200090e+02
   2.2210081e+02
   2.2220072e+02
   2.2230063e+02
   2.2240054e+02
   2.2250045e+02
   2.2260036e+02
   2.2270027e+02
   2.2280018e+02
   2.2290009e+02
   2.2300000e+02
   2.2309991e+02
   2.2319982e+02
   2.2329973e+02
   2.2339964e+02
   2.2349955e+02
   2.2359946e+02
   2.2369937e+02
   2.2379928e+02
   2.2389919e+02
   2.2399910e+02
   2.2409901e+02
   2.2419892e+02
   2.2429883e+02
   2.2439874e+02
   2.2449865e+02
   2.2459856e+02
   2.2469847e+02
   2.2479838e+02
   2.2489829e+02
   2.2499820e+02
   2.2509811e+02
   2.2519802e+02
   2.2529793e+02
   2.2539784e+02
   2.2549775e+02
   2.2559766e+02
   2.2569757e+02
   2.2579748e+02
   2.2589739e+02
   2.2599730e+02
   2.2609721e+02
   2.2619712e+02
   2.2629703e+02
   2.2639694e+02
   2.2649685e+02
   2.2659676e+02
   2.2669667e+02
   2.2679658e+02
   2.2689649e+02
   2.2699640e+02
   2.2709631e+02
   2.2719622e+02
   2.2729613e+02
   2.2739604e+02
   2.2749595e+02
   2.2759586e+02
   2.2769577e+02
   2.2779568e+02
   2.2789559e+02
   2.2799550e+02
   2.2809541e+02
   2.2819532e+02
   2.2829523e+02
   2.2839514e+02
   2.2849505e+02
   2.2859496e+02
   2.2869487e+02
   2.2879478e+02
   2.2889469e+02
   2.2899460e+02
   2.2909451e+02
   2.2919442e+02
   2.2929433e+02
   2.2939424e+02
   2.2949415e+02
   2.2959406e+02
   2.2969397e+02
   2.2979388e+02
   2.2989379e+02
   2.2999370e+02
   2.3009361e+02
   2.3019352e+02
   2.3029343e+02
   2.3039334e+02
   2.3049325e+02
   2.3059316e+02
   2.3069307e+02
   2.3079298e+02
   2.3089289e+02
   2.3099280e+02
   2.3109271e+02
   2.3119262e+02
   2.3129253e+02
   2.3139244e+02
   2.3149235e+02
   2.3159226e+02
   2.3169217e+02
   2.3179208e+02
   2.3189199e+02
   2.3199190e+02
   2.3209181e+02
   2.3219172e+02
   2.3229163e+02
   2.3239154e+02
   2.3249145e+02
   2.3259136e+02
   2.3269127e+02
   2.3279118e+02
   2.3289109e+02
   2.3299100e+02
   2.3309091e+02
   2.3319082e+02
   2.3329073e+02
   2.3339064e+02
   2.3349055e+02
   2.3359046e+02
   2.3369037e+02
   2.3379028e+02
   2.3389019e+02
   2.3399010e+02
   2.3409001e+02
   2.3418992e+02
   2.3428983e+02
   2.3438974e+02
   2.3448965e+02
   2.3458956e+02
   2.3468947e+02
   2.3478938e+02
   2.3488929e+02
   2.3498920e+02
   2.3508911e+02
   2.3518902e+02
   2.3528893e+02
   2.3538884e+02
   2.3548875e+02
   2.3558866e+02
   2.3568857e+02
   2.3578848e+02
   2.3588839e+02
   2.3598830e+02
   2.3608821e+02
   2.3618812e+02
   2.3628803e+02
   2.3638794e+02
   2.3648785e+02
   2.3658776e+02
   2.3668767e+02
   2.3678758e+02
   2.3688749e+02
   2.3698740e+02
   2.3708731e+02
   2.3718722e+02
   2.3728713e+02
   2.3738704e+02
   2.3748695e+02
   2.3758686e+02
   2.3768677e+02
   2.3778668e+02
   2.3788659e+02
   2.3798650e+02
   2.3808641e+02
   2.3818632e+02
   2.3828623e+02
   2.3838614e+02
   2.3848605e+02
   2.3858596e+02
   2.3868587e+02
   2.3878578e+02
   2.3888569e+02
   2.3898560e+02
   2.3908551e+02
   2.3918542e+02
   2.3928533e+02
   2.3938524e+02
   2.3948515e+02
   2.3958506e+02
   2.3968497e+02
   2.3978488e+02
   2.3988479e+02
   2.3998470e+02
   2.4008461e+02
   2.4018452e+02
   2.4028443e+02
   2.4038434e+02
   2.4048425e+02
   2.4058416e+02
   2.4068407e+02
   2.4078398e+02
   2.4088389e+02
   2.4098380e+02
   2.4108371e+02
   2.4118362e+02
   2.4128353e+02
   2.4138344e+02
   2.4148335e+02
   2.4158326e+02
   2.4168317e+02
   2.4178308e+02
   2.4188299e+02
   2.4198290e+02
   2.4208281e+02
   2.4218272e+02
   2.4228263e+02
   2.4238254e+02
   2.4248245e+02
   2.4258236e+02
   2.4268227e+02
   2.4278218e+02
   2.4288209e+02
   2.4298200e+02
   2.4308191e+02
   2.4318182e+02
   2.4328173e+02
   2.4338164e+02
   2.4348155e+02
   2.4358146e+02
   2.4368137e+02
   2.4378128e+02
   2.4388119e+02
   2.4398110e+02
   2.4408101e+02
   2.4418092e+02
   2.4428083e+02
   2.4438074e+02
   2.4448065e+02
   2.4458056e+02
   2.4468047e+02
   2.4478038e+02
   2.4488029e+02
   2.4498020e+02
   2.4508011e+02
   2.4518002e+02
   2.4527993e+02
   2.4537984e+02
   2.4547975e+02
   2.4557966e+02
   2.4567957e+02
   2.4577948e+02
   2.4587939e+02
   2.4597930e+02
   2.4607921e+02
   2.4617912e+02
   2.4627903e+02
   2.4637894e+02
   2.4647885e+02
   2.4657876e+02
   2.4667867e+02
   2.4677858e+02
   2.4687849e+02
   2.4697840e+02
   2.4707831e+02
   2.4717822e+02
   2.4727813e+02
   2.4737804e+02
   2.4747795e+02
   2.4757786e+02
   2.4767777e+02
   2.4777768e+02
   2.4787759e+02
   2.4797750e+02
   2.4807741e+02
   2.4817732e+02
   2.4827723e+02
   2.4837714e+02
   2.4847705e+02
   2.4857696e+02
   2.4867687e+02
   2.4877678e+02
   2.4887669e+02
   2.4897660e+02
   2.4907651e+02
   2.4917642e+02
   2.4927633e+02
   2.4937624e+02
   2.4947615e+02
   2.4957606e+02
   2.4967597e+02
   2.4977588e+02
   2.4987579e+02
   2.4997570e+02
   2.5007561e+02
   2.5017552e+02
   2.5027543e+02
   2.5037534e+02
   2.5047525e+02
   2.5057516e+02
   2.5067507e+02
   2.5077498e+02
   2.5087489e+02
   2.5097480e+02
   2.5107471e+02
   2.5117462e+02
   2.5127453e+02
   2.5137444e+02
   2.5147435e+02
   2.5157426e+02
   2.5167417e+02
   2.5177408e+02
   2.5187399e+02
   2.5197390e+02
   2.5207381e+02
   2.5217372e+02
   2.5227363e+02
   2.5237354e+02
   2.5247345e+02
   2.5257336e+02
   2.5267327e+02
   2.5277318e+02
   2.5287309e+02
   2.5297300e+02
   2.5307291e+02
   2.5317282e+02
   2.5327273e+02
   2.5337264e+02
   2.5347255e+02
   2.5357246e+02
   2.5367237e+02
   2.5377228e+02
   2.5387219e+02
   2.5397210e+02
   2.5407201e+02
   2.5417192e+02
   2.5427183e+02
   2.5437174e+02
   2.5447165e+02
   2.5457156e+02
   2.5467147e+02
   2.5477138e+02
   2.5487129e+02
   2.5497120e+02
   2.5507111e+02
   2.5517102e+02
   2.5527093e+02
   2.5537084e+02
   2.5547075e+02
   2.5557066e+02
   2.5567057e+02
   2.5577048e+02
   2.5587039e+02
   2.5597030e+02
   2.5607021e+02
   2.5617012e+02
   2.5627003e+02
   2.5636994e+02
   2.5646985e+02
   2.5656976e+02
   2.5666967e+02
   2.5676958e+02
   2.5686949e+02
   2.5696940e+02
   2.5706931e+02
   2.5716922e+02
   2.5726913e+02
   2.5736904e+02
   2.5746895e+02
   2.5756886e+02
   2.5766877e+02
   2.5776868e+02
   2.5786859e+02
   2.5796850e+02
   2.5806841e+02
   2.5816832e+02
   2.5826823e+02
   2.5836814e+02
   2.5846805e+02
   2.5856796e+02
   2.5866787e+02
   2.5876778e+02
   2.5886769e+02
   2.5896760e+02
   2.5906751e+02
   2.5916742e+02
   2.5926733e+02
   2.5936724e+02
   2.5946715e+02
   2.5956706e+02
   2.5966697e+02
   2.5976688e+02
   2.5986679e+02
   2.5996670e+02
   2.6006661e+02
   2.6016652e+02
   2.6026643e+02
   2.6036634e+02
   2.6046625e+02
   2.6056616e+02
   2.6066607e+02
   2.6076598e+02
   2.6086589e+02
   2.6096580e+02
   2.6106571e+02
   2.6116562e+02
   2.6126553e+02
   2.6136544e+02
   2.6146535e+02
   2.6156526e+02
   2.6166517e+02
   2.6176508e+02
   2.6186499e+02
   2.6196490e+02
   2.6206481e+02
   2.6216472e+02
   2.6226463e+02
   2.6236454e+02
   2.6246445e+02
   2.6256436e+02
   2.6266427e+02
   2.6276418e+02
   2.6286409e+02
   2.6296400e+02
   2.6306391e+02
   2.6316382e+02
   2.6326373e+02
   2.6336364e+02
   2.6346355e+02
   2.6356346e+02
   2.6366337e+02
   2.6376328e+02
   2.6386319e+02
   2.6396310e+02
   2.6406301e+02
   2.6416292e+02
   2.6426283e+02
   2.6436274e+02
   2.6446265e+02
   2.6456256e+02
   2.6466247e+02
   2.6476238e+02
   2.6486229e+02
   2.6496220e+02
   2.6506211e+02
   2.6516202e+02
   2.6526193e+02
   2.6536184e+02
   2.6546175e+02
   2.6556166e+02
   2.6566157e+02
   2.6576148e+02
   2.6586139e+02
   2.6596130e+02
   2.6606121e+02
   2.6616112e+02
   2.6626103e+02
   2.6636094e+02
   2.6646085e+02
   2.6656076e+02
   2.6666067e+02
   2.6676058e+02
   2.6686049e+02
   2.6696040e+02
   2.6706031e+02
   2.6716022e+02
   2.6726013e+02
   2.6736004e+02
   2.6745995e+02
   2.6755986e+02
   2.6765977e+02
   2.6775968e+02
   2.6785959e+02
   2.6795950e+02
   2.6805941e+02
   2.6815932e+02
   2.6825923e+02
   2.6835914e+02
   2.6845905e+02
   2.6855896e+02
   2.6865887e+02
   2.6875878e+02
   2.6885869e+02
   2.6895860e+02
   2.6905851e+02
   2.6915842e+02
   2.6925833e+02
   2.6935824e+02
   2.6945815e+02
   2.6955806e+02
   2.6965797e+02
   2.6975788e+02
   2.6985779e+02
   2.6995770e+02
   2.7005761e+02
   2.7015752e+02
   2.7025743e+02
   2.7035734e+02
   2.7045725e+02
   2.7055716e+02
   2.7065707e+02
   2.7075698e+02
   2.7085689e+02
   2.7095680e+02
   2.7105671e+02
   2.7115662e+02
   2.7125653e+02
   2.7135644e+02
   2.7145635e+02
   2.7155626e+02
   2.7165617e+02
   2.7175608e+02
   2.7185599e+02
   2.7195590e+02
   2.7205581e+02
   2.7215572e+02
   2.7225563e+02
   2.7235554e+02
   2.7245545e+02
   2.7255536e+02
   2.7265527e+02
   2.7275518e+02
   2.7285509e+02
   2.7295500e+02
   2.7305491e+02
   2.7315482e+02
   2.7325473e+02
   2.7335464e+02
   2.7345455e+02
   2.7355446e+02
   2.7365437e+02
   2.7375428e+02
   2.7385419e+02
   2.7395410e+02
   2.7405401e+02
   2.7415392e+02
   2.7425383e+02
   2.7435374e+02
   2.7445365e+02
   2.7455356e+02
   2.7465347e+02
   2.7475338e+02
   2.7485329e+02
   2.7495320e+02
   2.7505311e+02
   2.7515302e+02
   2.7525293e+02
   2.7535284e+02
   2.7545275e+02
   2.7555266e+02
   2.7565257e+02
   2.7575248e+02
   2.7585239e+02
   2.7595230e+02
   2.7605221e+02
   2.7615212e+02
   2.7625203e+02
   2.7635194e+02
   2.7645185e+02
   2.7655176e+02
   2.7665167e+02
   2.7675158e+02
   2.7685149e+02
   2.7695140e+02
   2.7705131e+02
   2.7715122e+02
   2.7725113e+02
   2.7735104e+02
   2.7745095e+02
   2.7755086e+02
   2.7765077e+02
   2.7775068e+02
   2.7785059e+02
   2.7795050e+02
   2.7805041e+02
   2.7815032e+02
   2.7825023e+02
   2.7835014e+02
   2.7845005e+02
   2.7854995e+02
   2.7864986e+02
   2.7874977e+02
   2.7884968e+02
   2.7894959e+02
   2.7904950e+02
   2.7914941e+02
   2.7924932e+02
   2.7934923e+02
   2.7944914e+02
   2.7954905e+02
   2.7964896e+02
   2.7974887e+02
   2.7984878e+02
   2.7994869e+02
   2.8004860e+02
   2.8014851e+02
   2.8024842e+02
   2.8034833e+02
   2.8044824e+02
   2.8054815e+02
   2.8064806e+02
   2.8074797e+02
   2.8084788e+02
   2.8094779e+02
   2.8104770e+02
   2.8114761e+02
   2.8124752e+02
   2.8134743e+02
   2.8144734e+02
   2.8154725e+02
   2.8164716e+02
   2.8174707e+02
   2.8184698e+02
   2.8194689e+02
   2.8204680e+02
   2.8214671e+02
   2.8224662e+02
   2.8234653e+02
   2.8244644e+02
   2.8254635e+02
   2.8264626e+02
   2.8274617e+02
   2.8284608e+02
   2.8294599e+02
   2.8304590e+02
   2.8314581e+02
   2.8324572e+02
   2.8334563e+02
   2.8344554e+02
   2.8354545e+02
   2.8364536e+02
   2.8374527e+02
   2.8384518e+02
   2.8394509e+02
   2.8404500e+02
   2.8414491e+02
   2.8424482e+02
   2.8434473e+02
   2.8444464e+02
   2.8454455e+02
   2.8464446e+02
   2.8474437e+02
   2.8484428e+02
   2.8494419e+02
   2.8504410e+02
   2.8514401e+02
   2.8524392e+02
   2.8534383e+02
   2.8544374e+02
   2.8554365e+02
   2.8564356e+02
   2.8574347e+02
   2.8584338e+02
   2.8594329e+02
   2.8604320e+02
   2.8614311e+02
   2.8624302e+02
   2.8634293e+02
   2.8644284e+02
   2.8654275e+02
   2.8664266e+02
   2.8674257e+02
   2.8684248e+02
   2.8694239e+02
   2.8704230e+02
   2.8714221e+02
   2.8724212e+02
   2.8734203e+02
   2.8744194e+02
   2.8754185e+02
   2.8764176e+02
   2.8774167e+02
   2.8784158e+02
   2.8794149e+02
   2.8804140e+02
   2.8814131e+02
   2.8824122e+02
   2.8834113e+02
   2.8844104e+02
   2.8854095e+02
   2.8864086e+02
   2.8874077e+02
   2.8884068e+02
   2.8894059e+02
   2.8904050e+02
   2.8914041e+02
   2.8924032e+02
   2.8934023e+02
   2.8944014e+02
   2.8954005e+02
   2.8963996e+02
   2.8973987e+02
   2.8983978e+02
   2.8993969e+02
   2.9003960e+02
   2.9013951e+02
   2.9023942e+02
   2.9033933e+02
   2.9043924e+02
   2.9053915e+02
   2.9063906e+02
   2.9073897e+02
   2.9083888e+02
   2.9093879e+02
   2.9103870e+02
   2.9113861e+02
   2.9123852e+02
   2.9133843e+02
   2.9143834e+02
   2.9153825e+02
   2.9163816e+02
   2.9173807e+02
   2.9183798e+02
   2.9193789e+02
   2.9203780e+02
   2.9213771e+02
   2.9223762e+02
   2.9233753e+02
   2.9243744e+02
   2.9253735e+02
   2.9263726e+02
   2.9273717e+02
   2.9283708e+02
   2.9293699e+02
   2.9303690e+02
   2.9313681e+02
   2.9323672e+02
   2.9333663e+02
   2.9343654e+02
   2.9353645e+02
   2.9363636e+02
   2.9373627e+02
   2.9383618e+02
   2.9393609e+02
   2.9403600e+02
   2.9413591e+02
   2.9423582e+02
   2.9433573e+02
   2.9443564e+02
   2.9453555e+02
   2.9463546e+02
   2.9473537e+02
   2.9483528e+02
   2.9493519e+02
   2.9503510e+02
   2.9513501e+02
   2.9523492e+02
   2.9533483e+02
   2.9543474e+02
   2.9553465e+02
   2.9563456e+02
   2.9573447e+02
   2.9583438e+02
   2.9593429e+02
   2.9603420e+02
   2.9613411e+02
   2.9623402e+02
   2.9633393e+02
   2.9643384e+02
   2.9653375e+02
   2.9663366e+02
   2.9673357e+02
   2.9683348e+02
   2.9693339e+02
   2.9703330e+02
   2.9713321e+02
   2.9723312e+02
   2.9733303e+02
   2.9743294e+02
   2.9753285e+02
   2.9763276e+02
   2.9773267e+02
   2.9783258e+02
   2.9793249e+02
   2.9803240e+02
   2.9813231e+02
   2.9823222e+02
   2.9833213e+02
   2.9843204e+02
   2.9853195e+02
   2.9863186e+02
   2.9873177e+02
   2.9883168e+02
   2.9893159e+02
   2.9903150e+02
   2.9913141e+02
   2.9923132e+02
   2.9933123e+02
   2.9943114e+02
   2.9953105e+02
   2.9963096e+02
   2.9973087e+02
   2.9983078e+02
   2.9993069e+02
   3.0003060e+02
   3.0013051e+02
   3.0023042e+02
   3.0033033e+02
   3.0043024e+02
   3.0053015e+02
   3.0063006e+02
   3.0072997e+02
   3.0082988e+02
   3.0092979e+02
   3.0102970e+02
   3.0112961e+02
   3.0122952e+02
   3.0132943e+02
   3.0142934e+02
   3.0152925e+02
   3.0162916e+02
   3.0172907e+02
   3.0182898e+02
   3.0192889e+02
   3.0202880e+02
   3.0212871e+02
   3.0222862e+02
   3.0232853e+02
   3.0242844e+02
   3.0252835e+02
   3.0262826e+02
   3.0272817e+02
   3.0282808e+02
   3.0292799e+02
   3.0302790e+02
   3.0312781e+02
   3.0322772e+02
   3.0332763e+02
   3.0342754e+02
   3.0352745e+02
   3.0362736e+02
   3.0372727e+02
   3.0382718e+02
   3.0392709e+02
   3.0402700e+02
   3.0412691e+02
   3.0422682e+02
   3.0432673e+02
   3.0442664e+02
   3.0452655e+02
   3.0462646e+02
   3.0472637e+02
   3.0482628e+02
   3.0492619e+02
   3.0502610e+02
   3.0512601e+02
   3.0522592e+02
   3.0532583e+02
   3.0542574e+02
   3.0552565e+02
   3.0562556e+02
   3.0572547e+02
   3.0582538e+02
   3.0592529e+02
   3.0602520e+02
   3.0612511e+02
   3.0622502e+02
   3.0632493e+02
   3.0642484e+02
   3.0652475e+02
   3.0662466e+02
   3.0672457e+02
   3.0682448e+02
   3.0692439e+02
   3.0702430e+02
   3.0712421e+02
   3.0722412e+02
   3.0732403e+02
   3.0742394e+02
   3.0752385e+02
   3.0762376e+02
   3.0772367e+02
   3.0782358e+02
   3.0792349e+02
   3.0802340e+02
   3.0812331e+02
   3.0822322e+02
   3.0832313e+02
   3.0842304e+02
   3.0852295e+02
   3.0862286e+02
   3.0872277e+02
   3.0882268e+02
   3.0892259e+02
   3.0902250e+02
   3.0912241e+02
   3.0922232e+02
   3.0932223e+02
   3.0942214e+02
   3.0952205e+02
   3.0962196e+02
   3.0972187e+02
   3.0982178e+02
   3.0992169e+02
   3.1002160e+02
   3.1012151e+02
   3.1022142e+02
   3.1032133e+02
   3.1042124e+02
   3.1052115e+02
   3.1062106e+02
   3.1072097e+02
   3.1082088e+02
   3.1092079e+02
   3.1102070e+02
   3.1112061e+02
   3.1122052e+02
   3.1132043e+02
   3.1142034e+02
   3.1152025e+02
   3.1162016e+02
   3.1172007e+02
   3.1181998e+02
   3.1191989e+02
   3.1201980e+02
   3.1211971e+02
   3.1221962e+02
   3.1231953e+02
   3.1241944e+02
   3.1251935e+02
   3.1261926e+02
   3.1271917e+02
   3.1281908e+02
   3.1291899e+02
   3.1301890e+02
   3.1311881e+02
   3.1321872e+02
   3.1331863e+02
   3.1341854e+02
   3.1351845e+02
   3.1361836e+02
   3.1371827e+02
   3.1381818e+02
   3.1391809e+02
   3.1401800e+02
   3.1411791e+02
   3.1421782e+02
   3.1431773e+02
   3.1441764e+02
   3.1451755e+02
   3.1461746e+02
   3.1471737e+02
   3.1481728e+02
   3.1491719e+02
   3.1501710e+02
   3.1511701e+02
   3.1521692e+02
   3.1531683e+02
   3.1541674e+02
   3.1551665e+02
   3.1561656e+02
   3.1571647e+02
   3.1581638e+02
   3.1591629e+02
   3.1601620e+02
   3.1611611e+02
   3.1621602e+02
   3.1631593e+02
   3.1641584e+02
   3.1651575e+02
   3.1661566e+02
   3.1671557e+02
   3.1681548e+02
   3.1691539e+02
   3.1701530e+02
   3.1711521e+02
   3.1721512e+02
   3.1731503e+02
   3.1741494e+02
   3.1751485e+02
   3.1761476e+02
   3.1771467e+02
   3.1781458e+02
   3.1791449e+02
   3.1801440e+02
   3.1811431e+02
   3.1821422e+02
   3.1831413e+02
   3.1841404e+02
   3.1851395e+02
   3.1861386e+02
   3.1871377e+02
   3.1881368e+02
   3.1891359e+02
   3.1901350e+02
   3.1911341e+02
   3.1921332e+02
   3.1931323e+02
   3.1941314e+02
   3.1951305e+02
   3.1961296e+02
   3.1971287e+02
   3.1981278e+02
   3.1991269e+02
   3.2001260e+02
   3.2011251e+02
   3.2021242e+02
   3.2031233e+02
   3.2041224e+02
   3.2051215e+02
   3.2061206e+02
   3.2071197e+02
   3.2081188e+02
   3.2091179e+02
   3.2101170e+02
   3.2111161e+02
   3.2121152e+02
   3.2131143e+02
   3.2141134e+02
   3.2151125e+02
   3.2161116e+02
   3.2171107e+02
   3.2181098e+02
   3.2191089e+02
   3.2201080e+02
   3.2211071e+02
   3.2221062e+02
   3.2231053e+02
   3.2241044e+02
   3.2251035e+02
   3.2261026e+02
   3.2271017e+02
   3.2281008e+02
   3.2290999e+02
   3.2300990e+02
   3.2310981e+02
   3.2320972e+02
   3.2330963e+02
   3.2340954e+02
   3.2350945e+02
   3.2360936e+02
   3.2370927e+02
   3.2380918e+02
   3.2390909e+02
   3.2400900e+02
   3.2410891e+02
   3.2420882e+02
   3.2430873e+02
   3.2440864e+02
   3.2450855e+02
   3.2460846e+02
   3.2470837e+02
   3.2480828e+02
   3.2490819e+02
   3.2500810e+02
   3.2510801e+02
   3.2520792e+02
   3.2530783e+02
   3.2540774e+02
   3.2550765e+02
   3.2560756e+02
   3.2570747e+02
   3.2580738e+02
   3.2590729e+02
   3.2600720e+02
   3.2610711e+02
   3.2620702e+02
   3.2630693e+02
   3.2640684e+02
   3.2650675e+02
   3.2660666e+02
   3.2670657e+02
   3.2680648e+02
   3.2690639e+02
   3.2700630e+02
   3.2710621e+02
   3.2720612e+02
   3.2730603e+02
   3.2740594e+02
   3.2750585e+02
   3.2760576e+02
   3.2770567e+02
   3.2780558e+02
   3.2790549e+02
   3.2800540e+02
   3.2810531e+02
   3.2820522e+02
   3.2830513e+02
   3.2840504e+02
   3.2850495e+02
   3.2860486e+02
   3.2870477e+02
   3.2880468e+02
   3.2890459e+02
   3.2900450e+02
   3.2910441e+02
   3.2920432e+02
   3.2930423e+02
   3.2940414e+02
   3.2950405e+02
   3.2960396e+02
   3.2970387e+02
   3.2980378e+02
   3.2990369e+02
   3.3000360e+02
   3.3010351e+02
   3.3020342e+02
   3.3030333e+02
   3.3040324e+02
   3.3050315e+02
   3.3060306e+02
   3.3070297e+02
   3.3080288e+02
   3.3090279e+02
   3.3100270e+02
   3.3110261e+02
   3.3120252e+02
   3.3130243e+02
   3.3140234e+02
   3.3150225e+02
   3.3160216e+02
   3.3170207e+02
   3.3180198e+02
   3.3190189e+02
   3.3200180e+02
   3.3210171e+02
   3.3220162e+02
   3.3230153e+02
   3.3240144e+02
   3.3250135e+02
   3.3260126e+02
   3.3270117e+02
   3.3280108e+02
   3.3290099e+02
   3.3300090e+02
   3.3310081e+02
   3.3320072e+02
   3.3330063e+02
   3.3340054e+02
   3.3350045e+02
   3.3360036e+02
   3.3370027e+02
   3.3380018e+02
   3.3390009e+02
   3.3400000e+02
   3.3409991e+02
   3.3419982e+02
   3.3429973e+02
   3.3439964e+02
   3.3449955e+02
   3.3459946e+02
   3.3469937e+02
   3.3479928e+02
   3.3489919e+02
   3.3499910e+02
   3.3509901e+02
   3.3519892e+02
   3.3529883e+02
   3.3539874e+02
   3.3549865e+02
   3.3559856e+02
   3.3569847e+02
   3.3579838e+02
   3.3589829e+02
   3.3599820e+02
   3.3609811e+02
   3.3619802e+02
   3.3629793e+02
   3.3639784e+02
   3.3649775e+02
   3.3659766e+02
   3.3669757e+02
   3.3679748e+02
   3.3689739e+02
   3.3699730e+02
   3.3709721e+02
   3.3719712e+02
   3.3729703e+02
   3.3739694e+02
   3.3749685e+02
   3.3759676e+02
   3.3769667e+02
   3.3779658e+02
   3.3789649e+02
   3.3799640e+02
   3.3809631e+02
   3.3819622e+02
   3.3829613e+02
   3.3839604e+02
   3.3849595e+02
   3.3859586e+02
   3.3869577e+02
   3.3879568e+02
   3.3889559e+02
   3.3899550e+02
   3.3909541e+02
   3.3919532e+02
   3.3929523e+02
   3.3939514e+02
   3.3949505e+02
   3.3959496e+02
   3.3969487e+02
   3.3979478e+02
   3.3989469e+02
   3.3999460e+02
   3.4009451e+02
   3.4019442e+02
   3.4029433e+02
   3.4039424e+02
   3.4049415e+02
   3.4059406e+02
   3.4069397e+02
   3.4079388e+02
   3.4089379e+02
   3.4099370e+02
   3.4109361e+02
   3.4119352e+02
   3.4129343e+02
   3.4139334e+02
   3.4149325e+02
   3.4159316e+02
   3.4169307e+02
   3.4179298e+02
   3.4189289e+02
   3.4199280e+02
   3.4209271e+02
   3.4219262e+02
   3.4229253e+02
   3.4239244e+02
   3.4249235e+02
   3.4259226e+02
   3.4269217e+02
   3.4279208e+02
   3.4289199e+02
   3.4299190e+02
   3.4309181e+02
   3.4319172e+02
   3.4329163e+02
   3.4339154e+02
   3.4349145e+02
   3.4359136e+02
   3.4369127e+02
   3.4379118e+02
   3.4389109e+02
   3.4399100e+02
   3.4409091e+02
   3.4419082e+02
   3.4429073e+02
   3.4439064e+02
   3.4449055e+02
   3.4459046e+02
   3.4469037e+02
   3.4479028e+02
   3.4489019e+02
   3.4499010e+02
   3.4509001e+02
   3.4518992e+02
   3.4528983e+02
   3.4538974e+02
   3.4548965e+02
   3.4558956e+02
   3.4568947e+02
   3.4578938e+02
   3.4588929e+02
   3.4598920e+02
   3.4608911e+02
   3.4618902e+02
   3.4628893e+02
   3.4638884e+02
   3.4648875e+02
   3.4658866e+02
   3.4668857e+02
   3.4678848e+02
   3.4688839e+02
   3.4698830e+02
   3.4708821e+02
   3.4718812e+02
   3.4728803e+02
   3.4738794e+02
   3.4748785e+02
   3.4758776e+02
   3.4768767e+02
   3.4778758e+02
   3.4788749e+02
   3.4798740e+02
   3.4808731e+02
   3.4818722e+02
   3.4828713e+02
   3.4838704e+02
   3.4848695e+02
   3.4858686e+02
   3.4868677e+02
   3.4878668e+02
   3.4888659e+02
   3.4898650e+02
   3.4908641e+02
   3.4918632e+02
   3.4928623e+02
   3.4938614e+02
   3.4948605e+02
   3.4958596e+02
   3.4968587e+02
   3.4978578e+02
   3.4988569e+02
   3.4998560e+02
   3.5008551e+02
   3.5018542e+02
   3.5028533e+02
   3.5038524e+02
   3.5048515e+02
   3.5058506e+02
   3.5068497e+02
   3.5078488e+02
   3.5088479e+02
   3.5098470e+02
   3.5108461e+02
   3.5118452e+02
   3.5128443e+02
   3.5138434e+02
   3.5148425e+02
   3.5158416e+02
   3.5168407e+02
   3.5178398e+02
   3.5188389e+02
   3.5198380e+02
   3.5208371e+02
   3.5218362e+02
   3.5228353e+02
   3.5238344e+02
   3.5248335e+02
   3.5258326e+02
   3.5268317e+02
   3.5278308e+02
   3.5288299e+02
   3.5298290e+02
   3.5308281e+02
   3.5318272e+02
   3.5328263e+02
   3.5338254e+02
   3.5348245e+02
   3.5358236e+02
   3.5368227e+02
   3.5378218e+02
   3.5388209e+02
   3.5398200e+02
   3.5408191e+02
   3.5418182e+02
   3.5428173e+02
   3.5438164e+02
   3.5448155e+02
   3.5458146e+02
   3.5468137e+02
   3.5478128e+02
   3.5488119e+02
   3.5498110e+02
   3.5508101e+02
   3.5518092e+02
   3.5528083e+02
   3.5538074e+02
   3.5548065e+02
   3.5558056e+02
   3.5568047e+02
   3.5578038e+02
   3.5588029e+02
   3.5598020e+02
   3.5608011e+02
   3.5618002e+02
   3.5627993e+02
   3.5637984e+02
   3.5647975e+02
   3.5657966e+02
   3.5667957e+02
   3.5677948e+02
   3.5687939e+02
   3.5697930e+02
   3.5707921e+02
   3.5717912e+02
   3.5727903e+02
   3.5737894e+02
   3.5747885e+02
   3.5757876e+02
   3.5767867e+02
   3.5777858e+02
   3.5787849e+02
   3.5797840e+02
   3.5807831e+02
   3.5817822e+02
   3.5827813e+02
   3.5837804e+02
   3.5847795e+02
   3.5857786e+02
   3.5867777e+02
   3.5877768e+02
   3.5887759e+02
   3.5897750e+02
   3.5907741e+02
   3.5917732e+02
   3.5927723e+02
   3.5937714e+02
   3.5947705e+02
   3.5957696e+02
   3.5967687e+02
   3.5977678e+02
   3.5987669e+02
   3.5997660e+02
   3.6007651e+02
   3.6017642e+02
   3.6027633e+02
   3.6037624e+02
   3.6047615e+02
   3.6057606e+02
   3.6067597e+02
   3.6077588e+02
   3.6087579e+02
   3.6097570e+02
   3.6107561e+02
   3.6117552e+02
   3.6127543e+02
   3.6137534e+02
   3.6147525e+02
   3.6157516e+02
   3.6167507e+02
   3.6177498e+02
   3.6187489e+02
   3.6197480e+02
   3.6207471e+02
   3.6217462e+02
   3.6227453e+02
   3.6237444e+02
   3.6247435e+02
   3.6257426e+02
   3.6267417e+02
   3.6277408e+02
   3.6287399e+02
   3.6297390e+02
   3.6307381e+02
   3.6317372e+02
   3.6327363e+02
   3.6337354e+02
   3.6347345e+02
   3.6357336e+02
   3.6367327e+02
   3.6377318e+02
   3.6387309e+02
   3.6397300e+02
   3.6407291e+02
   3.6417282e+02
   3.6427273e+02
   3.6437264e+02
   3.6447255e+02
   3.6457246e+02
   3.6467237e+02
   3.6477228e+02
   3.6487219e+02
   3.6497210e+02
   3.6507201e+02
   3.6517192e+02
   3.6527183e+02
   3.6537174e+02
   3.6547165e+02
   3.6557156e+02
   3.6567147e+02
   3.6577138e+02
   3.6587129e+02
   3.6597120e+02
   3.6607111e+02
   3.6617102e+02
   3.6627093e+02
   3.6637084e+02
   3.6647075e+02
   3.6657066e+02
   3.6667057e+02
   3.6677048e+02
   3.6687039e+02
   3.6697030e+02
   3.6707021e+02
   3.6717012e+02
   3.6727003e+02
   3.6736994e+02
   3.6746985e+02
   3.6756976e+02
   3.6766967e+02
   3.6776958e+02
   3.6786949e+02
   3.6796940e+02
   3.6806931e+02
   3.6816922e+02
   3.6826913e+02
   3.6836904e+02
   3.6846895e+02
   3.6856886e+02
   3.6866877e+02
   3.6876868e+02
   3.6886859e+02
   3.6896850e+02
   3.6906841e+02
   3.6916832e+02
   3.6926823e+02
   3.6936814e+02
   3.6946805e+02
   3.6956796e+02
   3.6966787e+02
   3.6976778e+02
   3.6986769e+02
   3.6996760e+02
   3.7006751e+02
   3.7016742e+02
   3.7026733e+02
   3.7036724e+02
   3.7046715e+02
   3.7056706e+02
   3.7066697e+02
   3.7076688e+02
   3.7086679e+02
   3.7096670e+02
   3.7106661e+02
   3.7116652e+02
   3.7126643e+02
   3.7136634e+02
   3.7146625e+02
   3.7156616e+02
   3.7166607e+02
   3.7176598e+02
   3.7186589e+02
   3.7196580e+02
   3.7206571e+02
   3.7216562e+02
   3.7226553e+02
   3.7236544e+02
   3.7246535e+02
   3.7256526e+02
   3.7266517e+02
   3.7276508e+02
   3.7286499e+02
   3.7296490e+02
   3.7306481e+02
   3.7316472e+02
   3.7326463e+02
   3.7336454e+02
   3.7346445e+02
   3.7356436e+02
   3.7366427e+02
   3.7376418e+02
   3.7386409e+02
   3.7396400e+02
   3.7406391e+02
   3.7416382e+02
   3.7426373e+02
   3.7436364e+02
   3.7446355e+02
   3.7456346e+02
   3.7466337e+02
   3.7476328e+02
   3.7486319e+02
   3.7496310e+02
   3.7506301e+02
   3.7516292e+02
   3.7526283e+02
   3.7536274e+02
   3.7546265e+02
   3.7556256e+02
   3.7566247e+02
   3.7576238e+02
   3.7586229e+02
   3.7596220e+02
   3.7606211e+02
   3.7616202e+02
   3.7626193e+02
   3.7636184e+02
   3.7646175e+02
   3.7656166e+02
   3.7666157e+02
   3.7676148e+02
   3.7686139e+02
   3.7696130e+02
   3.7706121e+02
   3.7716112e+02
   3.7726103e+02
   3.7736094e+02
   3.7746085e+02
   3.7756076e+02
   3.7766067e+02
   3.7776058e+02
   3.7786049e+02
   3.7796040e+02
   3.7806031e+02
   3.7816022e+02
   3.7826013e+02
   3.7836004e+02
   3.7845995e+02
   3.7855986e+02
   3.7865977e+02
   3.7875968e+02
   3.7885959e+02
   3.7895950e+02
   3.7905941e+02
   3.7915932e+02
   3.7925923e+02
   3.7935914e+02
   3.7945905e+02
   3.7955896e+02
   3.7965887e+02
   3.7975878e+02
   3.7985869e+02
   3.7995860e+02
   3.8005851e+02
   3.8015842e+02
   3.8025833e+02
   3.8035824e+02
   3.8045815e+02
   3.8055806e+02
   3.8065797e+02
   3.8075788e+02
   3.8085779e+02
   3.8095770e+02
   3.8105761e+02
   3.8115752e+02
   3.8125743e+02
   3.8135734e+02
   3.8145725e+02
   3.8155716e+02
   3.8165707e+02
   3.8175698e+02
   3.8185689e+02
   3.8195680e+02
   3.8205671e+02
   3.8215662e+02
   3.8225653e+02
   3.8235644e+02
   3.8245635e+02
   3.8255626e+02
   3.8265617e+02
   3.8275608e+02
   3.8285599e+02
   3.8295590e+02
   3.8305581e+02
   3.8315572e+02
   3.8325563e+02
   3.8335554e+02
   3.8345545e+02
   3.8355536e+02
   3.8365527e+02
   3.8375518e+02
   3.8385509e+02
   3.8395500e+02
   3.8405491e+02
   3.8415482e+02
   3.8425473e+02
   3.8435464e+02
   3.8445455e+02
   3.8455446e+02
   3.8465437e+02
   3.8475428e+02
   3.8485419e+02
   3.8495410e+02
   3.8505401e+02
   3.8515392e+02
   3.8525383e+02
   3.8535374e+02
   3.8545365e+02
   3.8555356e+02
   3.8565347e+02
   3.8575338e+02
   3.8585329e+02
   3.8595320e+02
   3.8605311e+02
   3.8615302e+02
   3.8625293e+02
   3.8635284e+02
   3.8645275e+02
   3.8655266e+02
   3.8665257e+02
   3.8675248e+02
   3.8685239e+02
   3.8695230e+02
   3.8705221e+02
   3.8715212e+02
   3.8725203e+02
   3.8735194e+02
   3.8745185e+02
   3.8755176e+02
   3.8765167e+02
   3.8775158e+02
   3.8785149e+02
   3.8795140e+02
   3.8805131e+02
   3.8815122e+02
   3.8825113e+02
   3.8835104e+02
   3.8845095e+02
   3.8855086e+02
   3.8865077e+02
   3.8875068e+02
   3.8885059e+02
   3.8895050e+02
   3.8905041e+02
   3.8915032e+02
   3.8925023e+02
   3.8935014e+02
   3.8945005e+02
   3.8954995e+02
   3.8964986e+02
   3.8974977e+02
   3.8984968e+02
   3.8994959e+02
   3.9004950e+02
   3.9014941e+02
   3.9024932e+02
   3.9034923e+02
   3.9044914e+02
   3.9054905e+02
   3.9064896e+02
   3.9074887e+02
   3.9084878e+02
   3.9094869e+02
   3.9104860e+02
   3.9114851e+02
   3.9124842e+02
   3.9134833e+02
   3.9144824e+02
   3.9154815e+02
   3.9164806e+02
   3.9174797e+02
   3.9184788e+02
   3.9194779e+02
   3.9204770e+02
   3.9214761e+02
   3.9224752e+02
   3.9234743e+02
   3.9244734e+02
   3.9254725e+02
   3.9264716e+02
   3.9274707e+02
   3.9284698e+02
   3.9294689e+02
   3.9304680e+02
   3.9314671e+02
   3.9324662e+02
   3.9334653e+02
   3.9344644e+02
   3.9354635e+02
   3.9364626e+02
   3.9374617e+02
   3.9384608e+02
   3.9394599e+02
   3.9404590e+02
   3.9414581e+02
   3.9424572e+02
   3.9434563e+02
   3.9444554e+02
   3.9454545e+02
   3.9464536e+02
   3.9474527e+02
   3.9484518e+02
   3.9494509e+02
   3.9504500e+02
   3.9514491e+02
   3.9524482e+02
   3.9534473e+02
   3.9544464e+02
   3.9554455e+02
   3.9564446e+02
   3.9574437e+02
   3.9584428e+02
   3.9594419e+02
   3.9604410e+02
   3.9614401e+02
   3.9624392e+02
   3.9634383e+02
   3.9644374e+02
   3.9654365e+02
   3.9664356e+02
   3.9674347e+02
   3.9684338e+02
   3.9694329e+02
   3.9704320e+02
   3.9714311e+02
   3.9724302e+02
   3.9734293e+02
   3.9744284e+02
   3.9754275e+02
   3.9764266e+02
   3.9774257e+02
   3.9784248e+02
   3.9794239e+02
   3.9804230e+02
   3.9814221e+02
   3.9824212e+02
   3.9834203e+02
   3.9844194e+02
   3.9854185e+02
   3.9864176e+02
   3.9874167e+02
   3.9884158e+02
   3.9894149e+02
   3.9904140e+02
   3.9914131e+02
   3.9924122e+02
   3.9934113e+02
   3.9944104e+02
   3.9954095e+02
   3.9964086e+02
   3.9974077e+02
   3.9984068e+02
   3.9994059e+02
   4.0004050e+02
   4.0014041e+02
   4.0024032e+02
   4.0034023e+02
   4.0044014e+02
   4.0054005e+02
   4.0063996e+02
   4.0073987e+02
   4.0083978e+02
   4.0093969e+02
   4.0103960e+02
   4.0113951e+02
   4.0123942e+02
   4.0133933e+02
   4.0143924e+02
   4.0153915e+02
   4.0163906e+02
   4.0173897e+02
   4.0183888e+02
   4.0193879e+02
   4.0203870e+02
   4.0213861e+02
   4.0223852e+02
   4.0233843e+02
   4.0243834e+02
   4.0253825e+02
   4.0263816e+02
   4.0273807e+02
   4.0283798e+02
   4.0293789e+02
   4.0303780e+02
   4.0313771e+02
   4.0323762e+02
   4.0333753e+02
   4.0343744e+02
   4.0353735e+02
   4.0363726e+02
   4.0373717e+02
   4.0383708e+02
   4.0393699e+02
   4.0403690e+02
   4.0413681e+02
   4.0423672e+02
   4.0433663e+02
   4.0443654e+02
   4.0453645e+02
   4.0463636e+02
   4.0473627e+02
   4.0483618e+02
   4.0493609e+02
   4.0503600e+02
   4.0513591e+02
   4.0523582e+02
   4.0533573e+02
   4.0543564e+02
   4.0553555e+02
   4.0563546e+02
   4.0573537e+02
   4.0583528e+02
   4.0593519e+02
   4.0603510e+02
   4.0613501e+02
   4.0623492e+02
   4.0633483e+02
   4.0643474e+02
   4.0653465e+02
   4.0663456e+02
   4.0673447e+02
   4.0683438e+02
   4.0693429e+02
   4.0703420e+02
   4.0713411e+02
   4.0723402e+02
   4.0733393e+02
   4.0743384e+02
   4.0753375e+02
   4.0763366e+02
   4.0773357e+02
   4.0783348e+02
   4.0793339e+02
   4.0803330e+02
   4.0813321e+02
   4.0823312e+02
   4.0833303e+02
   4.0843294e+02
   4.0853285e+02
   4.0863276e+02
   4.0873267e+02
   4.0883258e+02
   4.0893249e+02
   4.0903240e+02
   4.0913231e+02
   4.0923222e+02
   4.0933213e+02
   4.0943204e+02
   4.0953195e+02
   4.0963186e+02
   4.0973177e+02
   4.0983168e+02
   4.0993159e+02
   4.1003150e+02
   4.1013141e+02
   4.1023132e+02
   4.1033123e+02
   4.1043114e+02
   4.1053105e+02
   4.1063096e+02
   4.1073087e+02
   4.1083078e+02
   4.1093069e+02
   4.1103060e+02
   4.1113051e+02
   4.1123042e+02
   4.1133033e+02
   4.1143024e+02
   4.1153015e+02
   4.1163006e+02
   4.1172997e+02
   4.1182988e+02
   4.1192979e+02
   4.1202970e+02
   4.1212961e+02
   4.1222952e+02
   4.1232943e+02
   4.1242934e+02
   4.1252925e+02
   4.1262916e+02
   4.1272907e+02
   4.1282898e+02
   4.1292889e+02
   4.1302880e+02
   4.1312871e+02
   4.1322862e+02
   4.1332853e+02
   4.1342844e+02
   4.1352835e+02
   4.1362826e+02
   4.1372817e+02
   4.1382808e+02
   4.1392799e+02
   4.1402790e+02
   4.1412781e+02
   4.1422772e+02
   4.1432763e+02
   4.1442754e+02
   4.1452745e+02
   4.1462736e+02
   4.1472727e+02
   4.1482718e+02
   4.1492709e+02
   4.1502700e+02
   4.1512691e+02
   4.1522682e+02
   4.1532673e+02
   4.1542664e+02
   4.1552655e+02
   4.1562646e+02
   4.1572637e+02
   4.1582628e+02
   4.1592619e+02
   4.1602610e+02
   4.1612601e+02
   4.1622592e+02
   4.1632583e+02
   4.1642574e+02
   4.1652565e+02
   4.1662556e+02
   4.1672547e+02
   4.1682538e+02
   4.1692529e+02
   4.1702520e+02
   4.1712511e+02
   4.1722502e+02
   4.1732493e+02
   4.1742484e+02
   4.1752475e+02
   4.1762466e+02
   4.1772457e+02
   4.1782448e+02
   4.1792439e+02
   4.1802430e+02
   4.1812421e+02
   4.1822412e+02
   4.1832403e+02
   4.1842394e+02
   4.1852385e+02
   4.1862376e+02
   4.1872367e+02
   4.1882358e+02
   4.1892349e+02
   4.1902340e+02
   4.1912331e+02
   4.1922322e+02
   4.1932313e+02
   4.1942304e+02
   4.1952295e+02
   4.1962286e+02
   4.1972277e+02
   4.1982268e+02
   4.1992259e+02
   4.2002250e+02
   4.2012241e+02
   4.2022232e+02
   4.2032223e+02
   4.2042214e+02
   4.2052205e+02
   4.2062196e+02
   4.2072187e+02
   4.2082178e+02
   4.2092169e+02
   4.2102160e+02
   4.2112151e+02
   4.2122142e+02
   4.2132133e+02
   4.2142124e+02
   4.2152115e+02
   4.2162106e+02
   4.2172097e+02
   4.2182088e+02
   4.2192079e+02
   4.2202070e+02
   4.2212061e+02
   4.2222052e+02
   4.2232043e+02
   4.2242034e+02
   4.2252025e+02
   4.2262016e+02
   4.2272007e+02
   4.2281998e+02
   4.2291989e+02
   4.2301980e+02
   4.2311971e+02
   4.2321962e+02
   4.2331953e+02
   4.2341944e+02
   4.2351935e+02
   4.2361926e+02
   4.2371917e+02
   4.2381908e+02
   4.2391899e+02
   4.2401890e+02
   4.2411881e+02
   4.2421872e+02
   4.2431863e+02
   4.2441854e+02
   4.2451845e+02
   4.2461836e+02
   4.2471827e+02
   4.2481818e+02
   4.2491809e+02
   4.2501800e+02
   4.2511791e+02
   4.2521782e+02
   4.2531773e+02
   4.2541764e+02
   4.2551755e+02
   4.2561746e+02
   4.2571737e+02
   4.2581728e+02
   4.2591719e+02
   4.2601710e+02
   4.2611701e+02
   4.2621692e+02
   4.2631683e+02
   4.2641674e+02
   4.2651665e+02
   4.2661656e+02
   4.2671647e+02
   4.2681638e+02
   4.2691629e+02
   4.2701620e+02
   4.2711611e+02
   4.2721602e+02
   4.2731593e+02
   4.2741584e+02
   4.2751575e+02
   4.2761566e+02
   4.2771557e+02
   4.2781548e+02
   4.2791539e+02
   4.2801530e+02
   4.2811521e+02
   4.2821512e+02
   4.2831503e+02
   4.2841494e+02
   4.2851485e+02
   4.2861476e+02
   4.2871467e+02
   4.2881458e+02
   4.2891449e+02
   4.2901440e+02
   4.2911431e+02
   4.2921422e+02
   4.2931413e+02
   4.2941404e+02
   4.2951395e+02
   4.2961386e+02
   4.2971377e+02
   4.2981368e+02
   4.2991359e+02
   4.3001350e+02
   4.3011341e+02
   4.3021332e+02
   4.3031323e+02
   4.3041314e+02
   4.3051305e+02
   4.3061296e+02
   4.3071287e+02
   4.3081278e+02
   4.3091269e+02
   4.3101260e+02
   4.3111251e+02
   4.3121242e+02
   4.3131233e+02
   4.3141224e+02
   4.3151215e+02
   4.3161206e+02
   4.3171197e+02
   4.3181188e+02
   4.3191179e+02
   4.3201170e+02
   4.3211161e+02
   4.3221152e+02
   4.3231143e+02
   4.3241134e+02
   4.3251125e+02
   4.3261116e+02
   4.3271107e+02
   4.3281098e+02
   4.3291089e+02
   4.3301080e+02
   4.3311071e+02
   4.3321062e+02
   4.3331053e+02
   4.3341044e+02
   4.3351035e+02
   4.3361026e+02
   4.3371017e+02
   4.3381008e+02
   4.3390999e+02
   4.3400990e+02
   4.3410981e+02
   4.3420972e+02
   4.3430963e+02
   4.3440954e+02
   4.3450945e+02
   4.3460936e+02
   4.3470927e+02
   4.3480918e+02
   4.3490909e+02
   4.3500900e+02
   4.3510891e+02
   4.3520882e+02
   4.3530873e+02
   4.3540864e+02
   4.3550855e+02
   4.3560846e+02
   4.3570837e+02
   4.3580828e+02
   4.3590819e+02
   4.3600810e+02
   4.3610801e+02
   4.3620792e+02
   4.3630783e+02
   4.3640774e+02
   4.3650765e+02
   4.3660756e+02
   4.3670747e+02
   4.3680738e+02
   4.3690729e+02
   4.3700720e+02
   4.3710711e+02
   4.3720702e+02
   4.3730693e+02
   4.3740684e+02
   4.3750675e+02
   4.3760666e+02
   4.3770657e+02
   4.3780648e+02
   4.3790639e+02
   4.3800630e+02
   4.3810621e+02
   4.3820612e+02
   4.3830603e+02
   4.3840594e+02
   4.3850585e+02
   4.3860576e+02
   4.3870567e+02
   4.3880558e+02
   4.3890549e+02
   4.3900540e+02
   4.3910531e+02
   4.3920522e+02
   4.3930513e+02
   4.3940504e+02
   4.3950495e+02
   4.3960486e+02
   4.3970477e+02
   4.3980468e+02
   4.3990459e+02
   4.4000450e+02
   4.4010441e+02
   4.4020432e+02
   4.4030423e+02
   4.4040414e+02
   4.4050405e+02
   4.4060396e+02
   4.4070387e+02
   4.4080378e+02
   4.4090369e+02
   4.4100360e+02
   4.4110351e+02
   4.4120342e+02
   4.4130333e+02
   4.4140324e+02
   4.4150315e+02
   4.4160306e+02
   4.4170297e+02
   4.4180288e+02
   4.4190279e+02
   4.4200270e+02
   4.4210261e+02
   4.4220252e+02
   4.4230243e+02
   4.4240234e+02
   4.4250225e+02
   4.4260216e+02
   4.4270207e+02
   4.4280198e+02
   4.4290189e+02
   4.4300180e+02
   4.4310171e+02
   4.4320162e+02
   4.4330153e+02
   4.4340144e+02
   4.4350135e+02
   4.4360126e+02
   4.4370117e+02
   4.4380108e+02
   4.4390099e+02
   4.4400090e+02
   4.4410081e+02
   4.4420072e+02
   4.4430063e+02
   4.4440054e+02
   4.4450045e+02
   4.4460036e+02
   4.4470027e+02
   4.4480018e+02
   4.4490009e+02
   4.4500000e+02
   4.4509991e+02
   4.4519982e+02
   4.4529973e+02
   4.4539964e+02
   4.4549955e+02
   4.4559946e+02
   4.4569937e+02
   4.4579928e+02
   4.4589919e+02
   4.4599910e+02
   4.4609901e+02
   4.4619892e+02
   4.4629883e+02
   4.4639874e+02
   4.4649865e+02
   4.4659856e+02
   4.4669847e+02
   4.4679838e+02
   4.4689829e+02
   4.4699820e+02
   4.4709811e+02
   4.4719802e+02
   4.4729793e+02
   4.4739784e+02
   4.4749775e+02
   4.4759766e+02
   4.4769757e+02
   4.4779748e+02
   4.4789739e+02
   4.4799730e+02
   4.4809721e+02
   4.4819712e+02
   4.4829703e+02
   4.4839694e+02
   4.4849685e+02
   4.4859676e+02
   4.4869667e+02
   4.4879658e+02
   4.4889649e+02
   4.4899640e+02
   4.4909631e+02
   4.4919622e+02
   4.4929613e+02
   4.4939604e+02
   4.4949595e+02
   4.4959586e+02
   4.4969577e+02
   4.4979568e+02
   4.4989559e+02
   4.4999550e+02
   4.5009541e+02
   4.5019532e+02
   4.5029523e+02
   4.5039514e+02
   4.5049505e+02
   4.5059496e+02
   4.5069487e+02
   4.5079478e+02
   4.5089469e+02
   4.5099460e+02
   4.5109451e+02
   4.5119442e+02
   4.5129433e+02
   4.5139424e+02
   4.5149415e+02
   4.5159406e+02
   4.5169397e+02
   4.5179388e+02
   4.5189379e+02
   4.5199370e+02
   4.5209361e+02
   4.5219352e+02
   4.5229343e+02
   4.5239334e+02
   4.5249325e+02
   4.5259316e+02
   4.5269307e+02
   4.5279298e+02
   4.5289289e+02
   4.5299280e+02
   4.5309271e+02
   4.5319262e+02
   4.5329253e+02
   4.5339244e+02
   4.5349235e+02
   4.5359226e+02
   4.5369217e+02
   4.5379208e+02
   4.5389199e+02
   4.5399190e+02
   4.5409181e+02
   4.5419172e+02
   4.5429163e+02
   4.5439154e+02
   4.5449145e+02
   4.5459136e+02
   4.5469127e+02
   4.5479118e+02
   4.5489109e+02
   4.5499100e+02
   4.5509091e+02
   4.5519082e+02
   4.5529073e+02
   4.5539064e+02
   4.5549055e+02
   4.5559046e+02
   4.5569037e+02
   4.5579028e+02
   4.5589019e+02
   4.5599010e+02
   4.5609001e+02
   4.5618992e+02
   4.5628983e+02
   4.5638974e+02
   4.5648965e+02
   4.5658956e+02
   4.5668947e+02
   4.5678938e+02
   4.5688929e+02
   4.5698920e+02
   4.5708911e+02
   4.5718902e+02
   4.5728893e+02
   4.5738884e+02
   4.5748875e+02
   4.5758866e+02
   4.5768857e+02
   4.5778848e+02
   4.5788839e+02
   4.5798830e+02
   4.5808821e+02
   4.5818812e+02
   4.5828803e+02
   4.5838794e+02
   4.5848785e+02
   4.5858776e+02
   4.5868767e+02
   4.5878758e+02
   4.5888749e+02
   4.5898740e+02
   4.5908731e+02
   4.5918722e+02
   4.5928713e+02
   4.5938704e+02
   4.5948695e+02
   4.5958686e+02
   4.5968677e+02
   4.5978668e+02
   4.5988659e+02
   4.5998650e+02
   4.6008641e+02
   4.6018632e+02
   4.6028623e+02
   4.6038614e+02
   4.6048605e+02
   4.6058596e+02
   4.6068587e+02
   4.6078578e+02
   4.6088569e+02
   4.6098560e+02
   4.6108551e+02
   4.6118542e+02
   4.6128533e+02
   4.6138524e+02
   4.6148515e+02
   4.6158506e+02
   4.6168497e+02
   4.6178488e+02
   4.6188479e+02
   4.6198470e+02
   4.6208461e+02
   4.6218452e+02
   4.6228443e+02
   4.6238434e+02
   4.6248425e+02
   4.6258416e+02
   4.6268407e+02
   4.6278398e+02
   4.6288389e+02
   4.6298380e+02
   4.6308371e+02
   4.6318362e+02
   4.6328353e+02
   4.6338344e+02
   4.6348335e+02
   4.6358326e+02
   4.6368317e+02
   4.6378308e+02
   4.6388299e+02
   4.6398290e+02
   4.6408281e+02
   4.6418272e+02
   4.6428263e+02
   4.6438254e+02
   4.6448245e+02
   4.6458236e+02
   4.6468227e+02
   4.6478218e+02
   4.6488209e+02
   4.6498200e+02
   4.6508191e+02
   4.6518182e+02
   4.6528173e+02
   4.6538164e+02
   4.6548155e+02
   4.6558146e+02
   4.6568137e+02
   4.6578128e+02
   4.6588119e+02
   4.6598110e+02
   4.6608101e+02
   4.6618092e+02
   4.6628083e+02
   4.6638074e+02
   4.6648065e+02
   4.6658056e+02
   4.6668047e+02
   4.6678038e+02
   4.6688029e+02
   4.6698020e+02
   4.6708011e+02
   4.6718002e+02
   4.6727993e+02
   4.6737984e+02
   4.6747975e+02
   4.6757966e+02
   4.6767957e+02
   4.6777948e+02
   4.6787939e+02
   4.6797930e+02
   4.6807921e+02
   4.6817912e+02
   4.6827903e+02
   4.6837894e+02
   4.6847885e+02
   4.6857876e+02
   4.6867867e+02
   4.6877858e+02
   4.6887849e+02
   4.6897840e+02
   4.6907831e+02
   4.6917822e+02
   4.6927813e+02
   4.6937804e+02
   4.6947795e+02
   4.6957786e+02
   4.6967777e+02
   4.6977768e+02
   4.6987759e+02
   4.6997750e+02
   4.7007741e+02
   4.7017732e+02
   4.7027723e+02
   4.7037714e+02
   4.7047705e+02
   4.7057696e+02
   4.7067687e+02
   4.7077678e+02
   4.7087669e+02
   4.7097660e+02
   4.7107651e+02
   4.7117642e+02
   4.7127633e+02
   4.7137624e+02
   4.7147615e+02
   4.7157606e+02
   4.7167597e+02
   4.7177588e+02
   4.7187579e+02
   4.7197570e+02
   4.7207561e+02
   4.7217552e+02
   4.7227543e+02
   4.7237534e+02
   4.7247525e+02
   4.7257516e+02
   4.7267507e+02
   4.7277498e+02
   4.7287489e+02
   4.7297480e+02
   4.7307471e+02
   4.7317462e+02
   4.7327453e+02
   4.7337444e+02
   4.7347435e+02
   4.7357426e+02
   4.7367417e+02
   4.7377408e+02
   4.7387399e+02
   4.7397390e+02
   4.7407381e+02
   4.7417372e+02
   4.7427363e+02
   4.7437354e+02
   4.7447345e+02
   4.7457336e+02
   4.7467327e+02
   4.7477318e+02
   4.7487309e+02
   4.7497300e+02
   4.7507291e+02
   4.7517282e+02
   4.7527273e+02
   4.7537264e+02
   4.7547255e+02
   4.7557246e+02
   4.7567237e+02
   4.7577228e+02
   4.7587219e+02
   4.7597210e+02
   4.7607201e+02
   4.7617192e+02
   4.7627183e+02
   4.7637174e+02
   4.7647165e+02
   4.7657156e+02
   4.7667147e+02
   4.7677138e+02
   4.7687129e+02
   4.7697120e+02
   4.7707111e+02
   4.7717102e+02
   4.7727093e+02
   4.7737084e+02
   4.7747075e+02
   4.7757066e+02
   4.7767057e+02
   4.7777048e+02
   4.7787039e+02
   4.7797030e+02
   4.7807021e+02
   4.7817012e+02
   4.7827003e+02
   4.7836994e+02
   4.7846985e+02
   4.7856976e+02
   4.7866967e+02
   4.7876958e+02
   4.7886949e+02
   4.7896940e+02
   4.7906931e+02
   4.7916922e+02
   4.7926913e+02
   4.7936904e+02
   4.7946895e+02
   4.7956886e+02
   4.7966877e+02
   4.7976868e+02
   4.7986859e+02
   4.7996850e+02
   4.8006841e+02
   4.8016832e+02
   4.8026823e+02
   4.8036814e+02
   4.8046805e+02
   4.8056796e+02
   4.8066787e+02
   4.8076778e+02
   4.8086769e+02
   4.8096760e+02
   4.8106751e+02
   4.8116742e+02
   4.8126733e+02
   4.8136724e+02
   4.8146715e+02
   4.8156706e+02
   4.8166697e+02
   4.8176688e+02
   4.8186679e+02
   4.8196670e+02
   4.8206661e+02
   4.8216652e+02
   4.8226643e+02
   4.8236634e+02
   4.8246625e+02
   4.8256616e+02
   4.8266607e+02
   4.8276598e+02
   4.8286589e+02
   4.8296580e+02
   4.8306571e+02
   4.8316562e+02
   4.8326553e+02
   4.8336544e+02
   4.8346535e+02
   4.8356526e+02
   4.8366517e+02
   4.8376508e+02
   4.8386499e+02
   4.8396490e+02
   4.8406481e+02
   4.8416472e+02
   4.8426463e+02
   4.8436454e+02
   4.8446445e+02
   4.8456436e+02
   4.8466427e+02
   4.8476418e+02
   4.8486409e+02
   4.8496400e+02
   4.8506391e+02
   4.8516382e+02
   4.8526373e+02
   4.8536364e+02
   4.8546355e+02
   4.8556346e+02
   4.8566337e+02
   4.8576328e+02
   4.8586319e+02
   4.8596310e+02
   4.8606301e+02
   4.8616292e+02
   4.8626283e+02
   4.8636274e+02
   4.8646265e+02
   4.8656256e+02
   4.8666247e+02
   4.8676238e+02
   4.8686229e+02
   4.8696220e+02
   4.8706211e+02
   4.8716202e+02
   4.8726193e+02
   4.8736184e+02
   4.8746175e+02
   4.8756166e+02
   4.8766157e+02
   4.8776148e+02
   4.8786139e+02
   4.8796130e+02
   4.8806121e+02
   4.8816112e+02
   4.8826103e+02
   4.8836094e+02
   4.8846085e+02
   4.8856076e+02
   4.8866067e+02
   4.8876058e+02
   4.8886049e+02
   4.8896040e+02
   4.8906031e+02
   4.8916022e+02
   4.8926013e+02
   4.8936004e+02
   4.8945995e+02
   4.8955986e+02
   4.8965977e+02
   4.8975968e+02
   4.8985959e+02
   4.8995950e+02
   4.9005941e+02
   4.9015932e+02
   4.9025923e+02
   4.9035914e+02
   4.9045905e+02
   4.9055896e+02
   4.9065887e+02
   4.9075878e+02
   4.9085869e+02
   4.9095860e+02
   4.9105851e+02
   4.9115842e+02
   4.9125833e+02
   4.9135824e+02
   4.9145815e+02
   4.9155806e+02
   4.9165797e+02
   4.9175788e+02
   4.9185779e+02
   4.9195770e+02
   4.9205761e+02
   4.9215752e+02
   4.9225743e+02
   4.9235734e+02
   4.9245725e+02
   4.9255716e+02
   4.9265707e+02
   4.9275698e+02
   4.9285689e+02
   4.9295680e+02
   4.9305671e+02
   4.9315662e+02
   4.9325653e+02
   4.9335644e+02
   4.9345635e+02
   4.9355626e+02
   4.9365617e+02
   4.9375608e+02
   4.9385599e+02
   4.9395590e+02
   4.9405581e+02
   4.9415572e+02
   4.9425563e+02
   4.9435554e+02
   4.9445545e+02
   4.9455536e+02
   4.9465527e+02
   4.9475518e+02
   4.9485509e+02
   4.9495500e+02
   4.9505491e+02
   4.9515482e+02
   4.9525473e+02
   4.9535464e+02
   4.9545455e+02
   4.9555446e+02
   4.9565437e+02
   4.9575428e+02
   4.9585419e+02
   4.9595410e+02
   4.9605401e+02
   4.9615392e+02
   4.9625383e+02
   4.9635374e+02
   4.9645365e+02
   4.9655356e+02
   4.9665347e+02
   4.9675338e+02
   4.9685329e+02
   4.9695320e+02
   4.9705311e+02
   4.9715302e+02
   4.9725293e+02
   4.9735284e+02
   4.9745275e+02
   4.9755266e+02
   4.9765257e+02
   4.9775248e+02
   4.9785239e+02
   4.9795230e+02
   4.9805221e+02
   4.9815212e+02
   4.9825203e+02
   4.9835194e+02
   4.9845185e+02
   4.9855176e+02
   4.9865167e+02
   4.9875158e+02
   4.9885149e+02
   4.9895140e+02
   4.9905131e+02
   4.9915122e+02
   4.9925113e+02
   4.9935104e+02
   4.9945095e+02
   4.9955086e+02
   4.9965077e+02
   4.9975068e+02
   4.9985059e+02
   4.9995050e+02
   5.0005041e+02
   5.0015032e+02
   5.0025023e+02
   5.0035014e+02
   5.0045005e+02
   5.0054995e+02
   5.0064986e+02
   5.0074977e+02
   5.0084968e+02
   5.0094959e+02
   5.0104950e+02
   5.0114941e+02
   5.0124932e+02
   5.0134923e+02
   5.0144914e+02
   5.0154905e+02
   5.0164896e+02
   5.0174887e+02
   5.0184878e+02
   5.0194869e+02
   5.0204860e+02
   5.0214851e+02
   5.0224842e+02
   5.0234833e+02
   5.0244824e+02
   5.0254815e+02
   5.0264806e+02
   5.0274797e+02
   5.0284788e+02
   5.0294779e+02
   5.0304770e+02
   5.0314761e+02
   5.0324752e+02
   5.0334743e+02
   5.0344734e+02
   5.0354725e+02
   5.0364716e+02
   5.0374707e+02
   5.0384698e+02
   5.0394689e+02
   5.0404680e+02
   5.0414671e+02
   5.0424662e+02
   5.0434653e+02
   5.0444644e+02
   5.0454635e+02
   5.0464626e+02
   5.0474617e+02
   5.0484608e+02
   5.0494599e+02
   5.0504590e+02
   5.0514581e+02
   5.0524572e+02
   5.0534563e+02
   5.0544554e+02
   5.0554545e+02
   5.0564536e+02
   5.0574527e+02
   5.0584518e+02
   5.0594509e+02
   5.0604500e+02
   5.0614491e+02
   5.0624482e+02
   5.0634473e+02
   5.0644464e+02
   5.0654455e+02
   5.0664446e+02
   5.0674437e+02
   5.0684428e+02
   5.0694419e+02
   5.0704410e+02
   5.0714401e+02
   5.0724392e+02
   5.0734383e+02
   5.0744374e+02
   5.0754365e+02
   5.0764356e+02
   5.0774347e+02
   5.0784338e+02
   5.0794329e+02
   5.0804320e+02
   5.0814311e+02
   5.0824302e+02
   5.0834293e+02
   5.0844284e+02
   5.0854275e+02
   5.0864266e+02
   5.0874257e+02
   5.0884248e+02
   5.0894239e+02
   5.0904230e+02
   5.0914221e+02
   5.0924212e+02
   5.0934203e+02
   5.0944194e+02
   5.0954185e+02
   5.0964176e+02
   5.0974167e+02
   5.0984158e+02
   5.0994149e+02
   5.1004140e+02
   5.1014131e+02
   5.1024122e+02
   5.1034113e+02
   5.1044104e+02
   5.1054095e+02
   5.1064086e+02
   5.1074077e+02
   5.1084068e+02
   5.1094059e+02
   5.1104050e+02
   5.1114041e+02
   5.1124032e+02
   5.1134023e+02
   5.1144014e+02
   5.1154005e+02
   5.1163996e+02
   5.1173987e+02
   5.1183978e+02
   5.1193969e+02
   5.1203960e+02
   5.1213951e+02
   5.1223942e+02
   5.1233933e+02
   5.1243924e+02
   5.1253915e+02
   5.1263906e+02
   5.1273897e+02
   5.1283888e+02
   5.1293879e+02
   5.1303870e+02
   5.1313861e+02
   5.1323852e+02
   5.1333843e+02
   5.1343834e+02
   5.1353825e+02
   5.1363816e+02
   5.1373807e+02
   5.1383798e+02
   5.1393789e+02
   5.1403780e+02
   5.1413771e+02
   5.1423762e+02
   5.1433753e+02
   5.1443744e+02
   5.1453735e+02
   5.1463726e+02
   5.1473717e+02
   5.1483708e+02
   5.1493699e+02
   5.1503690e+02
   5.1513681e+02
   5.1523672e+02
   5.1533663e+02
   5.1543654e+02
   5.1553645e+02
   5.1563636e+02
   5.1573627e+02
   5.1583618e+02
   5.1593609e+02
   5.1603600e+02
   5.1613591e+02
   5.1623582e+02
   5.1633573e+02
   5.1643564e+02
   5.1653555e+02
   5.1663546e+02
   5.1673537e+02
   5.1683528e+02
   5.1693519e+02
   5.1703510e+02
   5.1713501e+02
   5.1723492e+02
   5.1733483e+02
   5.1743474e+02
   5.1753465e+02
   5.1763456e+02
   5.1773447e+02
   5.1783438e+02
   5.1793429e+02
   5.1803420e+02
   5.1813411e+02
   5.1823402e+02
   5.1833393e+02
   5.1843384e+02
   5.1853375e+02
   5.1863366e+02
   5.1873357e+02
   5.1883348e+02
   5.1893339e+02
   5.1903330e+02
   5.1913321e+02
   5.1923312e+02
   5.1933303e+02
   5.1943294e+02
   5.1953285e+02
   5.1963276e+02
   5.1973267e+02
   5.1983258e+02
   5.1993249e+02
   5.2003240e+02
   5.2013231e+02
   5.2023222e+02
   5.2033213e+02
   5.2043204e+02
   5.2053195e+02
   5.2063186e+02
   5.2073177e+02
   5.2083168e+02
   5.2093159e+02
   5.2103150e+02
   5.2113141e+02
   5.2123132e+02
   5.2133123e+02
   5.2143114e+02
   5.2153105e+02
   5.2163096e+02
   5.2173087e+02
   5.2183078e+02
   5.2193069e+02
   5.2203060e+02
   5.2213051e+02
   5.2223042e+02
   5.2233033e+02
   5.2243024e+02
   5.2253015e+02
   5.2263006e+02
   5.2272997e+02
   5.2282988e+02
   5.2292979e+02
   5.2302970e+02
   5.2312961e+02
   5.2322952e+02
   5.2332943e+02
   5.2342934e+02
   5.2352925e+02
   5.2362916e+02
   5.2372907e+02
   5.2382898e+02
   5.2392889e+02
   5.2402880e+02
   5.2412871e+02
   5.2422862e+02
   5.2432853e+02
   5.2442844e+02
   5.2452835e+02
   5.2462826e+02
   5.2472817e+02
   5.2482808e+02
   5.2492799e+02
   5.2502790e+02
   5.2512781e+02
   5.2522772e+02
   5.2532763e+02
   5.2542754e+02
   5.2552745e+02
   5.2562736e+02
   5.2572727e+02
   5.2582718e+02
   5.2592709e+02
   5.2602700e+02
   5.2612691e+02
   5.2622682e+02
   5.2632673e+02
   5.2642664e+02
   5.2652655e+02
   5.2662646e+02
   5.2672637e+02
   5.2682628e+02
   5.2692619e+02
   5.2702610e+02
   5.2712601e+02
   5.2722592e+02
   5.2732583e+02
   5.2742574e+02
   5.2752565e+02
   5.2762556e+02
   5.2772547e+02
   5.2782538e+02
   5.2792529e+02
   5.2802520e+02
   5.2812511e+02
   5.2822502e+02
   5.2832493e+02
   5.2842484e+02
   5.2852475e+02
   5.2862466e+02
   5.2872457e+02
   5.2882448e+02
   5.2892439e+02
   5.2902430e+02
   5.2912421e+02
   5.2922412e+02
   5.2932403e+02
   5.2942394e+02
   5.2952385e+02
   5.2962376e+02
   5.2972367e+02
   5.2982358e+02
   5.2992349e+02
   5.3002340e+02
   5.3012331e+02
   5.3022322e+02
   5.3032313e+02
   5.3042304e+02
   5.3052295e+02
   5.3062286e+02
   5.3072277e+02
   5.3082268e+02
   5.3092259e+02
   5.3102250e+02
   5.3112241e+02
   5.3122232e+02
   5.3132223e+02
   5.3142214e+02
   5.3152205e+02
   5.3162196e+02
   5.3172187e+02
   5.3182178e+02
   5.3192169e+02
   5.3202160e+02
   5.3212151e+02
   5.3222142e+02
   5.3232133e+02
   5.3242124e+02
   5.3252115e+02
   5.3262106e+02
   5.3272097e+02
   5.3282088e+02
   5.3292079e+02
   5.3302070e+02
   5.3312061e+02
   5.3322052e+02
   5.3332043e+02
   5.3342034e+02
   5.3352025e+02
   5.3362016e+02
   5.3372007e+02
   5.3381998e+02
   5.3391989e+02
   5.3401980e+02
   5.3411971e+02
   5.3421962e+02
   5.3431953e+02
   5.3441944e+02
   5.3451935e+02
   5.3461926e+02
   5.3471917e+02
   5.3481908e+02
   5.3491899e+02
   5.3501890e+02
   5.3511881e+02
   5.3521872e+02
   5.3531863e+02
   5.3541854e+02
   5.3551845e+02
   5.3561836e+02
   5.3571827e+02
   5.3581818e+02
   5.3591809e+02
   5.3601800e+02
   5.3611791e+02
   5.3621782e+02
   5.3631773e+02
   5.3641764e+02
   5.3651755e+02
   5.3661746e+02
   5.3671737e+02
   5.3681728e+02
   5.3691719e+02
   5.3701710e+02
   5.3711701e+02
   5.3721692e+02
   5.3731683e+02
   5.3741674e+02
   5.3751665e+02
   5.3761656e+02
   5.3771647e+02
   5.3781638e+02
   5.3791629e+02
   5.3801620e+02
   5.3811611e+02
   5.3821602e+02
   5.3831593e+02
   5.3841584e+02
   5.3851575e+02
   5.3861566e+02
   5.3871557e+02
   5.3881548e+02
   5.3891539e+02
   5.3901530e+02
   5.3911521e+02
   5.3921512e+02
   5.3931503e+02
   5.3941494e+02
   5.3951485e+02
   5.3961476e+02
   5.3971467e+02
   5.3981458e+02
   5.3991449e+02
   5.4001440e+02
   5.4011431e+02
   5.4021422e+02
   5.4031413e+02
   5.4041404e+02
   5.4051395e+02
   5.4061386e+02
   5.4071377e+02
   5.4081368e+02
   5.4091359e+02
   5.4101350e+02
   5.4111341e+02
   5.4121332e+02
   5.4131323e+02
   5.4141314e+02
   5.4151305e+02
   5.4161296e+02
   5.4171287e+02
   5.4181278e+02
   5.4191269e+02
   5.4201260e+02
   5.4211251e+02
   5.4221242e+02
   5.4231233e+02
   5.4241224e+02
   5.4251215e+02
   5.4261206e+02
   5.4271197e+02
   5.4281188e+02
   5.4291179e+02
   5.4301170e+02
   5.4311161e+02
   5.4321152e+02
   5.4331143e+02
   5.4341134e+02
   5.4351125e+02
   5.4361116e+02
   5.4371107e+02
   5.4381098e+02
   5.4391089e+02
   5.4401080e+02
   5.4411071e+02
   5.4421062e+02
   5.4431053e+02
   5.4441044e+02
   5.4451035e+02
   5.4461026e+02
   5.4471017e+02
   5.4481008e+02
   5.4490999e+02
   5.4500990e+02
   5.4510981e+02
   5.4520972e+02
   5.4530963e+02
   5.4540954e+02
   5.4550945e+02
   5.4560936e+02
   5.4570927e+02
   5.4580918e+02
   5.4590909e+02
   5.4600900e+02
   5.4610891e+02
   5.4620882e+02
   5.4630873e+02
   5.4640864e+02
   5.4650855e+02
   5.4660846e+02
   5.4670837e+02
   5.4680828e+02
   5.4690819e+02
   5.4700810e+02
   5.4710801e+02
   5.4720792e+02
   5.4730783e+02
   5.4740774e+02
   5.4750765e+02
   5.4760756e+02
   5.4770747e+02
   5.4780738e+02
   5.4790729e+02
   5.4800720e+02
   5.4810711e+02
   5.4820702e+02
   5.4830693e+02
   5.4840684e+02
   5.4850675e+02
   5.4860666e+02
   5.4870657e+02
   5.4880648e+02
   5.4890639e+02
   5.4900630e+02
   5.4910621e+02
   5.4920612e+02
   5.4930603e+02
   5.4940594e+02
   5.4950585e+02
   5.4960576e+02
   5.4970567e+02
   5.4980558e+02
   5.4990549e+02
   5.5000540e+02
   5.5010531e+02
   5.5020522e+02
   5.5030513e+02
   5.5040504e+02
   5.5050495e+02
   5.5060486e+02
   5.5070477e+02
   5.5080468e+02
   5.5090459e+02
   5.5100450e+02
   5.5110441e+02
   5.5120432e+02
   5.5130423e+02
   5.5140414e+02
   5.5150405e+02
   5.5160396e+02
   5.5170387e+02
   5.5180378e+02
   5.5190369e+02
   5.5200360e+02
   5.5210351e+02
   5.5220342e+02
   5.5230333e+02
   5.5240324e+02
   5.5250315e+02
   5.5260306e+02
   5.5270297e+02
   5.5280288e+02
   5.5290279e+02
   5.5300270e+02
   5.5310261e+02
   5.5320252e+02
   5.5330243e+02
   5.5340234e+02
   5.5350225e+02
   5.5360216e+02
   5.5370207e+02
   5.5380198e+02
   5.5390189e+02
   5.5400180e+02
   5.5410171e+02
   5.5420162e+02
   5.5430153e+02
   5.5440144e+02
   5.5450135e+02
   5.5460126e+02
   5.5470117e+02
   5.5480108e+02
   5.5490099e+02
   5.5500090e+02
   5.5510081e+02
   5.5520072e+02
   5.5530063e+02
   5.5540054e+02
   5.5550045e+02
   5.5560036e+02
   5.5570027e+02
   5.5580018e+02
   5.5590009e+02
   5.5600000e+02
   5.5609991e+02
   5.5619982e+02
   5.5629973e+02
   5.5639964e+02
   5.5649955e+02
   5.5659946e+02
   5.5669937e+02
   5.5679928e+02
   5.5689919e+02
   5.5699910e+02
   5.5709901e+02
   5.5719892e+02
   5.5729883e+02
   5.5739874e+02
   5.5749865e+02
   5.5759856e+02
   5.5769847e+02
   5.5779838e+02
   5.5789829e+02
   5.5799820e+02
   5.5809811e+02
   5.5819802e+02
   5.5829793e+02
   5.5839784e+02
   5.5849775e+02
   5.5859766e+02
   5.5869757e+02
   5.5879748e+02
   5.5889739e+02
   5.5899730e+02
   5.5909721e+02
   5.5919712e+02
   5.5929703e+02
   5.5939694e+02
   5.5949685e+02
   5.5959676e+02
   5.5969667e+02
   5.5979658e+02
   5.5989649e+02
   5.5999640e+02
   5.6009631e+02
   5.6019622e+02
   5.6029613e+02
   5.6039604e+02
   5.6049595e+02
   5.6059586e+02
   5.6069577e+02
   5.6079568e+02
   5.6089559e+02
   5.6099550e+02
   5.6109541e+02
   5.6119532e+02
   5.6129523e+02
   5.6139514e+02
   5.6149505e+02
   5.6159496e+02
   5.6169487e+02
   5.6179478e+02
   5.6189469e+02
   5.6199460e+02
   5.6209451e+02
   5.6219442e+02
   5.6229433e+02
   5.6239424e+02
   5.6249415e+02
   5.6259406e+02
   5.6269397e+02
   5.6279388e+02
   5.6289379e+02
   5.6299370e+02
   5.6309361e+02
   5.6319352e+02
   5.6329343e+02
   5.6339334e+02
   5.6349325e+02
   5.6359316e+02
   5.6369307e+02
   5.6379298e+02
   5.6389289e+02
   5.6399280e+02
   5.6409271e+02
   5.6419262e+02
   5.6429253e+02
   5.6439244e+02
   5.6449235e+02
   5.6459226e+02
   5.6469217e+02
   5.6479208e+02
   5.6489199e+02
   5.6499190e+02
   5.6509181e+02
   5.6519172e+02
   5.6529163e+02
   5.6539154e+02
   5.6549145e+02
   5.6559136e+02
   5.6569127e+02
   5.6579118e+02
   5.6589109e+02
   5.6599100e+02
   5.6609091e+02
   5.6619082e+02
   5.6629073e+02
   5.6639064e+02
   5.6649055e+02
   5.6659046e+02
   5.6669037e+02
   5.6679028e+02
   5.6689019e+02
   5.6699010e+02
   5.6709001e+02
   5.6718992e+02
   5.6728983e+02
   5.6738974e+02
   5.6748965e+02
   5.6758956e+02
   5.6768947e+02
   5.6778938e+02
   5.6788929e+02
   5.6798920e+02
   5.6808911e+02
   5.6818902e+02
   5.6828893e+02
   5.6838884e+02
   5.6848875e+02
   5.6858866e+02
   5.6868857e+02
   5.6878848e+02
   5.6888839e+02
   5.6898830e+02
   5.6908821e+02
   5.6918812e+02
   5.6928803e+02
   5.6938794e+02
   5.6948785e+02
   5.6958776e+02
   5.6968767e+02
   5.6978758e+02
   5.6988749e+02
   5.6998740e+02
   5.7008731e+02
   5.7018722e+02
   5.7028713e+02
   5.7038704e+02
   5.7048695e+02
   5.7058686e+02
   5.7068677e+02
   5.7078668e+02
   5.7088659e+02
   5.7098650e+02
   5.7108641e+02
   5.7118632e+02
   5.7128623e+02
   5.7138614e+02
   5.7148605e+02
   5.7158596e+02
   5.7168587e+02
   5.7178578e+02
   5.7188569e+02
   5.7198560e+02
   5.7208551e+02
   5.7218542e+02
   5.7228533e+02
   5.7238524e+02
   5.7248515e+02
   5.7258506e+02
   5.7268497e+02
   5.7278488e+02
   5.7288479e+02
   5.7298470e+02
   5.7308461e+02
   5.7318452e+02
   5.7328443e+02
   5.7338434e+02
   5.7348425e+02
   5.7358416e+02
   5.7368407e+02
   5.7378398e+02
   5.7388389e+02
   5.7398380e+02
   5.7408371e+02
   5.7418362e+02
   5.7428353e+02
   5.7438344e+02
   5.7448335e+02
   5.7458326e+02
   5.7468317e+02
   5.7478308e+02
   5.7488299e+02
   5.7498290e+02
   5.7508281e+02
   5.7518272e+02
   5.7528263e+02
   5.7538254e+02
   5.7548245e+02
   5.7558236e+02
   5.7568227e+02
   5.7578218e+02
   5.7588209e+02
   5.7598200e+02
   5.7608191e+02
   5.7618182e+02
   5.7628173e+02
   5.7638164e+02
   5.7648155e+02
   5.7658146e+02
   5.7668137e+02
   5.7678128e+02
   5.7688119e+02
   5.7698110e+02
   5.7708101e+02
   5.7718092e+02
   5.7728083e+02
   5.7738074e+02
   5.7748065e+02
   5.7758056e+02
   5.7768047e+02
   5.7778038e+02
   5.7788029e+02
   5.7798020e+02
   5.7808011e+02
   5.7818002e+02
   5.7827993e+02
   5.7837984e+02
   5.7847975e+02
   5.7857966e+02
   5.7867957e+02
   5.7877948e+02
   5.7887939e+02
   5.7897930e+02
   5.7907921e+02
   5.7917912e+02
   5.7927903e+02
   5.7937894e+02
   5.7947885e+02
   5.7957876e+02
   5.7967867e+02
   5.7977858e+02
   5.7987849e+02
   5.7997840e+02
   5.8007831e+02
   5.8017822e+02
   5.8027813e+02
   5.8037804e+02
   5.8047795e+02
   5.8057786e+02
   5.8067777e+02
   5.8077768e+02
   5.8087759e+02
   5.8097750e+02
   5.8107741e+02
   5.8117732e+02
   5.8127723e+02
   5.8137714e+02
   5.8147705e+02
   5.8157696e+02
   5.8167687e+02
   5.8177678e+02
   5.8187669e+02
   5.8197660e+02
   5.8207651e+02
   5.8217642e+02
   5.8227633e+02
   5.8237624e+02
   5.8247615e+02
   5.8257606e+02
   5.8267597e+02
   5.8277588e+02
   5.8287579e+02
   5.8297570e+02
   5.8307561e+02
   5.8317552e+02
   5.8327543e+02
   5.8337534e+02
   5.8347525e+02
   5.8357516e+02
   5.8367507e+02
   5.8377498e+02
   5.8387489e+02
   5.8397480e+02
   5.8407471e+02
   5.8417462e+02
   5.8427453e+02
   5.8437444e+02
   5.8447435e+02
   5.8457426e+02
   5.8467417e+02
   5.8477408e+02
   5.8487399e+02
   5.8497390e+02
   5.8507381e+02
   5.8517372e+02
   5.8527363e+02
   5.8537354e+02
   5.8547345e+02
   5.8557336e+02
   5.8567327e+02
   5.8577318e+02
   5.8587309e+02
   5.8597300e+02
   5.8607291e+02
   5.8617282e+02
   5.8627273e+02
   5.8637264e+02
   5.8647255e+02
   5.8657246e+02
   5.8667237e+02
   5.8677228e+02
   5.8687219e+02
   5.8697210e+02
   5.8707201e+02
   5.8717192e+02
   5.8727183e+02
   5.8737174e+02
   5.8747165e+02
   5.8757156e+02
   5.8767147e+02
   5.8777138e+02
   5.8787129e+02
   5.8797120e+02
   5.8807111e+02
   5.8817102e+02
   5.8827093e+02
   5.8837084e+02
   5.8847075e+02
   5.8857066e+02
   5.8867057e+02
   5.8877048e+02
   5.8887039e+02
   5.8897030e+02
   5.8907021e+02
   5.8917012e+02
   5.8927003e+02
   5.8936994e+02
   5.8946985e+02
   5.8956976e+02
   5.8966967e+02
   5.8976958e+02
   5.8986949e+02
   5.8996940e+02
   5.9006931e+02
   5.9016922e+02
   5.9026913e+02
   5.9036904e+02
   5.9046895e+02
   5.9056886e+02
   5.9066877e+02
   5.9076868e+02
   5.9086859e+02
   5.9096850e+02
   5.9106841e+02
   5.9116832e+02
   5.9126823e+02
   5.9136814e+02
   5.9146805e+02
   5.9156796e+02
   5.9166787e+02
   5.9176778e+02
   5.9186769e+02
   5.9196760e+02
   5.9206751e+02
   5.9216742e+02
   5.9226733e+02
   5.9236724e+02
   5.9246715e+02
   5.9256706e+02
   5.9266697e+02
   5.9276688e+02
   5.9286679e+02
   5.9296670e+02
   5.9306661e+02
   5.9316652e+02
   5.9326643e+02
   5.9336634e+02
   5.9346625e+02
   5.9356616e+02
   5.9366607e+02
   5.9376598e+02
   5.9386589e+02
   5.9396580e+02
   5.9406571e+02
   5.9416562e+02
   5.9426553e+02
   5.9436544e+02
   5.9446535e+02
   5.9456526e+02
   5.9466517e+02
   5.9476508e+02
   5.9486499e+02
   5.9496490e+02
   5.9506481e+02
   5.9516472e+02
   5.9526463e+02
   5.9536454e+02
   5.9546445e+02
   5.9556436e+02
   5.9566427e+02
   5.9576418e+02
   5.9586409e+02
   5.9596400e+02
   5.9606391e+02
   5.9616382e+02
   5.9626373e+02
   5.9636364e+02
   5.9646355e+02
   5.9656346e+02
   5.9666337e+02
   5.9676328e+02
   5.9686319e+02
   5.9696310e+02
   5.9706301e+02
   5.9716292e+02
   5.9726283e+02
   5.9736274e+02
   5.9746265e+02
   5.9756256e+02
   5.9766247e+02
   5.9776238e+02
   5.9786229e+02
   5.9796220e+02
   5.9806211e+02
   5.9816202e+02
   5.9826193e+02
   5.9836184e+02
   5.9846175e+02
   5.9856166e+02
   5.9866157e+02
   5.9876148e+02
   5.9886139e+02
   5.9896130e+02
   5.9906121e+02
   5.9916112e+02
   5.9926103e+02
   5.9936094e+02
   5.9946085e+02
   5.9956076e+02
   5.9966067e+02
   5.9976058e+02
   5.9986049e+02
   5.9996040e+02
   6.0006031e+02
   6.0016022e+02
   6.0026013e+02
   6.0036004e+02
   6.0045995e+02
   6.0055986e+02
   6.0065977e+02
   6.0075968e+02
   6.0085959e+02
   6.0095950e+02
   6.0105941e+02
   6.0115932e+02
   6.0125923e+02
   6.0135914e+02
   6.0145905e+02
   6.0155896e+02
   6.0165887e+02
   6.0175878e+02
   6.0185869e+02
   6.0195860e+02
   6.0205851e+02
   6.0215842e+02
   6.0225833e+02
   6.0235824e+02
   6.0245815e+02
   6.0255806e+02
   6.0265797e+02
   6.0275788e+02
   6.0285779e+02
   6.0295770e+02
   6.0305761e+02
   6.0315752e+02
   6.0325743e+02
   6.0335734e+02
   6.0345725e+02
   6.0355716e+02
   6.0365707e+02
   6.0375698e+02
   6.0385689e+02
   6.0395680e+02
   6.0405671e+02
   6.0415662e+02
   6.0425653e+02
   6.0435644e+02
   6.0445635e+02
   6.0455626e+02
   6.0465617e+02
   6.0475608e+02
   6.0485599e+02
   6.0495590e+02
   6.0505581e+02
   6.0515572e+02
   6.0525563e+02
   6.0535554e+02
   6.0545545e+02
   6.0555536e+02
   6.0565527e+02
   6.0575518e+02
   6.0585509e+02
   6.0595500e+02
   6.0605491e+02
   6.0615482e+02
   6.0625473e+02
   6.0635464e+02
   6.0645455e+02
   6.0655446e+02
   6.0665437e+02
   6.0675428e+02
   6.0685419e+02
   6.0695410e+02
   6.0705401e+02
   6.0715392e+02
   6.0725383e+02
   6.0735374e+02
   6.0745365e+02
   6.0755356e+02
   6.0765347e+02
   6.0775338e+02
   6.0785329e+02
   6.0795320e+02
   6.0805311e+02
   6.0815302e+02
   6.0825293e+02
   6.0835284e+02
   6.0845275e+02
   6.0855266e+02
   6.0865257e+02
   6.0875248e+02
   6.0885239e+02
   6.0895230e+02
   6.0905221e+02
   6.0915212e+02
   6.0925203e+02
   6.0935194e+02
   6.0945185e+02
   6.0955176e+02
   6.0965167e+02
   6.0975158e+02
   6.0985149e+02
   6.0995140e+02
   6.1005131e+02
   6.1015122e+02
   6.1025113e+02
   6.1035104e+02
   6.1045095e+02
   6.1055086e+02
   6.1065077e+02
   6.1075068e+02
   6.1085059e+02
   6.1095050e+02
   6.1105041e+02
   6.1115032e+02
   6.1125023e+02
   6.1135014e+02
   6.1145005e+02
   6.1154995e+02
   6.1164986e+02
   6.1174977e+02
   6.1184968e+02
   6.1194959e+02
   6.1204950e+02
   6.1214941e+02
   6.1224932e+02
   6.1234923e+02
   6.1244914e+02
   6.1254905e+02
   6.1264896e+02
   6.1274887e+02
   6.1284878e+02
   6.1294869e+02
   6.1304860e+02
   6.1314851e+02
   6.1324842e+02
   6.1334833e+02
   6.1344824e+02
   6.1354815e+02
   6.1364806e+02
   6.1374797e+02
   6.1384788e+02
   6.1394779e+02
   6.1404770e+02
   6.1414761e+02
   6.1424752e+02
   6.1434743e+02
   6.1444734e+02
   6.1454725e+02
   6.1464716e+02
   6.1474707e+02
   6.1484698e+02
   6.1494689e+02
   6.1504680e+02
   6.1514671e+02
   6.1524662e+02
   6.1534653e+02
   6.1544644e+02
   6.1554635e+02
   6.1564626e+02
   6.1574617e+02
   6.1584608e+02
   6.1594599e+02
   6.1604590e+02
   6.1614581e+02
   6.1624572e+02
   6.1634563e+02
   6.1644554e+02
   6.1654545e+02
   6.1664536e+02
   6.1674527e+02
   6.1684518e+02
   6.1694509e+02
   6.1704500e+02
   6.1714491e+02
   6.1724482e+02
   6.1734473e+02
   6.1744464e+02
   6.1754455e+02
   6.1764446e+02
   6.1774437e+02
   6.1784428e+02
   6.1794419e+02
   6.1804410e+02
   6.1814401e+02
   6.1824392e+02
   6.1834383e+02
   6.1844374e+02
   6.1854365e+02
   6.1864356e+02
   6.1874347e+02
   6.1884338e+02
   6.1894329e+02
   6.1904320e+02
   6.1914311e+02
   6.1924302e+02
   6.1934293e+02
   6.1944284e+02
   6.1954275e+02
   6.1964266e+02
   6.1974257e+02
   6.1984248e+02
   6.1994239e+02
   6.2004230e+02
   6.2014221e+02
   6.2024212e+02
   6.2034203e+02
   6.2044194e+02
   6.2054185e+02
   6.2064176e+02
   6.2074167e+02
   6.2084158e+02
   6.2094149e+02
   6.2104140e+02
   6.2114131e+02
   6.2124122e+02
   6.2134113e+02
   6.2144104e+02
   6.2154095e+02
   6.2164086e+02
   6.2174077e+02
   6.2184068e+02
   6.2194059e+02
   6.2204050e+02
   6.2214041e+02
   6.2224032e+02
   6.2234023e+02
   6.2244014e+02
   6.2254005e+02
   6.2263996e+02
   6.2273987e+02
   6.2283978e+02
   6.2293969e+02
   6.2303960e+02
   6.2313951e+02
   6.2323942e+02
   6.2333933e+02
   6.2343924e+02
   6.2353915e+02
   6.2363906e+02
   6.2373897e+02
   6.2383888e+02
   6.2393879e+02
   6.2403870e+02
   6.2413861e+02
   6.2423852e+02
   6.2433843e+02
   6.2443834e+02
   6.2453825e+02
   6.2463816e+02
   6.2473807e+02
   6.2483798e+02
   6.2493789e+02
   6.2503780e+02
   6.2513771e+02
   6.2523762e+02
   6.2533753e+02
   6.2543744e+02
   6.2553735e+02
   6.2563726e+02
   6.2573717e+02
   6.2583708e+02
   6.2593699e+02
   6.2603690e+02
   6.2613681e+02
   6.2623672e+02
   6.2633663e+02
   6.2643654e+02
   6.2653645e+02
   6.2663636e+02
   6.2673627e+02
   6.2683618e+02
   6.2693609e+02
   6.2703600e+02
   6.2713591e+02
   6.2723582e+02
   6.2733573e+02
   6.2743564e+02
   6.2753555e+02
   6.2763546e+02
   6.2773537e+02
   6.2783528e+02
   6.2793519e+02
   6.2803510e+02
   6.2813501e+02
   6.2823492e+02
   6.2833483e+02
   6.2843474e+02
   6.2853465e+02
   6.2863456e+02
   6.2873447e+02
   6.2883438e+02
   6.2893429e+02
   6.2903420e+02
   6.2913411e+02
   6.2923402e+02
   6.2933393e+02
   6.2943384e+02
   6.2953375e+02
   6.2963366e+02
   6.2973357e+02
   6.2983348e+02
   6.2993339e+02
   6.3003330e+02
   6.3013321e+02
   6.3023312e+02
   6.3033303e+02
   6.3043294e+02
   6.3053285e+02
   6.3063276e+02
   6.3073267e+02
   6.3083258e+02
   6.3093249e+02
   6.3103240e+02
   6.3113231e+02
   6.3123222e+02
   6.3133213e+02
   6.3143204e+02
   6.3153195e+02
   6.3163186e+02
   6.3173177e+02
   6.3183168e+02
   6.3193159e+02
   6.3203150e+02
   6.3213141e+02
   6.3223132e+02
   6.3233123e+02
   6.3243114e+02
   6.3253105e+02
   6.3263096e+02
   6.3273087e+02
   6.3283078e+02
   6.3293069e+02
   6.3303060e+02
   6.3313051e+02
   6.3323042e+02
   6.3333033e+02
   6.3343024e+02
   6.3353015e+02
   6.3363006e+02
   6.3372997e+02
   6.3382988e+02
   6.3392979e+02
   6.3402970e+02
   6.3412961e+02
   6.3422952e+02
   6.3432943e+02
   6.3442934e+02
   6.3452925e+02
   6.3462916e+02
   6.3472907e+02
   6.3482898e+02
   6.3492889e+02
   6.3502880e+02
   6.3512871e+02
   6.3522862e+02
   6.3532853e+02
   6.3542844e+02
   6.3552835e+02
   6.3562826e+02
   6.3572817e+02
   6.3582808e+02
   6.3592799e+02
   6.3602790e+02
   6.3612781e+02
   6.3622772e+02
   6.3632763e+02
   6.3642754e+02
   6.3652745e+02
   6.3662736e+02
   6.3672727e+02
   6.3682718e+02
   6.3692709e+02
   6.3702700e+02
   6.3712691e+02
   6.3722682e+02
   6.3732673e+02
   6.3742664e+02
   6.3752655e+02
   6.3762646e+02
   6.3772637e+02
   6.3782628e+02
   6.3792619e+02
   6.3802610e+02
   6.3812601e+02
   6.3822592e+02
   6.3832583e+02
   6.3842574e+02
   6.3852565e+02
   6.3862556e+02
   6.3872547e+02
   6.3882538e+02
   6.3892529e+02
   6.3902520e+02
   6.3912511e+02
   6.3922502e+02
   6.3932493e+02
   6.3942484e+02
   6.3952475e+02
   6.3962466e+02
   6.3972457e+02
   6.3982448e+02
   6.3992439e+02
   6.4002430e+02
   6.4012421e+02
   6.4022412e+02
   6.4032403e+02
   6.4042394e+02
   6.4052385e+02
   6.4062376e+02
   6.4072367e+02
   6.4082358e+02
   6.4092349e+02
   6.4102340e+02
   6.4112331e+02
   6.4122322e+02
   6.4132313e+02
   6.4142304e+02
   6.4152295e+02
   6.4162286e+02
   6.4172277e+02
   6.4182268e+02
   6.4192259e+02
   6.4202250e+02
   6.4212241e+02
   6.4222232e+02
   6.4232223e+02
   6.4242214e+02
   6.4252205e+02
   6.4262196e+02
   6.4272187e+02
   6.4282178e+02
   6.4292169e+02
   6.4302160e+02
   6.4312151e+02
   6.4322142e+02
   6.4332133e+02
   6.4342124e+02
   6.4352115e+02
   6.4362106e+02
   6.4372097e+02
   6.4382088e+02
   6.4392079e+02
   6.4402070e+02
   6.4412061e+02
   6.4422052e+02
   6.4432043e+02
   6.4442034e+02
   6.4452025e+02
   6.4462016e+02
   6.4472007e+02
   6.4481998e+02
   6.4491989e+02
   6.4501980e+02
   6.4511971e+02
   6.4521962e+02
   6.4531953e+02
   6.4541944e+02
   6.4551935e+02
   6.4561926e+02
   6.4571917e+02
   6.4581908e+02
   6.4591899e+02
   6.4601890e+02
   6.4611881e+02
   6.4621872e+02
   6.4631863e+02
   6.4641854e+02
   6.4651845e+02
   6.4661836e+02
   6.4671827e+02
   6.4681818e+02
   6.4691809e+02
   6.4701800e+02
   6.4711791e+02
   6.4721782e+02
   6.4731773e+02
   6.4741764e+02
   6.4751755e+02
   6.4761746e+02
   6.4771737e+02
   6.4781728e+02
   6.4791719e+02
   6.4801710e+02
   6.4811701e+02
   6.4821692e+02
   6.4831683e+02
   6.4841674e+02
   6.4851665e+02
   6.4861656e+02
   6.4871647e+02
   6.4881638e+02
   6.4891629e+02
   6.4901620e+02
   6.4911611e+02
   6.4921602e+02
   6.4931593e+02
   6.4941584e+02
   6.4951575e+02
   6.4961566e+02
   6.4971557e+02
   6.4981548e+02
   6.4991539e+02
   6.5001530e+02
   6.5011521e+02
   6.5021512e+02
   6.5031503e+02
   6.5041494e+02
   6.5051485e+02
   6.5061476e+02
   6.5071467e+02
   6.5081458e+02
   6.5091449e+02
   6.5101440e+02
   6.5111431e+02
   6.5121422e+02
   6.5131413e+02
   6.5141404e+02
   6.5151395e+02
   6.5161386e+02
   6.5171377e+02
   6.5181368e+02
   6.5191359e+02
   6.5201350e+02
   6.5211341e+02
   6.5221332e+02
   6.5231323e+02
   6.5241314e+02
   6.5251305e+02
   6.5261296e+02
   6.5271287e+02
   6.5281278e+02
   6.5291269e+02
   6.5301260e+02
   6.5311251e+02
   6.5321242e+02
   6.5331233e+02
   6.5341224e+02
   6.5351215e+02
   6.5361206e+02
   6.5371197e+02
   6.5381188e+02
   6.5391179e+02
   6.5401170e+02
   6.5411161e+02
   6.5421152e+02
   6.5431143e+02
   6.5441134e+02
   6.5451125e+02
   6.5461116e+02
   6.5471107e+02
   6.5481098e+02
   6.5491089e+02
   6.5501080e+02
   6.5511071e+02
   6.5521062e+02
   6.5531053e+02
   6.5541044e+02
   6.5551035e+02
   6.5561026e+02
   6.5571017e+02
   6.5581008e+02
   6.5590999e+02
   6.5600990e+02
   6.5610981e+02
   6.5620972e+02
   6.5630963e+02
   6.5640954e+02
   6.5650945e+02
   6.5660936e+02
   6.5670927e+02
   6.5680918e+02
   6.5690909e+02
   6.5700900e+02
   6.5710891e+02
   6.5720882e+02
   6.5730873e+02
   6.5740864e+02
   6.5750855e+02
   6.5760846e+02
   6.5770837e+02
   6.5780828e+02
   6.5790819e+02
   6.5800810e+02
   6.5810801e+02
   6.5820792e+02
   6.5830783e+02
   6.5840774e+02
   6.5850765e+02
   6.5860756e+02
   6.5870747e+02
   6.5880738e+02
   6.5890729e+02
   6.5900720e+02
   6.5910711e+02
   6.5920702e+02
   6.5930693e+02
   6.5940684e+02
   6.5950675e+02
   6.5960666e+02
   6.5970657e+02
   6.5980648e+02
   6.5990639e+02
   6.6000630e+02
   6.6010621e+02
   6.6020612e+02
   6.6030603e+02
   6.6040594e+02
   6.6050585e+02
   6.6060576e+02
   6.6070567e+02
   6.6080558e+02
   6.6090549e+02
   6.6100540e+02
   6.6110531e+02
   6.6120522e+02
   6.6130513e+02
   6.6140504e+02
   6.6150495e+02
   6.6160486e+02
   6.6170477e+02
   6.6180468e+02
   6.6190459e+02
   6.6200450e+02
   6.6210441e+02
   6.6220432e+02
   6.6230423e+02
   6.6240414e+02
   6.6250405e+02
   6.6260396e+02
   6.6270387e+02
   6.6280378e+02
   6.6290369e+02
   6.6300360e+02
   6.6310351e+02
   6.6320342e+02
   6.6330333e+02
   6.6340324e+02
   6.6350315e+02
   6.6360306e+02
   6.6370297e+02
   6.6380288e+02
   6.6390279e+02
   6.6400270e+02
   6.6410261e+02
   6.6420252e+02
   6.6430243e+02
   6.6440234e+02
   6.6450225e+02
   6.6460216e+02
   6.6470207e+02
   6.6480198e+02
   6.6490189e+02
   6.6500180e+02
   6.6510171e+02
   6.6520162e+02
   6.6530153e+02
   6.6540144e+02
   6.6550135e+02
   6.6560126e+02
   6.6570117e+02
   6.6580108e+02
   6.6590099e+02
   6.6600090e+02
   6.6610081e+02
   6.6620072e+02
   6.6630063e+02
   6.6640054e+02
   6.6650045e+02
   6.6660036e+02
   6.6670027e+02
   6.6680018e+02
   6.6690009e+02
   6.6700000e+02
   6.6709991e+02
   6.6719982e+02
   6.6729973e+02
   6.6739964e+02
   6.6749955e+02
   6.6759946e+02
   6.6769937e+02
   6.6779928e+02
   6.6789919e+02
   6.6799910e+02
   6.6809901e+02
   6.6819892e+02
   6.6829883e+02
   6.6839874e+02
   6.6849865e+02
   6.6859856e+02
   6.6869847e+02
   6.6879838e+02
   6.6889829e+02
   6.6899820e+02
   6.6909811e+02
   6.6919802e+02
   6.6929793e+02
   6.6939784e+02
   6.6949775e+02
   6.6959766e+02
   6.6969757e+02
   6.6979748e+02
   6.6989739e+02
   6.6999730e+02
   6.7009721e+02
   6.7019712e+02
   6.7029703e+02
   6.7039694e+02
   6.7049685e+02
   6.7059676e+02
   6.7069667e+02
   6.7079658e+02
   6.7089649e+02
   6.7099640e+02
   6.7109631e+02
   6.7119622e+02
   6.7129613e+02
   6.7139604e+02
   6.7149595e+02
   6.7159586e+02
   6.7169577e+02
   6.7179568e+02
   6.7189559e+02
   6.7199550e+02
   6.7209541e+02
   6.7219532e+02
   6.7229523e+02
   6.7239514e+02
   6.7249505e+02
   6.7259496e+02
   6.7269487e+02
   6.7279478e+02
   6.7289469e+02
   6.7299460e+02
   6.7309451e+02
   6.7319442e+02
   6.7329433e+02
   6.7339424e+02
   6.7349415e+02
   6.7359406e+02
   6.7369397e+02
   6.7379388e+02
   6.7389379e+02
   6.7399370e+02
   6.7409361e+02
   6.7419352e+02
   6.7429343e+02
   6.7439334e+02
   6.7449325e+02
   6.7459316e+02
   6.7469307e+02
   6.7479298e+02
   6.7489289e+02
   6.7499280e+02
   6.7509271e+02
   6.7519262e+02
   6.7529253e+02
   6.7539244e+02
   6.7549235e+02
   6.7559226e+02
   6.7569217e+02
   6.7579208e+02
   6.7589199e+02
   6.7599190e+02
   6.7609181e+02
   6.7619172e+02
   6.7629163e+02
   6.7639154e+02
   6.7649145e+02
   6.7659136e+02
   6.7669127e+02
   6.7679118e+02
   6.7689109e+02
   6.7699100e+02
   6.7709091e+02
   6.7719082e+02
   6.7729073e+02
   6.7739064e+02
   6.7749055e+02
   6.7759046e+02
   6.7769037e+02
   6.7779028e+02
   6.7789019e+02
   6.7799010e+02
   6.7809001e+02
   6.7818992e+02
   6.7828983e+02
   6.7838974e+02
   6.7848965e+02
   6.7858956e+02
   6.7868947e+02
   6.7878938e+02
   6.7888929e+02
   6.7898920e+02
   6.7908911e+02
   6.7918902e+02
   6.7928893e+02
   6.7938884e+02
   6.7948875e+02
   6.7958866e+02
   6.7968857e+02
   6.7978848e+02
   6.7988839e+02
   6.7998830e+02
   6.8008821e+02
   6.8018812e+02
   6.8028803e+02
   6.8038794e+02
   6.8048785e+02
   6.8058776e+02
   6.8068767e+02
   6.8078758e+02
   6.8088749e+02
   6.8098740e+02
   6.8108731e+02
   6.8118722e+02
   6.8128713e+02
   6.8138704e+02
   6.8148695e+02
   6.8158686e+02
   6.8168677e+02
   6.8178668e+02
   6.8188659e+02
   6.8198650e+02
   6.8208641e+02
   6.8218632e+02
   6.8228623e+02
   6.8238614e+02
   6.8248605e+02
   6.8258596e+02
   6.8268587e+02
   6.8278578e+02
   6.8288569e+02
   6.8298560e+02
   6.8308551e+02
   6.8318542e+02
   6.8328533e+02
   6.8338524e+02
   6.8348515e+02
   6.8358506e+02
   6.8368497e+02
   6.8378488e+02
   6.8388479e+02
   6.8398470e+02
   6.8408461e+02
   6.8418452e+02
   6.8428443e+02
   6.8438434e+02
   6.8448425e+02
   6.8458416e+02
   6.8468407e+02
   6.8478398e+02
   6.8488389e+02
   6.8498380e+02
   6.8508371e+02
   6.8518362e+02
   6.8528353e+02
   6.8538344e+02
   6.8548335e+02
   6.8558326e+02
   6.8568317e+02
   6.8578308e+02
   6.8588299e+02
   6.8598290e+02
   6.8608281e+02
   6.8618272e+02
   6.8628263e+02
   6.8638254e+02
   6.8648245e+02
   6.8658236e+02
   6.8668227e+02
   6.8678218e+02
   6.8688209e+02
   6.8698200e+02
   6.8708191e+02
   6.8718182e+02
   6.8728173e+02
   6.8738164e+02
   6.8748155e+02
   6.8758146e+02
   6.8768137e+02
   6.8778128e+02
   6.8788119e+02
   6.8798110e+02
   6.8808101e+02
   6.8818092e+02
   6.8828083e+02
   6.8838074e+02
   6.8848065e+02
   6.8858056e+02
   6.8868047e+02
   6.8878038e+02
   6.8888029e+02
   6.8898020e+02
   6.8908011e+02
   6.8918002e+02
   6.8927993e+02
   6.8937984e+02
   6.8947975e+02
   6.8957966e+02
   6.8967957e+02
   6.8977948e+02
   6.8987939e+02
   6.8997930e+02
   6.9007921e+02
   6.9017912e+02
   6.9027903e+02
   6.9037894e+02
   6.9047885e+02
   6.9057876e+02
   6.9067867e+02
   6.9077858e+02
   6.9087849e+02
   6.9097840e+02
   6.9107831e+02
   6.9117822e+02
   6.9127813e+02
   6.9137804e+02
   6.9147795e+02
   6.9157786e+02
   6.9167777e+02
   6.9177768e+02
   6.9187759e+02
   6.9197750e+02
   6.9207741e+02
   6.9217732e+02
   6.9227723e+02
   6.9237714e+02
   6.9247705e+02
   6.9257696e+02
   6.9267687e+02
   6.9277678e+02
   6.9287669e+02
   6.9297660e+02
   6.9307651e+02
   6.9317642e+02
   6.9327633e+02
   6.9337624e+02
   6.9347615e+02
   6.9357606e+02
   6.9367597e+02
   6.9377588e+02
   6.9387579e+02
   6.9397570e+02
   6.9407561e+02
   6.9417552e+02
   6.9427543e+02
   6.9437534e+02
   6.9447525e+02
   6.9457516e+02
   6.9467507e+02
   6.9477498e+02
   6.9487489e+02
   6.9497480e+02
   6.9507471e+02
   6.9517462e+02
   6.9527453e+02
   6.9537444e+02
   6.9547435e+02
   6.9557426e+02
   6.9567417e+02
   6.9577408e+02
   6.9587399e+02
   6.9597390e+02
   6.9607381e+02
   6.9617372e+02
   6.9627363e+02
   6.9637354e+02
   6.9647345e+02
   6.9657336e+02
   6.9667327e+02
   6.9677318e+02
   6.9687309e+02
   6.9697300e+02
   6.9707291e+02
   6.9717282e+02
   6.9727273e+02
   6.9737264e+02
   6.9747255e+02
   6.9757246e+02
   6.9767237e+02
   6.9777228e+02
   6.9787219e+02
   6.9797210e+02
   6.9807201e+02
   6.9817192e+02
   6.9827183e+02
   6.9837174e+02
   6.9847165e+02
   6.9857156e+02
   6.9867147e+02
   6.9877138e+02
   6.9887129e+02
   6.9897120e+02
   6.9907111e+02
   6.9917102e+02
   6.9927093e+02
   6.9937084e+02
   6.9947075e+02
   6.9957066e+02
   6.9967057e+02
   6.9977048e+02
   6.9987039e+02
   6.9997030e+02
   7.0007021e+02
   7.0017012e+02
   7.0027003e+02
   7.0036994e+02
   7.0046985e+02
   7.0056976e+02
   7.0066967e+02
   7.0076958e+02
   7.0086949e+02
   7.0096940e+02
   7.0106931e+02
   7.0116922e+02
   7.0126913e+02
   7.0136904e+02
   7.0146895e+02
   7.0156886e+02
   7.0166877e+02
   7.0176868e+02
   7.0186859e+02
   7.0196850e+02
   7.0206841e+02
   7.0216832e+02
   7.0226823e+02
   7.0236814e+02
   7.0246805e+02
   7.0256796e+02
   7.0266787e+02
   7.0276778e+02
   7.0286769e+02
   7.0296760e+02
   7.0306751e+02
   7.0316742e+02
   7.0326733e+02
   7.0336724e+02
   7.0346715e+02
   7.0356706e+02
   7.0366697e+02
   7.0376688e+02
   7.0386679e+02
   7.0396670e+02
   7.0406661e+02
   7.0416652e+02
   7.0426643e+02
   7.0436634e+02
   7.0446625e+02
   7.0456616e+02
   7.0466607e+02
   7.0476598e+02
   7.0486589e+02
   7.0496580e+02
   7.0506571e+02
   7.0516562e+02
   7.0526553e+02
   7.0536544e+02
   7.0546535e+02
   7.0556526e+02
   7.0566517e+02
   7.0576508e+02
   7.0586499e+02
   7.0596490e+02
   7.0606481e+02
   7.0616472e+02
   7.0626463e+02
   7.0636454e+02
   7.0646445e+02
   7.0656436e+02
   7.0666427e+02
   7.0676418e+02
   7.0686409e+02
   7.0696400e+02
   7.0706391e+02
   7.0716382e+02
   7.0726373e+02
   7.0736364e+02
   7.0746355e+02
   7.0756346e+02
   7.0766337e+02
   7.0776328e+02
   7.0786319e+02
   7.0796310e+02
   7.0806301e+02
   7.0816292e+02
   7.0826283e+02
   7.0836274e+02
   7.0846265e+02
   7.0856256e+02
   7.0866247e+02
   7.0876238e+02
   7.0886229e+02
   7.0896220e+02
   7.0906211e+02
   7.0916202e+02
   7.0926193e+02
   7.0936184e+02
   7.0946175e+02
   7.0956166e+02
   7.0966157e+02
   7.0976148e+02
   7.0986139e+02
   7.0996130e+02
   7.1006121e+02
   7.1016112e+02
   7.1026103e+02
   7.1036094e+02
   7.1046085e+02
   7.1056076e+02
   7.1066067e+02
   7.1076058e+02
   7.1086049e+02
   7.1096040e+02
   7.1106031e+02
   7.1116022e+02
   7.1126013e+02
   7.1136004e+02
   7.1145995e+02
   7.1155986e+02
   7.1165977e+02
   7.1175968e+02
   7.1185959e+02
   7.1195950e+02
   7.1205941e+02
   7.1215932e+02
   7.1225923e+02
   7.1235914e+02
   7.1245905e+02
   7.1255896e+02
   7.1265887e+02
   7.1275878e+02
   7.1285869e+02
   7.1295860e+02
   7.1305851e+02
   7.1315842e+02
   7.1325833e+02
   7.1335824e+02
   7.1345815e+02
   7.1355806e+02
   7.1365797e+02
   7.1375788e+02
   7.1385779e+02
   7.1395770e+02
   7.1405761e+02
   7.1415752e+02
   7.1425743e+02
   7.1435734e+02
   7.1445725e+02
   7.1455716e+02
   7.1465707e+02
   7.1475698e+02
   7.1485689e+02
   7.1495680e+02
   7.1505671e+02
   7.1515662e+02
   7.1525653e+02
   7.1535644e+02
   7.1545635e+02
   7.1555626e+02
   7.1565617e+02
   7.1575608e+02
   7.1585599e+02
   7.1595590e+02
   7.1605581e+02
   7.1615572e+02
   7.1625563e+02
   7.1635554e+02
   7.1645545e+02
   7.1655536e+02
   7.1665527e+02
   7.1675518e+02
   7.1685509e+02
   7.1695500e+02
   7.1705491e+02
   7.1715482e+02
   7.1725473e+02
   7.1735464e+02
   7.1745455e+02
   7.1755446e+02
   7.1765437e+02
   7.1775428e+02
   7.1785419e+02
   7.1795410e+02
   7.1805401e+02
   7.1815392e+02
   7.1825383e+02
   7.1835374e+02
   7.1845365e+02
   7.1855356e+02
   7.1865347e+02
   7.1875338e+02
   7.1885329e+02
   7.1895320e+02
   7.1905311e+02
   7.1915302e+02
   7.1925293e+02
   7.1935284e+02
   7.1945275e+02
   7.1955266e+02
   7.1965257e+02
   7.1975248e+02
   7.1985239e+02
   7.1995230e+02
   7.2005221e+02
   7.2015212e+02
   7.2025203e+02
   7.2035194e+02
   7.2045185e+02
   7.2055176e+02
   7.2065167e+02
   7.2075158e+02
   7.2085149e+02
   7.2095140e+02
   7.2105131e+02
   7.2115122e+02
   7.2125113e+02
   7.2135104e+02
   7.2145095e+02
   7.2155086e+02
   7.2165077e+02
   7.2175068e+02
   7.2185059e+02
   7.2195050e+02
   7.2205041e+02
   7.2215032e+02
   7.2225023e+02
   7.2235014e+02
   7.2245005e+02
   7.2254995e+02
   7.2264986e+02
   7.2274977e+02
   7.2284968e+02
   7.2294959e+02
   7.2304950e+02
   7.2314941e+02
   7.2324932e+02
   7.2334923e+02
   7.2344914e+02
   7.2354905e+02
   7.2364896e+02
   7.2374887e+02
   7.2384878e+02
   7.2394869e+02
   7.2404860e+02
   7.2414851e+02
   7.2424842e+02
   7.2434833e+02
   7.2444824e+02
   7.2454815e+02
   7.2464806e+02
   7.2474797e+02
   7.2484788e+02
   7.2494779e+02
   7.2504770e+02
   7.2514761e+02
   7.2524752e+02
   7.2534743e+02
   7.2544734e+02
   7.2554725e+02
   7.2564716e+02
   7.2574707e+02
   7.2584698e+02
   7.2594689e+02
   7.2604680e+02
   7.2614671e+02
   7.2624662e+02
   7.2634653e+02
   7.2644644e+02
   7.2654635e+02
   7.2664626e+02
   7.2674617e+02
   7.2684608e+02
   7.2694599e+02
   7.2704590e+02
   7.2714581e+02
   7.2724572e+02
   7.2734563e+02
   7.2744554e+02
   7.2754545e+02
   7.2764536e+02
   7.2774527e+02
   7.2784518e+02
   7.2794509e+02
   7.2804500e+02
   7.2814491e+02
   7.2824482e+02
   7.2834473e+02
   7.2844464e+02
   7.2854455e+02
   7.2864446e+02
   7.2874437e+02
   7.2884428e+02
   7.2894419e+02
   7.2904410e+02
   7.2914401e+02
   7.2924392e+02
   7.2934383e+02
   7.2944374e+02
   7.2954365e+02
   7.2964356e+02
   7.2974347e+02
   7.2984338e+02
   7.2994329e+02
   7.3004320e+02
   7.3014311e+02
   7.3024302e+02
   7.3034293e+02
   7.3044284e+02
   7.3054275e+02
   7.3064266e+02
   7.3074257e+02
   7.3084248e+02
   7.3094239e+02
   7.3104230e+02
   7.3114221e+02
   7.3124212e+02
   7.3134203e+02
   7.3144194e+02
   7.3154185e+02
   7.3164176e+02
   7.3174167e+02
   7.3184158e+02
   7.3194149e+02
   7.3204140e+02
   7.3214131e+02
   7.3224122e+02
   7.3234113e+02
   7.3244104e+02
   7.3254095e+02
   7.3264086e+02
   7.3274077e+02
   7.3284068e+02
   7.3294059e+02
   7.3304050e+02
   7.3314041e+02
   7.3324032e+02
   7.3334023e+02
   7.3344014e+02
   7.3354005e+02
   7.3363996e+02
   7.3373987e+02
   7.3383978e+02
   7.3393969e+02
   7.3403960e+02
   7.3413951e+02
   7.3423942e+02
   7.3433933e+02
   7.3443924e+02
   7.3453915e+02
   7.3463906e+02
   7.3473897e+02
   7.3483888e+02
   7.3493879e+02
   7.3503870e+02
   7.3513861e+02
   7.3523852e+02
   7.3533843e+02
   7.3543834e+02
   7.3553825e+02
   7.3563816e+02
   7.3573807e+02
   7.3583798e+02
   7.3593789e+02
   7.3603780e+02
   7.3613771e+02
   7.3623762e+02
   7.3633753e+02
   7.3643744e+02
   7.3653735e+02
   7.3663726e+02
   7.3673717e+02
   7.3683708e+02
   7.3693699e+02
   7.3703690e+02
   7.3713681e+02
   7.3723672e+02
   7.3733663e+02
   7.3743654e+02
   7.3753645e+02
   7.3763636e+02
   7.3773627e+02
   7.3783618e+02
   7.3793609e+02
   7.3803600e+02
   7.3813591e+02
   7.3823582e+02
   7.3833573e+02
   7.3843564e+02
   7.3853555e+02
   7.3863546e+02
   7.3873537e+02
   7.3883528e+02
   7.3893519e+02
   7.3903510e+02
   7.3913501e+02
   7.3923492e+02
   7.3933483e+02
   7.3943474e+02
   7.3953465e+02
   7.3963456e+02
   7.3973447e+02
   7.3983438e+02
   7.3993429e+02
   7.4003420e+02
   7.4013411e+02
   7.4023402e+02
   7.4033393e+02
   7.4043384e+02
   7.4053375e+02
   7.4063366e+02
   7.4073357e+02
   7.4083348e+02
   7.4093339e+02
   7.4103330e+02
   7.4113321e+02
   7.4123312e+02
   7.4133303e+02
   7.4143294e+02
   7.4153285e+02
   7.4163276e+02
   7.4173267e+02
   7.4183258e+02
   7.4193249e+02
   7.4203240e+02
   7.4213231e+02
   7.4223222e+02
   7.4233213e+02
   7.4243204e+02
   7.4253195e+02
   7.4263186e+02
   7.4273177e+02
   7.4283168e+02
   7.4293159e+02
   7.4303150e+02
   7.4313141e+02
   7.4323132e+02
   7.4333123e+02
   7.4343114e+02
   7.4353105e+02
   7.4363096e+02
   7.4373087e+02
   7.4383078e+02
   7.4393069e+02
   7.4403060e+02
   7.4413051e+02
   7.4423042e+02
   7.4433033e+02
   7.4443024e+02
   7.4453015e+02
   7.4463006e+02
   7.4472997e+02
   7.4482988e+02
   7.4492979e+02
   7.4502970e+02
   7.4512961e+02
   7.4522952e+02
   7.4532943e+02
   7.4542934e+02
   7.4552925e+02
   7.4562916e+02
   7.4572907e+02
   7.4582898e+02
   7.4592889e+02
   7.4602880e+02
   7.4612871e+02
   7.4622862e+02
   7.4632853e+02
   7.4642844e+02
   7.4652835e+02
   7.4662826e+02
   7.4672817e+02
   7.4682808e+02
   7.4692799e+02
   7.4702790e+02
   7.4712781e+02
   7.4722772e+02
   7.4732763e+02
   7.4742754e+02
   7.4752745e+02
   7.4762736e+02
   7.4772727e+02
   7.4782718e+02
   7.4792709e+02
   7.4802700e+02
   7.4812691e+02
   7.4822682e+02
   7.4832673e+02
   7.4842664e+02
   7.4852655e+02
   7.4862646e+02
   7.4872637e+02
   7.4882628e+02
   7.4892619e+02
   7.4902610e+02
   7.4912601e+02
   7.4922592e+02
   7.4932583e+02
   7.4942574e+02
   7.4952565e+02
   7.4962556e+02
   7.4972547e+02
   7.4982538e+02
   7.4992529e+02
   7.5002520e+02
   7.5012511e+02
   7.5022502e+02
   7.5032493e+02
   7.5042484e+02
   7.5052475e+02
   7.5062466e+02
   7.5072457e+02
   7.5082448e+02
   7.5092439e+02
   7.5102430e+02
   7.5112421e+02
   7.5122412e+02
   7.5132403e+02
   7.5142394e+02
   7.5152385e+02
   7.5162376e+02
   7.5172367e+02
   7.5182358e+02
   7.5192349e+02
   7.5202340e+02
   7.5212331e+02
   7.5222322e+02
   7.5232313e+02
   7.5242304e+02
   7.5252295e+02
   7.5262286e+02
   7.5272277e+02
   7.5282268e+02
   7.5292259e+02
   7.5302250e+02
   7.5312241e+02
   7.5322232e+02
   7.5332223e+02
   7.5342214e+02
   7.5352205e+02
   7.5362196e+02
   7.5372187e+02
   7.5382178e+02
   7.5392169e+02
   7.5402160e+02
   7.5412151e+02
   7.5422142e+02
   7.5432133e+02
   7.5442124e+02
   7.5452115e+02
   7.5462106e+02
   7.5472097e+02
   7.5482088e+02
   7.5492079e+02
   7.5502070e+02
   7.5512061e+02
   7.5522052e+02
   7.5532043e+02
   7.5542034e+02
   7.5552025e+02
   7.5562016e+02
   7.5572007e+02
   7.5581998e+02
   7.5591989e+02
   7.5601980e+02
   7.5611971e+02
   7.5621962e+02
   7.5631953e+02
   7.5641944e+02
   7.5651935e+02
   7.5661926e+02
   7.5671917e+02
   7.5681908e+02
   7.5691899e+02
   7.5701890e+02
   7.5711881e+02
   7.5721872e+02
   7.5731863e+02
   7.5741854e+02
   7.5751845e+02
   7.5761836e+02
   7.5771827e+02
   7.5781818e+02
   7.5791809e+02
   7.5801800e+02
   7.5811791e+02
   7.5821782e+02
   7.5831773e+02
   7.5841764e+02
   7.5851755e+02
   7.5861746e+02
   7.5871737e+02
   7.5881728e+02
   7.5891719e+02
   7.5901710e+02
   7.5911701e+02
   7.5921692e+02
   7.5931683e+02
   7.5941674e+02
   7.5951665e+02
   7.5961656e+02
   7.5971647e+02
   7.5981638e+02
   7.5991629e+02
   7.6001620e+02
   7.6011611e+02
   7.6021602e+02
   7.6031593e+02
   7.6041584e+02
   7.6051575e+02
   7.6061566e+02
   7.6071557e+02
   7.6081548e+02
   7.6091539e+02
   7.6101530e+02
   7.6111521e+02
   7.6121512e+02
   7.6131503e+02
   7.6141494e+02
   7.6151485e+02
   7.6161476e+02
   7.6171467e+02
   7.6181458e+02
   7.6191449e+02
   7.6201440e+02
   7.6211431e+02
   7.6221422e+02
   7.6231413e+02
   7.6241404e+02
   7.6251395e+02
   7.6261386e+02
   7.6271377e+02
   7.6281368e+02
   7.6291359e+02
   7.6301350e+02
   7.6311341e+02
   7.6321332e+02
   7.6331323e+02
   7.6341314e+02
   7.6351305e+02
   7.6361296e+02
   7.6371287e+02
   7.6381278e+02
   7.6391269e+02
   7.6401260e+02
   7.6411251e+02
   7.6421242e+02
   7.6431233e+02
   7.6441224e+02
   7.6451215e+02
   7.6461206e+02
   7.6471197e+02
   7.6481188e+02
   7.6491179e+02
   7.6501170e+02
   7.6511161e+02
   7.6521152e+02
   7.6531143e+02
   7.6541134e+02
   7.6551125e+02
   7.6561116e+02
   7.6571107e+02
   7.6581098e+02
   7.6591089e+02
   7.6601080e+02
   7.6611071e+02
   7.6621062e+02
   7.6631053e+02
   7.6641044e+02
   7.6651035e+02
   7.6661026e+02
   7.6671017e+02
   7.6681008e+02
   7.6690999e+02
   7.6700990e+02
   7.6710981e+02
   7.6720972e+02
   7.6730963e+02
   7.6740954e+02
   7.6750945e+02
   7.6760936e+02
   7.6770927e+02
   7.6780918e+02
   7.6790909e+02
   7.6800900e+02
   7.6810891e+02
   7.6820882e+02
   7.6830873e+02
   7.6840864e+02
   7.6850855e+02
   7.6860846e+02
   7.6870837e+02
   7.6880828e+02
   7.6890819e+02
   7.6900810e+02
   7.6910801e+02
   7.6920792e+02
   7.6930783e+02
   7.6940774e+02
   7.6950765e+02
   7.6960756e+02
   7.6970747e+02
   7.6980738e+02
   7.6990729e+02
   7.7000720e+02
   7.7010711e+02
   7.7020702e+02
   7.7030693e+02
   7.7040684e+02
   7.7050675e+02
   7.7060666e+02
   7.7070657e+02
   7.7080648e+02
   7.7090639e+02
   7.7100630e+02
   7.7110621e+02
   7.7120612e+02
   7.7130603e+02
   7.7140594e+02
   7.7150585e+02
   7.7160576e+02
   7.7170567e+02
   7.7180558e+02
   7.7190549e+02
   7.7200540e+02
   7.7210531e+02
   7.7220522e+02
   7.7230513e+02
   7.7240504e+02
   7.7250495e+02
   7.7260486e+02
   7.7270477e+02
   7.7280468e+02
   7.7290459e+02
   7.7300450e+02
   7.7310441e+02
   7.7320432e+02
   7.7330423e+02
   7.7340414e+02
   7.7350405e+02
   7.7360396e+02
   7.7370387e+02
   7.7380378e+02
   7.7390369e+02
   7.7400360e+02
   7.7410351e+02
   7.7420342e+02
   7.7430333e+02
   7.7440324e+02
   7.7450315e+02
   7.7460306e+02
   7.7470297e+02
   7.7480288e+02
   7.7490279e+02
   7.7500270e+02
   7.7510261e+02
   7.7520252e+02
   7.7530243e+02
   7.7540234e+02
   7.7550225e+02
   7.7560216e+02
   7.7570207e+02
   7.7580198e+02
   7.7590189e+02
   7.7600180e+02
   7.7610171e+02
   7.7620162e+02
   7.7630153e+02
   7.7640144e+02
   7.7650135e+02
   7.7660126e+02
   7.7670117e+02
   7.7680108e+02
   7.7690099e+02
   7.7700090e+02
   7.7710081e+02
   7.7720072e+02
   7.7730063e+02
   7.7740054e+02
   7.7750045e+02
   7.7760036e+02
   7.7770027e+02
   7.7780018e+02
   7.7790009e+02
   7.7800000e+02
   7.7809991e+02
   7.7819982e+02
   7.7829973e+02
   7.7839964e+02
   7.7849955e+02
   7.7859946e+02
   7.7869937e+02
   7.7879928e+02
   7.7889919e+02
   7.7899910e+02
   7.7909901e+02
   7.7919892e+02
   7.7929883e+02
   7.7939874e+02
   7.7949865e+02
   7.7959856e+02
   7.7969847e+02
   7.7979838e+02
   7.7989829e+02
   7.7999820e+02
   7.8009811e+02
   7.8019802e+02
   7.8029793e+02
   7.8039784e+02
   7.8049775e+02
   7.8059766e+02
   7.8069757e+02
   7.8079748e+02
   7.8089739e+02
   7.8099730e+02
   7.8109721e+02
   7.8119712e+02
   7.8129703e+02
   7.8139694e+02
   7.8149685e+02
   7.8159676e+02
   7.8169667e+02
   7.8179658e+02
   7.8189649e+02
   7.8199640e+02
   7.8209631e+02
   7.8219622e+02
   7.8229613e+02
   7.8239604e+02
   7.8249595e+02
   7.8259586e+02
   7.8269577e+02
   7.8279568e+02
   7.8289559e+02
   7.8299550e+02
   7.8309541e+02
   7.8319532e+02
   7.8329523e+02
   7.8339514e+02
   7.8349505e+02
   7.8359496e+02
   7.8369487e+02
   7.8379478e+02
   7.8389469e+02
   7.8399460e+02
   7.8409451e+02
   7.8419442e+02
   7.8429433e+02
   7.8439424e+02
   7.8449415e+02
   7.8459406e+02
   7.8469397e+02
   7.8479388e+02
   7.8489379e+02
   7.8499370e+02
   7.8509361e+02
   7.8519352e+02
   7.8529343e+02
   7.8539334e+02
   7.8549325e+02
   7.8559316e+02
   7.8569307e+02
   7.8579298e+02
   7.8589289e+02
   7.8599280e+02
   7.8609271e+02
   7.8619262e+02
   7.8629253e+02
   7.8639244e+02
   7.8649235e+02
   7.8659226e+02
   7.8669217e+02
   7.8679208e+02
   7.8689199e+02
   7.8699190e+02
   7.8709181e+02
   7.8719172e+02
   7.8729163e+02
   7.8739154e+02
   7.8749145e+02
   7.8759136e+02
   7.8769127e+02
   7.8779118e+02
   7.8789109e+02
   7.8799100e+02
   7.8809091e+02
   7.8819082e+02
   7.8829073e+02
   7.8839064e+02
   7.8849055e+02
   7.8859046e+02
   7.8869037e+02
   7.8879028e+02
   7.8889019e+02
   7.8899010e+02
   7.8909001e+02
   7.8918992e+02
   7.8928983e+02
   7.8938974e+02
   7.8948965e+02
   7.8958956e+02
   7.8968947e+02
   7.8978938e+02
   7.8988929e+02
   7.8998920e+02
   7.9008911e+02
   7.9018902e+02
   7.9028893e+02
   7.9038884e+02
   7.9048875e+02
   7.9058866e+02
   7.9068857e+02
   7.9078848e+02
   7.9088839e+02
   7.9098830e+02
   7.9108821e+02
   7.9118812e+02
   7.9128803e+02
   7.9138794e+02
   7.9148785e+02
   7.9158776e+02
   7.9168767e+02
   7.9178758e+02
   7.9188749e+02
   7.9198740e+02
   7.9208731e+02
   7.9218722e+02
   7.9228713e+02
   7.9238704e+02
   7.9248695e+02
   7.9258686e+02
   7.9268677e+02
   7.9278668e+02
   7.9288659e+02
   7.9298650e+02
   7.9308641e+02
   7.9318632e+02
   7.9328623e+02
   7.9338614e+02
   7.9348605e+02
   7.9358596e+02
   7.9368587e+02
   7.9378578e+02
   7.9388569e+02
   7.9398560e+02
   7.9408551e+02
   7.9418542e+02
   7.9428533e+02
   7.9438524e+02
   7.9448515e+02
   7.9458506e+02
   7.9468497e+02
   7.9478488e+02
   7.9488479e+02
   7.9498470e+02
   7.9508461e+02
   7.9518452e+02
   7.9528443e+02
   7.9538434e+02
   7.9548425e+02
   7.9558416e+02
   7.9568407e+02
   7.9578398e+02
   7.9588389e+02
   7.9598380e+02
   7.9608371e+02
   7.9618362e+02
   7.9628353e+02
   7.9638344e+02
   7.9648335e+02
   7.9658326e+02
   7.9668317e+02
   7.9678308e+02
   7.9688299e+02
   7.9698290e+02
   7.9708281e+02
   7.9718272e+02
   7.9728263e+02
   7.9738254e+02
   7.9748245e+02
   7.9758236e+02
   7.9768227e+02
   7.9778218e+02
   7.9788209e+02
   7.9798200e+02
   7.9808191e+02
   7.9818182e+02
   7.9828173e+02
   7.9838164e+02
   7.9848155e+02
   7.9858146e+02
   7.9868137e+02
   7.9878128e+02
   7.9888119e+02
   7.9898110e+02
   7.9908101e+02
   7.9918092e+02
   7.9928083e+02
   7.9938074e+02
   7.9948065e+02
   7.9958056e+02
   7.9968047e+02
   7.9978038e+02
   7.9988029e+02
   7.9998020e+02
   8.0008011e+02
   8.0018002e+02
   8.0027993e+02
   8.0037984e+02
   8.0047975e+02
   8.0057966e+02
   8.0067957e+02
   8.0077948e+02
   8.0087939e+02
   8.0097930e+02
   8.0107921e+02
   8.0117912e+02
   8.0127903e+02
   8.0137894e+02
   8.0147885e+02
   8.0157876e+02
   8.0167867e+02
   8.0177858e+02
   8.0187849e+02
   8.0197840e+02
   8.0207831e+02
   8.0217822e+02
   8.0227813e+02
   8.0237804e+02
   8.0247795e+02
   8.0257786e+02
   8.0267777e+02
   8.0277768e+02
   8.0287759e+02
   8.0297750e+02
   8.0307741e+02
   8.0317732e+02
   8.0327723e+02
   8.0337714e+02
   8.0347705e+02
   8.0357696e+02
   8.0367687e+02
   8.0377678e+02
   8.0387669e+02
   8.0397660e+02
   8.0407651e+02
   8.0417642e+02
   8.0427633e+02
   8.0437624e+02
   8.0447615e+02
   8.0457606e+02
   8.0467597e+02
   8.0477588e+02
   8.0487579e+02
   8.0497570e+02
   8.0507561e+02
   8.0517552e+02
   8.0527543e+02
   8.0537534e+02
   8.0547525e+02
   8.0557516e+02
   8.0567507e+02
   8.0577498e+02
   8.0587489e+02
   8.0597480e+02
   8.0607471e+02
   8.0617462e+02
   8.0627453e+02
   8.0637444e+02
   8.0647435e+02
   8.0657426e+02
   8.0667417e+02
   8.0677408e+02
   8.0687399e+02
   8.0697390e+02
   8.0707381e+02
   8.0717372e+02
   8.0727363e+02
   8.0737354e+02
   8.0747345e+02
   8.0757336e+02
   8.0767327e+02
   8.0777318e+02
   8.0787309e+02
   8.0797300e+02
   8.0807291e+02
   8.0817282e+02
   8.0827273e+02
   8.0837264e+02
   8.0847255e+02
   8.0857246e+02
   8.0867237e+02
   8.0877228e+02
   8.0887219e+02
   8.0897210e+02
   8.0907201e+02
   8.0917192e+02
   8.0927183e+02
   8.0937174e+02
   8.0947165e+02
   8.0957156e+02
   8.0967147e+02
   8.0977138e+02
   8.0987129e+02
   8.0997120e+02
   8.1007111e+02
   8.1017102e+02
   8.1027093e+02
   8.1037084e+02
   8.1047075e+02
   8.1057066e+02
   8.1067057e+02
   8.1077048e+02
   8.1087039e+02
   8.1097030e+02
   8.1107021e+02
   8.1117012e+02
   8.1127003e+02
   8.1136994e+02
   8.1146985e+02
   8.1156976e+02
   8.1166967e+02
   8.1176958e+02
   8.1186949e+02
   8.1196940e+02
   8.1206931e+02
   8.1216922e+02
   8.1226913e+02
   8.1236904e+02
   8.1246895e+02
   8.1256886e+02
   8.1266877e+02
   8.1276868e+02
   8.1286859e+02
   8.1296850e+02
   8.1306841e+02
   8.1316832e+02
   8.1326823e+02
   8.1336814e+02
   8.1346805e+02
   8.1356796e+02
   8.1366787e+02
   8.1376778e+02
   8.1386769e+02
   8.1396760e+02
   8.1406751e+02
   8.1416742e+02
   8.1426733e+02
   8.1436724e+02
   8.1446715e+02
   8.1456706e+02
   8.1466697e+02
   8.1476688e+02
   8.1486679e+02
   8.1496670e+02
   8.1506661e+02
   8.1516652e+02
   8.1526643e+02
   8.1536634e+02
   8.1546625e+02
   8.1556616e+02
   8.1566607e+02
   8.1576598e+02
   8.1586589e+02
   8.1596580e+02
   8.1606571e+02
   8.1616562e+02
   8.1626553e+02
   8.1636544e+02
   8.1646535e+02
   8.1656526e+02
   8.1666517e+02
   8.1676508e+02
   8.1686499e+02
   8.1696490e+02
   8.1706481e+02
   8.1716472e+02
   8.1726463e+02
   8.1736454e+02
   8.1746445e+02
   8.1756436e+02
   8.1766427e+02
   8.1776418e+02
   8.1786409e+02
   8.1796400e+02
   8.1806391e+02
   8.1816382e+02
   8.1826373e+02
   8.1836364e+02
   8.1846355e+02
   8.1856346e+02
   8.1866337e+02
   8.1876328e+02
   8.1886319e+02
   8.1896310e+02
   8.1906301e+02
   8.1916292e+02
   8.1926283e+02
   8.1936274e+02
   8.1946265e+02
   8.1956256e+02
   8.1966247e+02
   8.1976238e+02
   8.1986229e+02
   8.1996220e+02
   8.2006211e+02
   8.2016202e+02
   8.2026193e+02
   8.2036184e+02
   8.2046175e+02
   8.2056166e+02
   8.2066157e+02
   8.2076148e+02
   8.2086139e+02
   8.2096130e+02
   8.2106121e+02
   8.2116112e+02
   8.2126103e+02
   8.2136094e+02
   8.2146085e+02
   8.2156076e+02
   8.2166067e+02
   8.2176058e+02
   8.2186049e+02
   8.2196040e+02
   8.2206031e+02
   8.2216022e+02
   8.2226013e+02
   8.2236004e+02
   8.2245995e+02
   8.2255986e+02
   8.2265977e+02
   8.2275968e+02
   8.2285959e+02
   8.2295950e+02
   8.2305941e+02
   8.2315932e+02
   8.2325923e+02
   8.2335914e+02
   8.2345905e+02
   8.2355896e+02
   8.2365887e+02
   8.2375878e+02
   8.2385869e+02
   8.2395860e+02
   8.2405851e+02
   8.2415842e+02
   8.2425833e+02
   8.2435824e+02
   8.2445815e+02
   8.2455806e+02
   8.2465797e+02
   8.2475788e+02
   8.2485779e+02
   8.2495770e+02
   8.2505761e+02
   8.2515752e+02
   8.2525743e+02
   8.2535734e+02
   8.2545725e+02
   8.2555716e+02
   8.2565707e+02
   8.2575698e+02
   8.2585689e+02
   8.2595680e+02
   8.2605671e+02
   8.2615662e+02
   8.2625653e+02
   8.2635644e+02
   8.2645635e+02
   8.2655626e+02
   8.2665617e+02
   8.2675608e+02
   8.2685599e+02
   8.2695590e+02
   8.2705581e+02
   8.2715572e+02
   8.2725563e+02
   8.2735554e+02
   8.2745545e+02
   8.2755536e+02
   8.2765527e+02
   8.2775518e+02
   8.2785509e+02
   8.2795500e+02
   8.2805491e+02
   8.2815482e+02
   8.2825473e+02
   8.2835464e+02
   8.2845455e+02
   8.2855446e+02
   8.2865437e+02
   8.2875428e+02
   8.2885419e+02
   8.2895410e+02
   8.2905401e+02
   8.2915392e+02
   8.2925383e+02
   8.2935374e+02
   8.2945365e+02
   8.2955356e+02
   8.2965347e+02
   8.2975338e+02
   8.2985329e+02
   8.2995320e+02
   8.3005311e+02
   8.3015302e+02
   8.3025293e+02
   8.3035284e+02
   8.3045275e+02
   8.3055266e+02
   8.3065257e+02
   8.3075248e+02
   8.3085239e+02
   8.3095230e+02
   8.3105221e+02
   8.3115212e+02
   8.3125203e+02
   8.3135194e+02
   8.3145185e+02
   8.3155176e+02
   8.3165167e+02
   8.3175158e+02
   8.3185149e+02
   8.3195140e+02
   8.3205131e+02
   8.3215122e+02
   8.3225113e+02
   8.3235104e+02
   8.3245095e+02
   8.3255086e+02
   8.3265077e+02
   8.3275068e+02
   8.3285059e+02
   8.3295050e+02
   8.3305041e+02
   8.3315032e+02
   8.3325023e+02
   8.3335014e+02
   8.3345005e+02
   8.3354995e+02
   8.3364986e+02
   8.3374977e+02
   8.3384968e+02
   8.3394959e+02
   8.3404950e+02
   8.3414941e+02
   8.3424932e+02
   8.3434923e+02
   8.3444914e+02
   8.3454905e+02
   8.3464896e+02
   8.3474887e+02
   8.3484878e+02
   8.3494869e+02
   8.3504860e+02
   8.3514851e+02
   8.3524842e+02
   8.3534833e+02
   8.3544824e+02
   8.3554815e+02
   8.3564806e+02
   8.3574797e+02
   8.3584788e+02
   8.3594779e+02
   8.3604770e+02
   8.3614761e+02
   8.3624752e+02
   8.3634743e+02
   8.3644734e+02
   8.3654725e+02
   8.3664716e+02
   8.3674707e+02
   8.3684698e+02
   8.3694689e+02
   8.3704680e+02
   8.3714671e+02
   8.3724662e+02
   8.3734653e+02
   8.3744644e+02
   8.3754635e+02
   8.3764626e+02
   8.3774617e+02
   8.3784608e+02
   8.3794599e+02
   8.3804590e+02
   8.3814581e+02
   8.3824572e+02
   8.3834563e+02
   8.3844554e+02
   8.3854545e+02
   8.3864536e+02
   8.3874527e+02
   8.3884518e+02
   8.3894509e+02
   8.3904500e+02
   8.3914491e+02
   8.3924482e+02
   8.3934473e+02
   8.3944464e+02
   8.3954455e+02
   8.3964446e+02
   8.3974437e+02
   8.3984428e+02
   8.3994419e+02
   8.4004410e+02
   8.4014401e+02
   8.4024392e+02
   8.4034383e+02
   8.4044374e+02
   8.4054365e+02
   8.4064356e+02
   8.4074347e+02
   8.4084338e+02
   8.4094329e+02
   8.4104320e+02
   8.4114311e+02
   8.4124302e+02
   8.4134293e+02
   8.4144284e+02
   8.4154275e+02
   8.4164266e+02
   8.4174257e+02
   8.4184248e+02
   8.4194239e+02
   8.4204230e+02
   8.4214221e+02
   8.4224212e+02
   8.4234203e+02
   8.4244194e+02
   8.4254185e+02
   8.4264176e+02
   8.4274167e+02
   8.4284158e+02
   8.4294149e+02
   8.4304140e+02
   8.4314131e+02
   8.4324122e+02
   8.4334113e+02
   8.4344104e+02
   8.4354095e+02
   8.4364086e+02
   8.4374077e+02
   8.4384068e+02
   8.4394059e+02
   8.4404050e+02
   8.4414041e+02
   8.4424032e+02
   8.4434023e+02
   8.4444014e+02
   8.4454005e+02
   8.4463996e+02
   8.4473987e+02
   8.4483978e+02
   8.4493969e+02
   8.4503960e+02
   8.4513951e+02
   8.4523942e+02
   8.4533933e+02
   8.4543924e+02
   8.4553915e+02
   8.4563906e+02
   8.4573897e+02
   8.4583888e+02
   8.4593879e+02
   8.4603870e+02
   8.4613861e+02
   8.4623852e+02
   8.4633843e+02
   8.4643834e+02
   8.4653825e+02
   8.4663816e+02
   8.4673807e+02
   8.4683798e+02
   8.4693789e+02
   8.4703780e+02
   8.4713771e+02
   8.4723762e+02
   8.4733753e+02
   8.4743744e+02
   8.4753735e+02
   8.4763726e+02
   8.4773717e+02
   8.4783708e+02
   8.4793699e+02
   8.4803690e+02
   8.4813681e+02
   8.4823672e+02
   8.4833663e+02
   8.4843654e+02
   8.4853645e+02
   8.4863636e+02
   8.4873627e+02
   8.4883618e+02
   8.4893609e+02
   8.4903600e+02
   8.4913591e+02
   8.4923582e+02
   8.4933573e+02
   8.4943564e+02
   8.4953555e+02
   8.4963546e+02
   8.4973537e+02
   8.4983528e+02
   8.4993519e+02
   8.5003510e+02
   8.5013501e+02
   8.5023492e+02
   8.5033483e+02
   8.5043474e+02
   8.5053465e+02
   8.5063456e+02
   8.5073447e+02
   8.5083438e+02
   8.5093429e+02
   8.5103420e+02
   8.5113411e+02
   8.5123402e+02
   8.5133393e+02
   8.5143384e+02
   8.5153375e+02
   8.5163366e+02
   8.5173357e+02
   8.5183348e+02
   8.5193339e+02
   8.5203330e+02
   8.5213321e+02
   8.5223312e+02
   8.5233303e+02
   8.5243294e+02
   8.5253285e+02
   8.5263276e+02
   8.5273267e+02
   8.5283258e+02
   8.5293249e+02
   8.5303240e+02
   8.5313231e+02
   8.5323222e+02
   8.5333213e+02
   8.5343204e+02
   8.5353195e+02
   8.5363186e+02
   8.5373177e+02
   8.5383168e+02
   8.5393159e+02
   8.5403150e+02
   8.5413141e+02
   8.5423132e+02
   8.5433123e+02
   8.5443114e+02
   8.5453105e+02
   8.5463096e+02
   8.5473087e+02
   8.5483078e+02
   8.5493069e+02
   8.5503060e+02
   8.5513051e+02
   8.5523042e+02
   8.5533033e+02
   8.5543024e+02
   8.5553015e+02
   8.5563006e+02
   8.5572997e+02
   8.5582988e+02
   8.5592979e+02
   8.5602970e+02
   8.5612961e+02
   8.5622952e+02
   8.5632943e+02
   8.5642934e+02
   8.5652925e+02
   8.5662916e+02
   8.5672907e+02
   8.5682898e+02
   8.5692889e+02
   8.5702880e+02
   8.5712871e+02
   8.5722862e+02
   8.5732853e+02
   8.5742844e+02
   8.5752835e+02
   8.5762826e+02
   8.5772817e+02
   8.5782808e+02
   8.5792799e+02
   8.5802790e+02
   8.5812781e+02
   8.5822772e+02
   8.5832763e+02
   8.5842754e+02
   8.5852745e+02
   8.5862736e+02
   8.5872727e+02
   8.5882718e+02
   8.5892709e+02
   8.5902700e+02
   8.5912691e+02
   8.5922682e+02
   8.5932673e+02
   8.5942664e+02
   8.5952655e+02
   8.5962646e+02
   8.5972637e+02
   8.5982628e+02
   8.5992619e+02
   8.6002610e+02
   8.6012601e+02
   8.6022592e+02
   8.6032583e+02
   8.6042574e+02
   8.6052565e+02
   8.6062556e+02
   8.6072547e+02
   8.6082538e+02
   8.6092529e+02
   8.6102520e+02
   8.6112511e+02
   8.6122502e+02
   8.6132493e+02
   8.6142484e+02
   8.6152475e+02
   8.6162466e+02
   8.6172457e+02
   8.6182448e+02
   8.6192439e+02
   8.6202430e+02
   8.6212421e+02
   8.6222412e+02
   8.6232403e+02
   8.6242394e+02
   8.6252385e+02
   8.6262376e+02
   8.6272367e+02
   8.6282358e+02
   8.6292349e+02
   8.6302340e+02
   8.6312331e+02
   8.6322322e+02
   8.6332313e+02
   8.6342304e+02
   8.6352295e+02
   8.6362286e+02
   8.6372277e+02
   8.6382268e+02
   8.6392259e+02
   8.6402250e+02
   8.6412241e+02
   8.6422232e+02
   8.6432223e+02
   8.6442214e+02
   8.6452205e+02
   8.6462196e+02
   8.6472187e+02
   8.6482178e+02
   8.6492169e+02
   8.6502160e+02
   8.6512151e+02
   8.6522142e+02
   8.6532133e+02
   8.6542124e+02
   8.6552115e+02
   8.6562106e+02
   8.6572097e+02
   8.6582088e+02
   8.6592079e+02
   8.6602070e+02
   8.6612061e+02
   8.6622052e+02
   8.6632043e+02
   8.6642034e+02
   8.6652025e+02
   8.6662016e+02
   8.6672007e+02
   8.6681998e+02
   8.6691989e+02
   8.6701980e+02
   8.6711971e+02
   8.6721962e+02
   8.6731953e+02
   8.6741944e+02
   8.6751935e+02
   8.6761926e+02
   8.6771917e+02
   8.6781908e+02
   8.6791899e+02
   8.6801890e+02
   8.6811881e+02
   8.6821872e+02
   8.6831863e+02
   8.6841854e+02
   8.6851845e+02
   8.6861836e+02
   8.6871827e+02
   8.6881818e+02
   8.6891809e+02
   8.6901800e+02
   8.6911791e+02
   8.6921782e+02
   8.6931773e+02
   8.6941764e+02
   8.6951755e+02
   8.6961746e+02
   8.6971737e+02
   8.6981728e+02
   8.6991719e+02
   8.7001710e+02
   8.7011701e+02
   8.7021692e+02
   8.7031683e+02
   8.7041674e+02
   8.7051665e+02
   8.7061656e+02
   8.7071647e+02
   8.7081638e+02
   8.7091629e+02
   8.7101620e+02
   8.7111611e+02
   8.7121602e+02
   8.7131593e+02
   8.7141584e+02
   8.7151575e+02
   8.7161566e+02
   8.7171557e+02
   8.7181548e+02
   8.7191539e+02
   8.7201530e+02
   8.7211521e+02
   8.7221512e+02
   8.7231503e+02
   8.7241494e+02
   8.7251485e+02
   8.7261476e+02
   8.7271467e+02
   8.7281458e+02
   8.7291449e+02
   8.7301440e+02
   8.7311431e+02
   8.7321422e+02
   8.7331413e+02
   8.7341404e+02
   8.7351395e+02
   8.7361386e+02
   8.7371377e+02
   8.7381368e+02
   8.7391359e+02
   8.7401350e+02
   8.7411341e+02
   8.7421332e+02
   8.7431323e+02
   8.7441314e+02
   8.7451305e+02
   8.7461296e+02
   8.7471287e+02
   8.7481278e+02
   8.7491269e+02
   8.7501260e+02
   8.7511251e+02
   8.7521242e+02
   8.7531233e+02
   8.7541224e+02
   8.7551215e+02
   8.7561206e+02
   8.7571197e+02
   8.7581188e+02
   8.7591179e+02
   8.7601170e+02
   8.7611161e+02
   8.7621152e+02
   8.7631143e+02
   8.7641134e+02
   8.7651125e+02
   8.7661116e+02
   8.7671107e+02
   8.7681098e+02
   8.7691089e+02
   8.7701080e+02
   8.7711071e+02
   8.7721062e+02
   8.7731053e+02
   8.7741044e+02
   8.7751035e+02
   8.7761026e+02
   8.7771017e+02
   8.7781008e+02
   8.7790999e+02
   8.7800990e+02
   8.7810981e+02
   8.7820972e+02
   8.7830963e+02
   8.7840954e+02
   8.7850945e+02
   8.7860936e+02
   8.7870927e+02
   8.7880918e+02
   8.7890909e+02
   8.7900900e+02
   8.7910891e+02
   8.7920882e+02
   8.7930873e+02
   8.7940864e+02
   8.7950855e+02
   8.7960846e+02
   8.7970837e+02
   8.7980828e+02
   8.7990819e+02
   8.8000810e+02
   8.8010801e+02
   8.8020792e+02
   8.8030783e+02
   8.8040774e+02
   8.8050765e+02
   8.8060756e+02
   8.8070747e+02
   8.8080738e+02
   8.8090729e+02
   8.8100720e+02
   8.8110711e+02
   8.8120702e+02
   8.8130693e+02
   8.8140684e+02
   8.8150675e+02
   8.8160666e+02
   8.8170657e+02
   8.8180648e+02
   8.8190639e+02
   8.8200630e+02
   8.8210621e+02
   8.8220612e+02
   8.8230603e+02
   8.8240594e+02
   8.8250585e+02
   8.8260576e+02
   8.8270567e+02
   8.8280558e+02
   8.8290549e+02
   8.8300540e+02
   8.8310531e+02
   8.8320522e+02
   8.8330513e+02
   8.8340504e+02
   8.8350495e+02
   8.8360486e+02
   8.8370477e+02
   8.8380468e+02
   8.8390459e+02
   8.8400450e+02
   8.8410441e+02
   8.8420432e+02
   8.8430423e+02
   8.8440414e+02
   8.8450405e+02
   8.8460396e+02
   8.8470387e+02
   8.8480378e+02
   8.8490369e+02
   8.8500360e+02
   8.8510351e+02
   8.8520342e+02
   8.8530333e+02
   8.8540324e+02
   8.8550315e+02
   8.8560306e+02
   8.8570297e+02
   8.8580288e+02
   8.8590279e+02
   8.8600270e+02
   8.8610261e+02
   8.8620252e+02
   8.8630243e+02
   8.8640234e+02
   8.8650225e+02
   8.8660216e+02
   8.8670207e+02
   8.8680198e+02
   8.8690189e+02
   8.8700180e+02
   8.8710171e+02
   8.8720162e+02
   8.8730153e+02
   8.8740144e+02
   8.8750135e+02
   8.8760126e+02
   8.8770117e+02
   8.8780108e+02
   8.8790099e+02
   8.8800090e+02
   8.8810081e+02
   8.8820072e+02
   8.8830063e+02
   8.8840054e+02
   8.8850045e+02
   8.8860036e+02
   8.8870027e+02
   8.8880018e+02
   8.8890009e+02
   8.8900000e+02
   8.8909991e+02
   8.8919982e+02
   8.8929973e+02
   8.8939964e+02
   8.8949955e+02
   8.8959946e+02
   8.8969937e+02
   8.8979928e+02
   8.8989919e+02
   8.8999910e+02
   8.9009901e+02
   8.9019892e+02
   8.9029883e+02
   8.9039874e+02
   8.9049865e+02
   8.9059856e+02
   8.9069847e+02
   8.9079838e+02
   8.9089829e+02
   8.9099820e+02
   8.9109811e+02
   8.9119802e+02
   8.9129793e+02
   8.9139784e+02
   8.9149775e+02
   8.9159766e+02
   8.9169757e+02
   8.9179748e+02
   8.9189739e+02
   8.9199730e+02
   8.9209721e+02
   8.9219712e+02
   8.9229703e+02
   8.9239694e+02
   8.9249685e+02
   8.9259676e+02
   8.9269667e+02
   8.9279658e+02
   8.9289649e+02
   8.9299640e+02
   8.9309631e+02
   8.9319622e+02
   8.9329613e+02
   8.9339604e+02
   8.9349595e+02
   8.9359586e+02
   8.9369577e+02
   8.9379568e+02
   8.9389559e+02
   8.9399550e+02
   8.9409541e+02
   8.9419532e+02
   8.9429523e+02
   8.9439514e+02
   8.9449505e+02
   8.9459496e+02
   8.9469487e+02
   8.9479478e+02
   8.9489469e+02
   8.9499460e+02
   8.9509451e+02
   8.9519442e+02
   8.9529433e+02
   8.9539424e+02
   8.9549415e+02
   8.9559406e+02
   8.9569397e+02
   8.9579388e+02
   8.9589379e+02
   8.9599370e+02
   8.9609361e+02
   8.9619352e+02
   8.9629343e+02
   8.9639334e+02
   8.9649325e+02
   8.9659316e+02
   8.9669307e+02
   8.9679298e+02
   8.9689289e+02
   8.9699280e+02
   8.9709271e+02
   8.9719262e+02
   8.9729253e+02
   8.9739244e+02
   8.9749235e+02
   8.9759226e+02
   8.9769217e+02
   8.9779208e+02
   8.9789199e+02
   8.9799190e+02
   8.9809181e+02
   8.9819172e+02
   8.9829163e+02
   8.9839154e+02
   8.9849145e+02
   8.9859136e+02
   8.9869127e+02
   8.9879118e+02
   8.9889109e+02
   8.9899100e+02
   8.9909091e+02
   8.9919082e+02
   8.9929073e+02
   8.9939064e+02
   8.9949055e+02
   8.9959046e+02
   8.9969037e+02
   8.9979028e+02
   8.9989019e+02
   8.9999010e+02
   9.0009001e+02
   9.0018992e+02
   9.0028983e+02
   9.0038974e+02
   9.0048965e+02
   9.0058956e+02
   9.0068947e+02
   9.0078938e+02
   9.0088929e+02
   9.0098920e+02
   9.0108911e+02
   9.0118902e+02
   9.0128893e+02
   9.0138884e+02
   9.0148875e+02
   9.0158866e+02
   9.0168857e+02
   9.0178848e+02
   9.0188839e+02
   9.0198830e+02
   9.0208821e+02
   9.0218812e+02
   9.0228803e+02
   9.0238794e+02
   9.0248785e+02
   9.0258776e+02
   9.0268767e+02
   9.0278758e+02
   9.0288749e+02
   9.0298740e+02
   9.0308731e+02
   9.0318722e+02
   9.0328713e+02
   9.0338704e+02
   9.0348695e+02
   9.0358686e+02
   9.0368677e+02
   9.0378668e+02
   9.0388659e+02
   9.0398650e+02
   9.0408641e+02
   9.0418632e+02
   9.0428623e+02
   9.0438614e+02
   9.0448605e+02
   9.0458596e+02
   9.0468587e+02
   9.0478578e+02
   9.0488569e+02
   9.0498560e+02
   9.0508551e+02
   9.0518542e+02
   9.0528533e+02
   9.0538524e+02
   9.0548515e+02
   9.0558506e+02
   9.0568497e+02
   9.0578488e+02
   9.0588479e+02
   9.0598470e+02
   9.0608461e+02
   9.0618452e+02
   9.0628443e+02
   9.0638434e+02
   9.0648425e+02
   9.0658416e+02
   9.0668407e+02
   9.0678398e+02
   9.0688389e+02
   9.0698380e+02
   9.0708371e+02
   9.0718362e+02
   9.0728353e+02
   9.0738344e+02
   9.0748335e+02
   9.0758326e+02
   9.0768317e+02
   9.0778308e+02
   9.0788299e+02
   9.0798290e+02
   9.0808281e+02
   9.0818272e+02
   9.0828263e+02
   9.0838254e+02
   9.0848245e+02
   9.0858236e+02
   9.0868227e+02
   9.0878218e+02
   9.0888209e+02
   9.0898200e+02
   9.0908191e+02
   9.0918182e+02
   9.0928173e+02
   9.0938164e+02
   9.0948155e+02
   9.0958146e+02
   9.0968137e+02
   9.0978128e+02
   9.0988119e+02
   9.0998110e+02
   9.1008101e+02
   9.1018092e+02
   9.1028083e+02
   9.1038074e+02
   9.1048065e+02
   9.1058056e+02
   9.1068047e+02
   9.1078038e+02
   9.1088029e+02
   9.1098020e+02
   9.1108011e+02
   9.1118002e+02
   9.1127993e+02
   9.1137984e+02
   9.1147975e+02
   9.1157966e+02
   9.1167957e+02
   9.1177948e+02
   9.1187939e+02
   9.1197930e+02
   9.1207921e+02
   9.1217912e+02
   9.1227903e+02
   9.1237894e+02
   9.1247885e+02
   9.1257876e+02
   9.1267867e+02
   9.1277858e+02
   9.1287849e+02
   9.1297840e+02
   9.1307831e+02
   9.1317822e+02
   9.1327813e+02
   9.1337804e+02
   9.1347795e+02
   9.1357786e+02
   9.1367777e+02
   9.1377768e+02
   9.1387759e+02
   9.1397750e+02
   9.1407741e+02
   9.1417732e+02
   9.1427723e+02
   9.1437714e+02
   9.1447705e+02
   9.1457696e+02
   9.1467687e+02
   9.1477678e+02
   9.1487669e+02
   9.1497660e+02
   9.1507651e+02
   9.1517642e+02
   9.1527633e+02
   9.1537624e+02
   9.1547615e+02
   9.1557606e+02
   9.1567597e+02
   9.1577588e+02
   9.1587579e+02
   9.1597570e+02
   9.1607561e+02
   9.1617552e+02
   9.1627543e+02
   9.1637534e+02
   9.1647525e+02
   9.1657516e+02
   9.1667507e+02
   9.1677498e+02
   9.1687489e+02
   9.1697480e+02
   9.1707471e+02
   9.1717462e+02
   9.1727453e+02
   9.1737444e+02
   9.1747435e+02
   9.1757426e+02
   9.1767417e+02
   9.1777408e+02
   9.1787399e+02
   9.1797390e+02
   9.1807381e+02
   9.1817372e+02
   9.1827363e+02
   9.1837354e+02
   9.1847345e+02
   9.1857336e+02
   9.1867327e+02
   9.1877318e+02
   9.1887309e+02
   9.1897300e+02
   9.1907291e+02
   9.1917282e+02
   9.1927273e+02
   9.1937264e+02
   9.1947255e+02
   9.1957246e+02
   9.1967237e+02
   9.1977228e+02
   9.1987219e+02
   9.1997210e+02
   9.2007201e+02
   9.2017192e+02
   9.2027183e+02
   9.2037174e+02
   9.2047165e+02
   9.2057156e+02
   9.2067147e+02
   9.2077138e+02
   9.2087129e+02
   9.2097120e+02
   9.2107111e+02
   9.2117102e+02
   9.2127093e+02
   9.2137084e+02
   9.2147075e+02
   9.2157066e+02
   9.2167057e+02
   9.2177048e+02
   9.2187039e+02
   9.2197030e+02
   9.2207021e+02
   9.2217012e+02
   9.2227003e+02
   9.2236994e+02
   9.2246985e+02
   9.2256976e+02
   9.2266967e+02
   9.2276958e+02
   9.2286949e+02
   9.2296940e+02
   9.2306931e+02
   9.2316922e+02
   9.2326913e+02
   9.2336904e+02
   9.2346895e+02
   9.2356886e+02
   9.2366877e+02
   9.2376868e+02
   9.2386859e+02
   9.2396850e+02
   9.2406841e+02
   9.2416832e+02
   9.2426823e+02
   9.2436814e+02
   9.2446805e+02
   9.2456796e+02
   9.2466787e+02
   9.2476778e+02
   9.2486769e+02
   9.2496760e+02
   9.2506751e+02
   9.2516742e+02
   9.2526733e+02
   9.2536724e+02
   9.2546715e+02
   9.2556706e+02
   9.2566697e+02
   9.2576688e+02
   9.2586679e+02
   9.2596670e+02
   9.2606661e+02
   9.2616652e+02
   9.2626643e+02
   9.2636634e+02
   9.2646625e+02
   9.2656616e+02
   9.2666607e+02
   9.2676598e+02
   9.2686589e+02
   9.2696580e+02
   9.2706571e+02
   9.2716562e+02
   9.2726553e+02
   9.2736544e+02
   9.2746535e+02
   9.2756526e+02
   9.2766517e+02
   9.2776508e+02
   9.2786499e+02
   9.2796490e+02
   9.2806481e+02
   9.2816472e+02
   9.2826463e+02
   9.2836454e+02
   9.2846445e+02
   9.2856436e+02
   9.2866427e+02
   9.2876418e+02
   9.2886409e+02
   9.2896400e+02
   9.2906391e+02
   9.2916382e+02
   9.2926373e+02
   9.2936364e+02
   9.2946355e+02
   9.2956346e+02
   9.2966337e+02
   9.2976328e+02
   9.2986319e+02
   9.2996310e+02
   9.3006301e+02
   9.3016292e+02
   9.3026283e+02
   9.3036274e+02
   9.3046265e+02
   9.3056256e+02
   9.3066247e+02
   9.3076238e+02
   9.3086229e+02
   9.3096220e+02
   9.3106211e+02
   9.3116202e+02
   9.3126193e+02
   9.3136184e+02
   9.3146175e+02
   9.3156166e+02
   9.3166157e+02
   9.3176148e+02
   9.3186139e+02
   9.3196130e+02
   9.3206121e+02
   9.3216112e+02
   9.3226103e+02
   9.3236094e+02
   9.3246085e+02
   9.3256076e+02
   9.3266067e+02
   9.3276058e+02
   9.3286049e+02
   9.3296040e+02
   9.3306031e+02
   9.3316022e+02
   9.3326013e+02
   9.3336004e+02
   9.3345995e+02
   9.3355986e+02
   9.3365977e+02
   9.3375968e+02
   9.3385959e+02
   9.3395950e+02
   9.3405941e+02
   9.3415932e+02
   9.3425923e+02
   9.3435914e+02
   9.3445905e+02
   9.3455896e+02
   9.3465887e+02
   9.3475878e+02
   9.3485869e+02
   9.3495860e+02
   9.3505851e+02
   9.3515842e+02
   9.3525833e+02
   9.3535824e+02
   9.3545815e+02
   9.3555806e+02
   9.3565797e+02
   9.3575788e+02
   9.3585779e+02
   9.3595770e+02
   9.3605761e+02
   9.3615752e+02
   9.3625743e+02
   9.3635734e+02
   9.3645725e+02
   9.3655716e+02
   9.3665707e+02
   9.3675698e+02
   9.3685689e+02
   9.3695680e+02
   9.3705671e+02
   9.3715662e+02
   9.3725653e+02
   9.3735644e+02
   9.3745635e+02
   9.3755626e+02
   9.3765617e+02
   9.3775608e+02
   9.3785599e+02
   9.3795590e+02
   9.3805581e+02
   9.3815572e+02
   9.3825563e+02
   9.3835554e+02
   9.3845545e+02
   9.3855536e+02
   9.3865527e+02
   9.3875518e+02
   9.3885509e+02
   9.3895500e+02
   9.3905491e+02
   9.3915482e+02
   9.3925473e+02
   9.3935464e+02
   9.3945455e+02
   9.3955446e+02
   9.3965437e+02
   9.3975428e+02
   9.3985419e+02
   9.3995410e+02
   9.4005401e+02
   9.4015392e+02
   9.4025383e+02
   9.4035374e+02
   9.4045365e+02
   9.4055356e+02
   9.4065347e+02
   9.4075338e+02
   9.4085329e+02
   9.4095320e+02
   9.4105311e+02
   9.4115302e+02
   9.4125293e+02
   9.4135284e+02
   9.4145275e+02
   9.4155266e+02
   9.4165257e+02
   9.4175248e+02
   9.4185239e+02
   9.4195230e+02
   9.4205221e+02
   9.4215212e+02
   9.4225203e+02
   9.4235194e+02
   9.4245185e+02
   9.4255176e+02
   9.4265167e+02
   9.4275158e+02
   9.4285149e+02
   9.4295140e+02
   9.4305131e+02
   9.4315122e+02
   9.4325113e+02
   9.4335104e+02
   9.4345095e+02
   9.4355086e+02
   9.4365077e+02
   9.4375068e+02
   9.4385059e+02
   9.4395050e+02
   9.4405041e+02
   9.4415032e+02
   9.4425023e+02
   9.4435014e+02
   9.4445005e+02
   9.4454995e+02
   9.4464986e+02
   9.4474977e+02
   9.4484968e+02
   9.4494959e+02
   9.4504950e+02
   9.4514941e+02
   9.4524932e+02
   9.4534923e+02
   9.4544914e+02
   9.4554905e+02
   9.4564896e+02
   9.4574887e+02
   9.4584878e+02
   9.4594869e+02
   9.4604860e+02
   9.4614851e+02
   9.4624842e+02
   9.4634833e+02
   9.4644824e+02
   9.4654815e+02
   9.4664806e+02
   9.4674797e+02
   9.4684788e+02
   9.4694779e+02
   9.4704770e+02
   9.4714761e+02
   9.4724752e+02
   9.4734743e+02
   9.4744734e+02
   9.4754725e+02
   9.4764716e+02
   9.4774707e+02
   9.4784698e+02
   9.4794689e+02
   9.4804680e+02
   9.4814671e+02
   9.4824662e+02
   9.4834653e+02
   9.4844644e+02
   9.4854635e+02
   9.4864626e+02
   9.4874617e+02
   9.4884608e+02
   9.4894599e+02
   9.4904590e+02
   9.4914581e+02
   9.4924572e+02
   9.4934563e+02
   9.4944554e+02
   9.4954545e+02
   9.4964536e+02
   9.4974527e+02
   9.4984518e+02
   9.4994509e+02
   9.5004500e+02
   9.5014491e+02
   9.5024482e+02
   9.5034473e+02
   9.5044464e+02
   9.5054455e+02
   9.5064446e+02
   9.5074437e+02
   9.5084428e+02
   9.5094419e+02
   9.5104410e+02
   9.5114401e+02
   9.5124392e+02
   9.5134383e+02
   9.5144374e+02
   9.5154365e+02
   9.5164356e+02
   9.5174347e+02
   9.5184338e+02
   9.5194329e+02
   9.5204320e+02
   9.5214311e+02
   9.5224302e+02
   9.5234293e+02
   9.5244284e+02
   9.5254275e+02
   9.5264266e+02
   9.5274257e+02
   9.5284248e+02
   9.5294239e+02
   9.5304230e+02
   9.5314221e+02
   9.5324212e+02
   9.5334203e+02
   9.5344194e+02
   9.5354185e+02
   9.5364176e+02
   9.5374167e+02
   9.5384158e+02
   9.5394149e+02
   9.5404140e+02
   9.5414131e+02
   9.5424122e+02
   9.5434113e+02
   9.5444104e+02
   9.5454095e+02
   9.5464086e+02
   9.5474077e+02
   9.5484068e+02
   9.5494059e+02
   9.5504050e+02
   9.5514041e+02
   9.5524032e+02
   9.5534023e+02
   9.5544014e+02
   9.5554005e+02
   9.5563996e+02
   9.5573987e+02
   9.5583978e+02
   9.5593969e+02
   9.5603960e+02
   9.5613951e+02
   9.5623942e+02
   9.5633933e+02
   9.5643924e+02
   9.5653915e+02
   9.5663906e+02
   9.5673897e+02
   9.5683888e+02
   9.5693879e+02
   9.5703870e+02
   9.5713861e+02
   9.5723852e+02
   9.5733843e+02
   9.5743834e+02
   9.5753825e+02
   9.5763816e+02
   9.5773807e+02
   9.5783798e+02
   9.5793789e+02
   9.5803780e+02
   9.5813771e+02
   9.5823762e+02
   9.5833753e+02
   9.5843744e+02
   9.5853735e+02
   9.5863726e+02
   9.5873717e+02
   9.5883708e+02
   9.5893699e+02
   9.5903690e+02
   9.5913681e+02
   9.5923672e+02
   9.5933663e+02
   9.5943654e+02
   9.5953645e+02
   9.5963636e+02
   9.5973627e+02
   9.5983618e+02
   9.5993609e+02
   9.6003600e+02
   9.6013591e+02
   9.6023582e+02
   9.6033573e+02
   9.6043564e+02
   9.6053555e+02
   9.6063546e+02
   9.6073537e+02
   9.6083528e+02
   9.6093519e+02
   9.6103510e+02
   9.6113501e+02
   9.6123492e+02
   9.6133483e+02
   9.6143474e+02
   9.6153465e+02
   9.6163456e+02
   9.6173447e+02
   9.6183438e+02
   9.6193429e+02
   9.6203420e+02
   9.6213411e+02
   9.6223402e+02
   9.6233393e+02
   9.6243384e+02
   9.6253375e+02
   9.6263366e+02
   9.6273357e+02
   9.6283348e+02
   9.6293339e+02
   9.6303330e+02
   9.6313321e+02
   9.6323312e+02
   9.6333303e+02
   9.6343294e+02
   9.6353285e+02
   9.6363276e+02
   9.6373267e+02
   9.6383258e+02
   9.6393249e+02
   9.6403240e+02
   9.6413231e+02
   9.6423222e+02
   9.6433213e+02
   9.6443204e+02
   9.6453195e+02
   9.6463186e+02
   9.6473177e+02
   9.6483168e+02
   9.6493159e+02
   9.6503150e+02
   9.6513141e+02
   9.6523132e+02
   9.6533123e+02
   9.6543114e+02
   9.6553105e+02
   9.6563096e+02
   9.6573087e+02
   9.6583078e+02
   9.6593069e+02
   9.6603060e+02
   9.6613051e+02
   9.6623042e+02
   9.6633033e+02
   9.6643024e+02
   9.6653015e+02
   9.6663006e+02
   9.6672997e+02
   9.6682988e+02
   9.6692979e+02
   9.6702970e+02
   9.6712961e+02
   9.6722952e+02
   9.6732943e+02
   9.6742934e+02
   9.6752925e+02
   9.6762916e+02
   9.6772907e+02
   9.6782898e+02
   9.6792889e+02
   9.6802880e+02
   9.6812871e+02
   9.6822862e+02
   9.6832853e+02
   9.6842844e+02
   9.6852835e+02
   9.6862826e+02
   9.6872817e+02
   9.6882808e+02
   9.6892799e+02
   9.6902790e+02
   9.6912781e+02
   9.6922772e+02
   9.6932763e+02
   9.6942754e+02
   9.6952745e+02
   9.6962736e+02
   9.6972727e+02
   9.6982718e+02
   9.6992709e+02
   9.7002700e+02
   9.7012691e+02
   9.7022682e+02
   9.7032673e+02
   9.7042664e+02
   9.7052655e+02
   9.7062646e+02
   9.7072637e+02
   9.7082628e+02
   9.7092619e+02
   9.7102610e+02
   9.7112601e+02
   9.7122592e+02
   9.7132583e+02
   9.7142574e+02
   9.7152565e+02
   9.7162556e+02
   9.7172547e+02
   9.7182538e+02
   9.7192529e+02
   9.7202520e+02
   9.7212511e+02
   9.7222502e+02
   9.7232493e+02
   9.7242484e+02
   9.7252475e+02
   9.7262466e+02
   9.7272457e+02
   9.7282448e+02
   9.7292439e+02
   9.7302430e+02
   9.7312421e+02
   9.7322412e+02
   9.7332403e+02
   9.7342394e+02
   9.7352385e+02
   9.7362376e+02
   9.7372367e+02
   9.7382358e+02
   9.7392349e+02
   9.7402340e+02
   9.7412331e+02
   9.7422322e+02
   9.7432313e+02
   9.7442304e+02
   9.7452295e+02
   9.7462286e+02
   9.7472277e+02
   9.7482268e+02
   9.7492259e+02
   9.7502250e+02
   9.7512241e+02
   9.7522232e+02
   9.7532223e+02
   9.7542214e+02
   9.7552205e+02
   9.7562196e+02
   9.7572187e+02
   9.7582178e+02
   9.7592169e+02
   9.7602160e+02
   9.7612151e+02
   9.7622142e+02
   9.7632133e+02
   9.7642124e+02
   9.7652115e+02
   9.7662106e+02
   9.7672097e+02
   9.7682088e+02
   9.7692079e+02
   9.7702070e+02
   9.7712061e+02
   9.7722052e+02
   9.7732043e+02
   9.7742034e+02
   9.7752025e+02
   9.7762016e+02
   9.7772007e+02
   9.7781998e+02
   9.7791989e+02
   9.7801980e+02
   9.7811971e+02
   9.7821962e+02
   9.7831953e+02
   9.7841944e+02
   9.7851935e+02
   9.7861926e+02
   9.7871917e+02
   9.7881908e+02
   9.7891899e+02
   9.7901890e+02
   9.7911881e+02
   9.7921872e+02
   9.7931863e+02
   9.7941854e+02
   9.7951845e+02
   9.7961836e+02
   9.7971827e+02
   9.7981818e+02
   9.7991809e+02
   9.8001800e+02
   9.8011791e+02
   9.8021782e+02
   9.8031773e+02
   9.8041764e+02
   9.8051755e+02
   9.8061746e+02
   9.8071737e+02
   9.8081728e+02
   9.8091719e+02
   9.8101710e+02
   9.8111701e+02
   9.8121692e+02
   9.8131683e+02
   9.8141674e+02
   9.8151665e+02
   9.8161656e+02
   9.8171647e+02
   9.8181638e+02
   9.8191629e+02
   9.8201620e+02
   9.8211611e+02
   9.8221602e+02
   9.8231593e+02
   9.8241584e+02
   9.8251575e+02
   9.8261566e+02
   9.8271557e+02
   9.8281548e+02
   9.8291539e+02
   9.8301530e+02
   9.8311521e+02
   9.8321512e+02
   9.8331503e+02
   9.8341494e+02
   9.8351485e+02
   9.8361476e+02
   9.8371467e+02
   9.8381458e+02
   9.8391449e+02
   9.8401440e+02
   9.8411431e+02
   9.8421422e+02
   9.8431413e+02
   9.8441404e+02
   9.8451395e+02
   9.8461386e+02
   9.8471377e+02
   9.8481368e+02
   9.8491359e+02
   9.8501350e+02
   9.8511341e+02
   9.8521332e+02
   9.8531323e+02
   9.8541314e+02
   9.8551305e+02
   9.8561296e+02
   9.8571287e+02
   9.8581278e+02
   9.8591269e+02
   9.8601260e+02
   9.8611251e+02
   9.8621242e+02
   9.8631233e+02
   9.8641224e+02
   9.8651215e+02
   9.8661206e+02
   9.8671197e+02
   9.8681188e+02
   9.8691179e+02
   9.8701170e+02
   9.8711161e+02
   9.8721152e+02
   9.8731143e+02
   9.8741134e+02
   9.8751125e+02
   9.8761116e+02
   9.8771107e+02
   9.8781098e+02
   9.8791089e+02
   9.8801080e+02
   9.8811071e+02
   9.8821062e+02
   9.8831053e+02
   9.8841044e+02
   9.8851035e+02
   9.8861026e+02
   9.8871017e+02
   9.8881008e+02
   9.8890999e+02
   9.8900990e+02
   9.8910981e+02
   9.8920972e+02
   9.8930963e+02
   9.8940954e+02
   9.8950945e+02
   9.8960936e+02
   9.8970927e+02
   9.8980918e+02
   9.8990909e+02
   9.9000900e+02
   9.9010891e+02
   9.9020882e+02
   9.9030873e+02
   9.9040864e+02
   9.9050855e+02
   9.9060846e+02
   9.9070837e+02
   9.9080828e+02
   9.9090819e+02
   9.9100810e+02
   9.9110801e+02
   9.9120792e+02
   9.9130783e+02
   9.9140774e+02
   9.9150765e+02
   9.9160756e+02
   9.9170747e+02
   9.9180738e+02
   9.9190729e+02
   9.9200720e+02
   9.9210711e+02
   9.9220702e+02
   9.9230693e+02
   9.9240684e+02
   9.9250675e+02
   9.9260666e+02
   9.9270657e+02
   9.9280648e+02
   9.9290639e+02
   9.9300630e+02
   9.9310621e+02
   9.9320612e+02
   9.9330603e+02
   9.9340594e+02
   9.9350585e+02
   9.9360576e+02
   9.9370567e+02
   9.9380558e+02
   9.9390549e+02
   9.9400540e+02
   9.9410531e+02
   9.9420522e+02
   9.9430513e+02
   9.9440504e+02
   9.9450495e+02
   9.9460486e+02
   9.9470477e+02
   9.9480468e+02
   9.9490459e+02
   9.9500450e+02
   9.9510441e+02
   9.9520432e+02
   9.9530423e+02
   9.9540414e+02
   9.9550405e+02
   9.9560396e+02
   9.9570387e+02
   9.9580378e+02
   9.9590369e+02
   9.9600360e+02
   9.9610351e+02
   9.9620342e+02
   9.9630333e+02
   9.9640324e+02
   9.9650315e+02
   9.9660306e+02
   9.9670297e+02
   9.9680288e+02
   9.9690279e+02
   9.9700270e+02
   9.9710261e+02
   9.9720252e+02
   9.9730243e+02
   9.9740234e+02
   9.9750225e+02
   9.9760216e+02
   9.9770207e+02
   9.9780198e+02
   9.9790189e+02
   9.9800180e+02
   9.9810171e+02
   9.9820162e+02
   9.9830153e+02
   9.9840144e+02
   9.9850135e+02
   9.9860126e+02
   9.9870117e+02
   9.9880108e+02
   9.9890099e+02
   9.9900090e+02
   9.9910081e+02
   9.9920072e+02
   9.9930063e+02
   9.9940054e+02
   9.9950045e+02
   9.9960036e+02
   9.9970027e+02
   9.9980018e+02
   9.9990009e+02
   1.0000000e+03
