   9.9619804e+00   7.4877710e+00   9.4486424e+00   6.4766342e+00   9.8906357e+00   7.8310351e+00   9.2959191e+00   6.3189371e+00   9.9619233e+00   7.4877197e+00   9.4486140e+00   6.4766025e+00   9.8907373e+00   7.8310582e+00   9.2957665e+00   6.3189141e+00   9.9622326e+00   7.4878495e+00   9.4485131e+00   6.4765435e+00   9.8907529e+00   7.8310413e+00   9.2955451e+00   6.3188649e+00   9.9624543e+00   7.4879432e+00   9.4483393e+00   6.4764572e+00   9.8906818e+00   7.8309841e+00   9.2954562e+00   6.3187896e+00
   9.8907651e+00   7.8464694e+00   9.2923305e+00   6.3101582e+00   9.9683166e+00   7.4722924e+00   9.4586328e+00   6.4815662e+00   9.8908080e+00   7.8464989e+00   9.2919940e+00   6.3100065e+00   9.9687401e+00   7.4724094e+00   9.4582211e+00   6.4813797e+00   9.8904323e+00   7.8463336e+00   9.2924345e+00   6.3100803e+00   9.9687358e+00   7.4723528e+00   9.4583946e+00   6.4815405e+00   9.8902959e+00   7.8462395e+00   9.2925500e+00   6.3101831e+00   9.9682987e+00   7.4721223e+00   9.4586903e+00   6.4816204e+00
   9.8911898e+00   7.8607711e+00   9.2891266e+00   6.3017880e+00   9.9746311e+00   7.4579988e+00   9.4677198e+00   6.4857832e+00   9.8905042e+00   7.8605548e+00   9.2896254e+00   6.3020059e+00   9.9743935e+00   7.4577315e+00   9.4681121e+00   6.4859779e+00   9.8911203e+00   7.8606762e+00   9.2893450e+00   6.3019603e+00   9.9742795e+00   7.4579605e+00   9.4681205e+00   6.4859513e+00   9.8910372e+00   7.8607411e+00   9.2894180e+00   6.3018887e+00   9.9746603e+00   7.4579419e+00   9.4677054e+00   6.4858421e+00
   9.2871076e+00   6.2942974e+00   9.9801684e+00   7.4442830e+00   9.4770551e+00   6.4898311e+00   9.8917281e+00   7.8739378e+00   9.2867477e+00   6.2942079e+00   9.9800576e+00   7.4445543e+00   9.4771191e+00   6.4898388e+00   9.8913300e+00   7.8740036e+00   9.2871307e+00   6.2943100e+00   9.9801050e+00   7.4442315e+00   9.4771144e+00   6.4898522e+00   9.8917622e+00   7.8739732e+00   9.2866607e+00   6.2941783e+00   9.9801278e+00   7.4445562e+00   9.4770602e+00   6.4898154e+00   9.8912234e+00   7.8739732e+00
   9.4855594e+00   6.4932092e+00   9.8920079e+00   7.8863356e+00   9.2849989e+00   6.2870309e+00   9.9848933e+00   7.4316690e+00   9.4860455e+00   6.4934947e+00   9.8923699e+00   7.8866830e+00   9.2849045e+00   6.2869468e+00   9.9857112e+00   7.4318131e+00   9.4855406e+00   6.4931813e+00   9.8925827e+00   7.8863458e+00   9.2844940e+00   6.2868516e+00   9.9856311e+00   7.4316529e+00   9.4857930e+00   6.4934193e+00   9.8918278e+00   7.8865373e+00   9.2849484e+00   6.2869670e+00   9.9850402e+00   7.4320882e+00
   9.2760497e+00   6.2731857e+00   9.9941227e+00   7.4721819e+00   9.4715655e+00   6.4717895e+00   9.9045275e+00   7.8764271e+00   9.2926022e+00   6.2893891e+00   9.9866825e+00   7.3806284e+00   9.5108609e+00   6.5152181e+00   9.8851339e+00   7.9138917e+00   9.2755063e+00   6.2729528e+00   9.9939975e+00   7.4722475e+00   9.4711558e+00   6.4715399e+00   9.9037888e+00   7.8762563e+00   9.2931125e+00   6.2896215e+00   9.9860375e+00   7.3808566e+00   9.5111945e+00   6.5152405e+00   9.8846946e+00   7.9142204e+00
   9.3004473e+00   6.2915479e+00   9.9876448e+00   7.3481377e+00   9.5277997e+00   6.5283117e+00   9.8817137e+00   7.9331087e+00   9.2709792e+00   6.2631753e+00   1.0000842e+01   7.5097680e+00   9.4585833e+00   6.4518605e+00   9.9157058e+00   7.8676144e+00   9.3001591e+00   6.2914237e+00   9.9878279e+00   7.3481081e+00   9.5280424e+00   6.5283991e+00   9.8818067e+00   7.9329275e+00   9.2708160e+00   6.2631400e+00   1.0000892e+01   7.5097481e+00   9.4584672e+00   6.4518769e+00   9.9155780e+00   7.8675155e+00
   9.2974918e+00   6.2834407e+00   9.9933830e+00   7.3460974e+00   9.5319701e+00   6.5265305e+00   9.8846680e+00   7.9400751e+00   9.2714864e+00   6.2584449e+00   1.0004784e+01   7.5604159e+00   9.4395786e+00   6.4260818e+00   9.9293326e+00   7.8528843e+00   9.3106692e+00   6.2961384e+00   9.9872184e+00   7.3158231e+00   9.5449641e+00   6.5411799e+00   9.8778828e+00   7.9512488e+00   9.2663502e+00   6.2535656e+00   1.0006690e+01   7.4927436e+00   9.4689664e+00   6.4571002e+00   9.9152383e+00   7.8821800e+00
   9.4455051e+00   6.4267879e+00   9.9309019e+00   7.8632873e+00   9.3093630e+00   6.2897046e+00   9.9929477e+00   7.3108941e+00   9.5505680e+00   6.5410439e+00   9.8810578e+00   7.9587015e+00   9.2664186e+00   6.2486392e+00   1.0011681e+01   7.4417193e+00   9.4941619e+00   6.4785558e+00   9.9084881e+00   7.9098761e+00   9.2886122e+00   6.2697054e+00   1.0001770e+01   7.3590458e+00   9.5296846e+00   6.5175891e+00   9.8908195e+00   7.9414179e+00   9.2744454e+00   6.2561121e+00   1.0007486e+01   7.4039541e+00
   9.5360201e+00   6.5184283e+00   9.8932785e+00   7.9498785e+00   9.2738352e+00   6.2507096e+00   1.0012793e+01   7.6116557e+00   9.4239249e+00   6.3983264e+00   9.9463029e+00   7.8459476e+00   9.3205223e+00   6.2953211e+00   9.9918523e+00   7.2820058e+00   9.5653092e+00   6.5521455e+00   9.8779475e+00   7.9747521e+00   9.2625829e+00   6.2399904e+00   1.0017182e+01   7.5660418e+00   9.4436658e+00   6.4190623e+00   9.9367357e+00   7.8659512e+00   9.3115848e+00   6.2866951e+00   9.9964104e+00   7.6986560e+00
   6.2925056e+00   9.9951931e+00   7.7261006e+00   9.3773670e+00   6.3456018e+00   9.9715802e+00   7.7992314e+00   9.3451247e+00   6.3138003e+00   9.9863532e+00   7.7579539e+00   9.3628509e+00   6.3316186e+00   9.9781975e+00   7.7820253e+00   9.3523295e+00   6.3212693e+00   9.9821991e+00   7.2263112e+00   9.5921749e+00   6.5769260e+00   9.8699997e+00   7.9992589e+00   9.2550195e+00   6.2280272e+00   1.0025086e+01   7.4566380e+00   9.4939185e+00   6.4666769e+00   9.9183967e+00   7.9175049e+00   9.2922022e+00
   6.3259082e+00   9.9827156e+00   7.7878052e+00   9.3534411e+00   6.3168823e+00   9.9864237e+00   7.2202390e+00   9.5978976e+00   6.5769944e+00   9.8724239e+00   8.0064919e+00   9.2554244e+00   6.2233112e+00   1.0029363e+01   7.5794530e+00   9.4445550e+00   6.4082226e+00   9.9464212e+00   7.8759380e+00   9.3144373e+00   6.2789016e+00   1.0003594e+01   7.7201276e+00   9.3833323e+00   6.3461746e+00   9.9731800e+00   7.8120201e+00   9.3428684e+00   6.3064040e+00   9.9916653e+00   7.2353697e+00   9.5916909e+00
   6.2288677e+00   1.0028143e+01   7.3720637e+00   9.5368800e+00   6.5010908e+00   9.9079695e+00   7.9609449e+00   9.2797350e+00   6.2409027e+00   1.0023305e+01   7.3403425e+00   9.5500828e+00   6.5158240e+00   9.9009959e+00   7.9719547e+00   9.2743986e+00   6.2361975e+00   1.0025565e+01   7.3517292e+00   9.5449149e+00   6.5104926e+00   9.9035706e+00   7.9678956e+00   9.2766836e+00   6.2377907e+00   1.0024494e+01   7.3473064e+00   9.5472158e+00   6.5126159e+00   9.9030375e+00   7.9691398e+00   9.2761514e+00
   6.4639465e+00   9.9265291e+00   7.9409075e+00   9.2923995e+00   6.2475926e+00   1.0021790e+01   7.3059308e+00   9.5679360e+00   6.5294623e+00   9.8980830e+00   7.9889657e+00   9.2708851e+00   6.2273426e+00   1.0031163e+01   7.6574152e+00   9.4172480e+00   6.3693512e+00   9.9674918e+00   7.8586084e+00   9.3288277e+00   6.2824817e+00   1.0006382e+01   7.2452193e+00   9.5930805e+00   6.5588376e+00   9.8852362e+00   8.0088506e+00   9.2617752e+00   6.2190316e+00   1.0035414e+01   7.3743650e+00   9.5387382e+00
   6.1878689e+00   1.0051419e+01   7.5300590e+00   9.4755719e+00   6.4236768e+00   9.9464224e+00   7.0703951e+00   9.6700250e+00   6.6434684e+00   9.8508218e+00   8.0677203e+00   9.2382806e+00   6.1925852e+00   1.0049292e+01   7.4429662e+00   9.5125449e+00   6.4631264e+00   9.9290675e+00   7.0344498e+00   9.6849059e+00   6.6621319e+00   9.8428722e+00   8.0785654e+00   9.2334207e+00   6.1880609e+00   1.0051328e+01   7.4816764e+00   9.4962081e+00   6.4455771e+00   9.9368086e+00   7.0500450e+00   9.6783848e+00
   6.6877442e+00   9.8343992e+00   8.0991121e+00   9.2277530e+00   6.1779707e+00   1.0057869e+01   7.4920244e+00   9.4950156e+00   6.4385058e+00   9.9421385e+00   7.0491595e+00   9.6818307e+00   6.6511257e+00   9.8503780e+00   8.0783627e+00   9.2373160e+00   6.1864889e+00   1.0054248e+01   7.5903888e+00   9.4527496e+00   6.3945083e+00   9.9610502e+00   7.9016077e+00   9.3169503e+00   6.2606670e+00   1.0020635e+01   7.2517352e+00   9.5963861e+00   6.5499264e+00   9.8939662e+00   8.0172868e+00   9.2652813e+00
   6.5321062e+00   9.9037382e+00   8.0124549e+00   9.2705685e+00   6.2123365e+00   1.0044576e+01   7.3231159e+00   9.5693439e+00   6.5133369e+00   9.9117350e+00   8.0003466e+00   9.2762702e+00   6.2176127e+00   1.0042045e+01   7.3123492e+00   9.5743163e+00   6.5182945e+00   9.9100323e+00   8.0037332e+00   9.2750639e+00   6.2161540e+00   1.0042070e+01   7.6984334e+00   9.4095701e+00   6.3453236e+00   9.9853851e+00   7.1327666e+00   9.6497507e+00   6.6053935e+00   9.8720260e+00   8.0582805e+00   9.2497811e+00
   6.1600157e+00   1.0069787e+01   7.4749677e+00   9.5081991e+00   6.4411191e+00   9.9457907e+00   7.0325360e+00   9.6944763e+00   6.6529840e+00   9.8543865e+00   6.8735514e+00   9.7617101e+00   6.7391584e+00   9.8184024e+00   8.1378093e+00   9.2177385e+00   6.1585995e+00   1.0070796e+01   7.4936166e+00   9.5007807e+00   6.4328522e+00   9.9492046e+00   7.0398760e+00   9.6919189e+00   6.6492942e+00   9.8560830e+00   6.8758533e+00   9.7606958e+00   6.7376513e+00   9.8185819e+00   8.1372701e+00   9.2179157e+00
   6.3630552e+00   9.9819983e+00   7.0971545e+00   9.6702816e+00   6.6170182e+00   9.8721256e+00   6.8927282e+00   9.7562069e+00   6.7245420e+00   9.8272061e+00   6.8229674e+00   9.7855154e+00   6.7640863e+00   9.8104093e+00   8.1557011e+00   9.2128094e+00   6.1498045e+00   1.0076215e+01   7.5403360e+00   9.4839400e+00   6.4100100e+00   9.9615887e+00   7.9409630e+00   9.3101609e+00   6.2388682e+00   1.0036777e+01   7.2447239e+00   9.6083996e+00   6.5448286e+00   9.9035466e+00   8.0350572e+00   9.2681879e+00
   6.4005221e+00   9.9675219e+00   7.9421621e+00   9.3129726e+00   6.2367219e+00   1.0039597e+01   7.7797694e+00   9.3839050e+00   6.3046422e+00   1.0009790e+01   7.8576413e+00   9.3505011e+00   6.2720079e+00   1.0023637e+01   7.1881525e+00   9.6351382e+00   6.5691840e+00   9.8953412e+00   8.0566429e+00   9.2615650e+00   6.1892763e+00   1.0061097e+01   7.3148239e+00   9.5821470e+00   6.5090950e+00   9.9211249e+00   6.9645664e+00   9.7290628e+00   6.6819404e+00   9.8470801e+00   8.1199217e+00   9.2330459e+00
   6.1320103e+00   1.0088816e+01   7.4687364e+00   9.5208451e+00   6.4367952e+00   9.9546121e+00   7.0156560e+00   9.7100534e+00   6.6516390e+00   9.8628245e+00   6.8598600e+00   9.7752962e+00   6.7353008e+00   9.8277106e+00   8.1526859e+00   9.2215125e+00   6.1481218e+00   1.0081164e+01   7.3938496e+00   9.5519348e+00   6.4703671e+00   9.9396617e+00   8.0010228e+00   9.2904620e+00   6.2106836e+00   1.0052974e+01   7.2612069e+00   9.6081726e+00   6.5315261e+00   9.9133371e+00   6.9422754e+00   9.7406066e+00
   6.8635544e+00   9.7766998e+00   8.2184595e+00   9.1951838e+00   6.1197724e+00   1.0095756e+01   7.5074746e+00   9.5074124e+00   6.4174764e+00   9.9647966e+00   7.0253821e+00   9.7093531e+00   6.6436002e+00   9.8688725e+00   6.8601664e+00   9.7781037e+00   8.2169803e+00   9.1962469e+00   6.1203534e+00   1.0096043e+01   7.5384185e+00   9.4940775e+00   6.4040116e+00   9.9711008e+00   7.0366808e+00   9.7041660e+00   6.6377729e+00   9.8714588e+00   6.8641212e+00   9.7760299e+00   8.2183610e+00   9.1954139e+00
   6.3790041e+00   9.9841908e+00   7.0514527e+00   9.7010863e+00   6.6271401e+00   9.8784817e+00   6.8661604e+00   9.7781587e+00   8.2244277e+00   9.1965099e+00   6.1157658e+00   1.0100090e+01   7.5830840e+00   9.4782389e+00   6.3823487e+00   9.9827567e+00   7.0485268e+00   9.7022048e+00   6.6286118e+00   9.8778494e+00   6.8652123e+00   9.7784653e+00   8.2239521e+00   9.1966920e+00   6.1159082e+00   1.0100011e+01   7.5839900e+00   9.4778523e+00   6.3819310e+00   9.9829328e+00   7.0489219e+00   9.7019529e+00
   8.1051125e+00   9.2545739e+00   6.1627772e+00   1.0080512e+01   7.2958875e+00   9.6024458e+00   6.5072638e+00   9.9315147e+00   8.0462202e+00   9.2811831e+00   6.1869728e+00   1.0070192e+01   7.2561039e+00   9.6187431e+00   6.5256261e+00   9.9237856e+00   6.9298300e+00   9.7546084e+00   8.2568623e+00   9.1847932e+00   6.1012418e+00   1.0107818e+01   7.5463818e+00   9.4976968e+00   6.3959155e+00   9.9784873e+00   7.0298144e+00   9.7131927e+00   6.6346335e+00   9.8770524e+00   6.8563211e+00   9.7850107e+00
   6.6540012e+00   9.8714925e+00   8.1347352e+00   9.2449507e+00   6.1493907e+00   1.0088381e+01   7.3036560e+00   9.6024391e+00   6.5010313e+00   9.9362658e+00   8.0491279e+00   9.2834300e+00   6.1842319e+00   1.0073417e+01   7.7797185e+00   9.4013322e+00   6.2949217e+00   1.0024658e+01   7.8991636e+00   9.3495315e+00   6.2456434e+00   1.0046260e+01   7.1678978e+00   9.6581652e+00   6.5642535e+00   9.9091524e+00   6.8974842e+00   9.7700981e+00   6.6995244e+00   9.8527866e+00   8.1576272e+00   9.2342237e+00
   8.3005477e+00   9.1724778e+00   6.0806777e+00   1.0121319e+01   7.5307969e+00   9.5105830e+00   6.3978748e+00   9.9828118e+00   7.0143517e+00   9.7245780e+00   8.3005399e+00   9.1725973e+00   6.0807543e+00   1.0121544e+01   7.5309273e+00   9.5104482e+00   6.3979819e+00   9.9828006e+00   7.0142410e+00   9.7248747e+00   8.3004792e+00   9.1726448e+00   6.0808026e+00   1.0121664e+01   7.5310162e+00   9.5102301e+00   6.3980584e+00   9.9826892e+00   7.0143703e+00   9.7250827e+00   8.3003655e+00   9.1726200e+00
   6.3847068e+00   9.9907046e+00   7.0186148e+00   9.7262069e+00   8.3064910e+00   9.1734996e+00   6.0769838e+00   1.0125231e+01   7.4523736e+00   9.5461229e+00   6.4296314e+00   9.9709572e+00   6.9830905e+00   9.7410048e+00   6.6484107e+00   9.8792623e+00   8.1434659e+00   9.2483613e+00   6.1428177e+00   1.0095578e+01   7.2835003e+00   9.6164499e+00   6.5048637e+00   9.9397556e+00   6.9279216e+00   9.7634561e+00   8.2703142e+00   9.1901876e+00   6.0914739e+00   1.0118600e+01   7.6458017e+00   9.4649009e+00
   8.2611905e+00   9.1982299e+00   6.0939087e+00   1.0119036e+01   7.6779835e+00   9.4547445e+00   6.3314069e+00   1.0015567e+01   7.0570112e+00   9.7127474e+00   6.6085298e+00   9.8987729e+00   8.1286394e+00   9.2582556e+00   6.1473458e+00   1.0095899e+01   7.7725619e+00   9.4146488e+00   6.2922549e+00   1.0032513e+01   7.0925981e+00   9.6984516e+00   8.3390293e+00   9.1618260e+00   6.0622987e+00   1.0133000e+01   7.4888926e+00   9.5345918e+00   6.4115379e+00   9.9816666e+00   8.0135985e+00   9.3096622e+00
   7.2634953e+00   9.6307271e+00   6.5084808e+00   9.9424819e+00   6.9143708e+00   9.7743620e+00   6.6765633e+00   9.8722701e+00   6.8077735e+00   9.8185645e+00   6.7332783e+00   9.8487027e+00   6.7748362e+00   9.8323228e+00   6.7513019e+00   9.8415966e+00   6.7645440e+00   9.8364243e+00   8.2099395e+00   9.2255219e+00   6.1132303e+00   1.0112791e+01   7.3032676e+00   9.6143088e+00   6.4904627e+00   9.9503037e+00   8.0700055e+00   9.2882220e+00   6.1694564e+00   1.0088007e+01   7.8150768e+00   9.3998315e+00
   6.2400346e+00   1.0059412e+01   7.8992648e+00   9.3664548e+00   6.2365696e+00   1.0060919e+01   7.1305737e+00   9.6883053e+00   8.3615206e+00   9.1592844e+00   6.0508186e+00   1.0142630e+01   7.4389980e+00   9.5616915e+00   6.4283649e+00   9.9785515e+00   8.0389421e+00   9.3056916e+00   6.1802502e+00   1.0085589e+01   7.1931448e+00   9.6624906e+00   8.3839444e+00   9.1487890e+00   6.0417915e+00   1.0146666e+01   7.5439310e+00   9.5175085e+00   6.3834693e+00   9.9977786e+00   7.0001127e+00   9.7424053e+00
   6.4986136e+00   9.9516721e+00   8.0876081e+00   9.2877657e+00   6.1590234e+00   1.0096642e+01   7.2083952e+00   9.6597935e+00   6.5280540e+00   9.9396357e+00   6.8909053e+00   9.7899009e+00   8.2740765e+00   9.2033122e+00   6.0845229e+00   1.0129649e+01   7.7232292e+00   9.4458096e+00   6.3066418e+00   1.0032558e+01   7.9632076e+00   9.3425371e+00   6.2091935e+00   1.0074680e+01   7.8802760e+00   9.3781212e+00   6.2424591e+00   1.0059851e+01   7.1158255e+00   9.6974838e+00   8.3606582e+00   9.1636720e+00
   6.0612512e+00   1.0141866e+01   7.6982492e+00   9.4596593e+00   6.3148194e+00   1.0031147e+01   7.0423463e+00   9.7302491e+00   6.6030127e+00   9.9110086e+00   6.8385120e+00   9.8140716e+00   6.7054526e+00   9.8685481e+00   6.7782104e+00   9.8387742e+00   6.7376226e+00   9.8551001e+00   8.2130971e+00   9.2350153e+00   6.1072523e+00   1.0120726e+01   7.2674006e+00   9.6382425e+00   6.4987621e+00   9.9540705e+00   8.0943631e+00   9.2883550e+00   6.1549126e+00   1.0100726e+01   7.2023157e+00   9.6645150e+00
   6.9452403e+00   9.7727147e+00   8.3051948e+00   9.1969500e+00   6.0694742e+00   1.0140000e+01   7.3155571e+00   9.6216267e+00   6.4747550e+00   9.9667067e+00   8.0873557e+00   9.2948131e+00   6.1562065e+00   1.0102178e+01   7.8489900e+00   9.3989035e+00   6.2516066e+00   1.0060905e+01   7.9374933e+00   9.3603947e+00   6.2160254e+00   1.0075822e+01   7.1251307e+00   9.6995377e+00   6.5607719e+00   9.9309080e+00   6.8599183e+00   9.8077896e+00   8.2709719e+00   9.2125468e+00   6.0829999e+00   1.0133879e+01
   7.2149397e+00   9.6654582e+00   8.4074854e+00   9.1531497e+00   6.0272934e+00   1.0160861e+01   7.3882912e+00   9.5946117e+00   6.4403957e+00   9.9834000e+00   6.9341361e+00   9.7798232e+00   8.3052803e+00   9.2006927e+00   6.0681243e+00   1.0142070e+01   7.7489219e+00   9.4445679e+00   6.2899702e+00   1.0046690e+01   7.0489514e+00   9.7334665e+00   6.5934905e+00   9.9198561e+00   6.8350919e+00   9.8208428e+00   8.2655090e+00   9.2182789e+00   6.0838303e+00   1.0135808e+01   7.7731629e+00   9.4343409e+00
   6.1078053e+00   1.0126899e+01   7.8187169e+00   9.4182789e+00   6.2599602e+00   1.0061782e+01   7.0678637e+00   9.7288361e+00   8.3596890e+00   9.1789356e+00   6.0449382e+00   1.0154924e+01   7.3266079e+00   9.6233995e+00   8.4491183e+00   9.1370443e+00   6.0094977e+00   1.0169707e+01   7.6457333e+00   9.4909142e+00   6.3303022e+00   1.0031589e+01   8.0121368e+00   9.3352611e+00   6.1827846e+00   1.0094022e+01   7.1412190e+00   9.6990053e+00   6.5474516e+00   9.9408433e+00   6.8584468e+00   9.8133971e+00
   5.9816415e+00   1.0184515e+01   7.5257143e+00   9.5446130e+00   8.5158687e+00   9.1092199e+00   5.9815830e+00   1.0184803e+01   7.5258013e+00   9.5446069e+00   8.5160317e+00   9.1094771e+00   5.9814851e+00   1.0184935e+01   7.5258291e+00   9.5444822e+00   8.5161135e+00   9.1096331e+00   5.9814770e+00   1.0184914e+01   7.5257976e+00   9.5442398e+00   8.5161142e+00   9.1096883e+00   5.9815777e+00   1.0184740e+01   7.5257071e+00   9.5439014e+00   8.5160342e+00   9.1096431e+00   5.9816389e+00   1.0184414e+01
   5.9735852e+00   1.0189483e+01   7.5711731e+00   9.5286561e+00   8.5330590e+00   9.1051392e+00   5.9735845e+00   1.0189491e+01   7.5711663e+00   9.5286635e+00   8.5330530e+00   9.1051376e+00   5.9735856e+00   1.0189498e+01   7.5711769e+00   9.5286636e+00   8.5330523e+00   9.1051335e+00   5.9735846e+00   1.0189505e+01   7.5711670e+00   9.5286722e+00   8.5330453e+00   9.1051324e+00   5.9735861e+00   1.0189512e+01   7.5711812e+00   9.5286707e+00   8.5330456e+00   9.1051277e+00   5.9735846e+00   1.0189520e+01
   8.5607192e+00   9.0956766e+00   5.9615333e+00   1.0197457e+01   7.5334826e+00   9.5477871e+00   8.5252851e+00   9.1127578e+00   5.9755743e+00   1.0191044e+01   7.6358502e+00   9.5050963e+00   8.5560877e+00   9.0980224e+00   5.9633256e+00   1.0196180e+01   7.4968827e+00   9.5626784e+00   8.5138645e+00   9.1179158e+00   5.9800636e+00   1.0188540e+01   7.6507526e+00   9.4985497e+00   8.5603431e+00   9.0961506e+00   5.9615069e+00   1.0196965e+01   7.5331443e+00   9.5473086e+00   8.5252052e+00   9.1130512e+00
   7.7129804e+00   9.4764297e+00   8.5822946e+00   9.0896136e+00   5.9516776e+00   1.0203717e+01   7.5196299e+00   9.5564181e+00   8.5246515e+00   9.1173785e+00   5.9746183e+00   1.0193484e+01   7.4009283e+00   9.6047001e+00   8.4878781e+00   9.1348559e+00   5.9893027e+00   1.0186962e+01   7.3638982e+00   9.6197547e+00   8.4760819e+00   9.1404169e+00   5.9939880e+00   1.0184868e+01   7.7111518e+00   9.4767751e+00   8.5816354e+00   9.0898568e+00   5.9520142e+00   1.0202795e+01   7.5548138e+00   9.5417565e+00
   6.4853537e+00   9.9789836e+00   8.1370858e+00   9.2978899e+00   6.1255614e+00   1.0129760e+01   7.8956025e+00   9.4024683e+00   6.2202604e+00   1.0089447e+01   7.0653002e+00   9.7438760e+00   8.3798484e+00   9.1889375e+00   6.0306170e+00   1.0170025e+01   7.2722777e+00   9.6601140e+00   6.4753992e+00   9.9830505e+00   6.8794470e+00   9.8185246e+00   8.3116006e+00   9.2203269e+00   6.0574984e+00   1.0159176e+01   7.2345733e+00   9.6757631e+00   8.4379623e+00   9.1615610e+00   6.0077590e+00   1.0180766e+01
   7.3332180e+00   9.6386369e+00   8.4737897e+00   9.1492326e+00   5.9925886e+00   1.0189362e+01   7.7478713e+00   9.4679113e+00   8.5987278e+00   9.0896752e+00   5.9429941e+00   1.0210742e+01   7.4425523e+00   9.5942077e+00   8.5079064e+00   9.1330708e+00   5.9790849e+00   1.0195366e+01   7.3450240e+00   9.6337225e+00   6.4416274e+00   9.9987784e+00   8.1203539e+00   9.3092535e+00   6.1305270e+00   1.0129423e+01   7.9104043e+00   9.3997365e+00   6.2124303e+00   1.0094271e+01   7.0644447e+00   9.7473080e+00
   5.9458519e+00   1.0211561e+01   7.6730400e+00   9.5029484e+00   6.3047237e+00   1.0058358e+01   6.9845411e+00   9.7820888e+00   8.3596027e+00   9.2057850e+00   6.0359343e+00   1.0172061e+01   7.2389041e+00   9.6797949e+00   6.4847060e+00   9.9840281e+00   6.8637398e+00   9.8303941e+00   6.6571153e+00   9.9139362e+00   8.2298296e+00   9.2643937e+00   6.0863682e+00   1.0150522e+01   7.8792218e+00   9.4163554e+00   6.2230727e+00   1.0092427e+01   7.0482084e+00   9.7559704e+00   8.3826246e+00   9.1952586e+00
   7.7893013e+00   9.4572870e+00   8.6171295e+00   9.0887983e+00   5.9335986e+00   1.0218611e+01   7.6683128e+00   9.5081160e+00   8.5823225e+00   9.1053829e+00   5.9473962e+00   1.0212512e+01   7.3721237e+00   9.6291427e+00   8.4929604e+00   9.1473122e+00   5.9824047e+00   1.0197527e+01   7.3040771e+00   9.6566190e+00   8.4719440e+00   9.1577366e+00   5.9908882e+00   1.0193791e+01   7.7790504e+00   9.4617704e+00   8.6138375e+00   9.0903511e+00   5.9346040e+00   1.0218521e+01   7.4041642e+00   9.6154133e+00
   8.3697466e+00   9.2084897e+00   6.0293051e+00   1.0178554e+01   7.2236715e+00   9.6916894e+00   6.4859183e+00   9.9882418e+00   6.8532806e+00   9.8400866e+00   6.6553941e+00   9.9194435e+00   6.7569219e+00   9.8783785e+00   8.2818848e+00   9.2483949e+00   6.0634401e+00   1.0163822e+01   7.8784929e+00   9.4236297e+00   6.2197092e+00   1.0097760e+01   8.0071602e+00   9.3686833e+00   6.1697082e+00   1.0118422e+01   7.9708306e+00   9.3844045e+00   8.6706247e+00   9.0661501e+00   5.9112096e+00   1.0230618e+01
   6.3665531e+00   1.0039207e+01   8.1049437e+00   9.3295908e+00   8.7102972e+00   9.0511261e+00   5.8942750e+00   1.0239597e+01   7.4889294e+00   9.5877004e+00   6.3723683e+00   1.0037194e+01   8.1083604e+00   9.3287371e+00   8.7115355e+00   9.0508945e+00   5.8939575e+00   1.0239817e+01   7.5910373e+00   9.5461992e+00   6.3310917e+00   1.0053720e+01   8.0847530e+00   9.3388657e+00   6.1379147e+00   1.0134750e+01   7.9550600e+00   9.3945959e+00   6.1882729e+00   1.0113462e+01   7.9930423e+00   9.3784726e+00
   7.2960456e+00   9.6687877e+00   6.4499695e+00   1.0007520e+01   8.1553896e+00   9.3118066e+00   8.7270228e+00   9.0469918e+00   5.8868595e+00   1.0245136e+01   7.4736483e+00   9.5972321e+00   6.3764428e+00   1.0037688e+01   6.9120940e+00   9.8219365e+00   8.3508617e+00   9.2242803e+00   6.0338476e+00   1.0180585e+01   7.1960606e+00   9.7086313e+00   6.4924486e+00   9.9900402e+00   6.8399588e+00   9.8509362e+00   6.6550533e+00   9.9244928e+00   8.2498123e+00   9.2696841e+00   6.0729656e+00   1.0164399e+01
   9.1948505e+00   6.0041735e+00   1.0195677e+01   7.2206238e+00   9.7020191e+00   6.4794232e+00   9.9977152e+00   6.8432837e+00   9.8521390e+00   8.3299314e+00   9.2380951e+00   6.0408467e+00   1.0179686e+01   7.1783563e+00   9.7184908e+00   6.4975726e+00   9.9908593e+00   8.1843956e+00   9.3026751e+00   8.7376911e+00   9.0460476e+00   5.8816490e+00   1.0249163e+01   7.4511554e+00   9.6092694e+00   6.3833870e+00   1.0037138e+01   8.1268918e+00   9.3273346e+00   6.1186519e+00   1.0146406e+01   7.9576936e+00
   9.3178539e+00   6.1051360e+00   1.0154625e+01   7.1052843e+00   9.7503725e+00   6.5265402e+00   9.9810517e+00   6.8113797e+00   9.8676695e+00   6.6621308e+00   9.9272115e+00   6.7373218e+00   9.8971381e+00   8.2937110e+00   9.2580363e+00   8.7693984e+00   9.0344004e+00   5.8679564e+00   1.0256754e+01   7.4679116e+00   9.6054851e+00   6.3743313e+00   1.0042986e+01   8.1282952e+00   9.3300956e+00   8.7251477e+00   9.0562367e+00   5.8853270e+00   1.0248760e+01   7.4055252e+00   9.6304398e+00   6.3996011e+00
   9.4890841e+00   6.2562901e+00   1.0093650e+01   8.0687191e+00   9.3595918e+00   8.7120786e+00   9.0668860e+00   5.8896814e+00   1.0249140e+01   7.3708125e+00   9.6473266e+00   8.5147516e+00   9.1608280e+00   5.9668345e+00   1.0215694e+01   7.8341251e+00   9.4586719e+00   6.2277056e+00   1.0105411e+01   8.0509720e+00   9.3670508e+00   8.7072759e+00   9.0692040e+00   5.8915190e+00   1.0248282e+01   7.3666624e+00   9.6488679e+00   6.4131211e+00   1.0029833e+01   6.8737019e+00   9.8454365e+00   6.6289030e+00
   9.9426246e+00   6.7440094e+00   9.8995168e+00   6.6881212e+00   9.9217138e+00   6.7160940e+00   9.9107377e+00   6.7020393e+00   9.9164321e+00   6.7092553e+00   9.9135312e+00   6.7056492e+00   9.9148627e+00   6.7074851e+00   9.9139188e+00   8.2912990e+00   9.2662085e+00   8.7742854e+00   9.0398286e+00   5.8641849e+00   1.0262016e+01   7.6813747e+00   9.5249577e+00   8.6086322e+00   9.1205150e+00   5.9292255e+00   1.0233457e+01   7.2836172e+00   9.6856814e+00   8.4916472e+00   9.1756425e+00   5.9747004e+00
   8.0770472e+00   9.3632814e+00   8.7200669e+00   9.0710767e+00   5.8846834e+00   1.0254860e+01   7.3419162e+00   9.6654671e+00   8.5127336e+00   9.1692073e+00   8.8353835e+00   9.0136896e+00   5.8387246e+00   1.0274776e+01   7.4628843e+00   9.6167591e+00   8.5491914e+00   9.1526506e+00   5.9511370e+00   1.0225965e+01   7.2404225e+00   9.7058786e+00   8.4819381e+00   9.1839456e+00   5.9772285e+00   1.0215061e+01   7.2084791e+00   9.7184392e+00   8.4719630e+00   9.1885608e+00   5.9810460e+00   1.0213471e+01
   1.0200398e+01   7.9191078e+00   9.4335950e+00   6.1896482e+00   1.0127956e+01   8.0491055e+00   9.3787425e+00   8.7154237e+00   9.0770260e+00   5.8855059e+00   1.0255664e+01   7.7681317e+00   9.4961641e+00   8.6394297e+00   9.1139153e+00   8.8710447e+00   8.9998103e+00   5.8235766e+00   1.0283302e+01   7.4898483e+00   9.6089517e+00   6.3563592e+00   1.0059151e+01   8.1442401e+00   9.3375139e+00   6.1043509e+00   1.0162893e+01   7.9909818e+00   9.4028034e+00   8.6999369e+00   9.0849457e+00   5.8914562e+00
   8.6160873e+00   9.1289501e+00   5.9231367e+00   1.0241436e+01   7.2523764e+00   9.7069423e+00   8.4929888e+00   9.1862098e+00   8.8350410e+00   9.0223354e+00   5.8371749e+00   1.0278556e+01   7.4029141e+00   9.6465303e+00   8.5386592e+00   9.1652328e+00   8.8464885e+00   9.0161415e+00   5.8324743e+00   1.0281373e+01   7.4156062e+00   9.6420337e+00   8.5420949e+00   9.1634514e+00   5.9515736e+00   1.0229399e+01   7.8677467e+00   9.4579226e+00   6.2074888e+00   1.0122012e+01   6.9879131e+00   9.8114141e+00
   8.3416343e+00   9.2586449e+00   8.7977045e+00   9.0449385e+00   5.8510617e+00   1.0274949e+01   7.3505725e+00   9.6710697e+00   8.5262475e+00   9.1746924e+00   5.9564573e+00   1.0229567e+01   7.8846394e+00   9.4544540e+00   8.6771523e+00   9.1037752e+00   8.8856752e+00   9.0008672e+00   5.8161015e+00   1.0290122e+01   7.6661359e+00   9.5441988e+00   6.2830644e+00   1.0094153e+01   8.1182234e+00   9.3562965e+00   6.1110009e+00   1.0163937e+01   7.0547983e+00   9.7875835e+00   8.4337818e+00   9.2170351e+00
   7.8267682e+00   9.4819159e+00   6.2194751e+00   1.0122126e+01   8.0888772e+00   9.3721010e+00   6.1204401e+00   1.0162763e+01   7.0404517e+00   9.7957846e+00   6.5349162e+00   9.9954057e+00   6.7764871e+00   9.8995475e+00   6.6546452e+00   9.9477778e+00   8.2948267e+00   9.2829978e+00   6.0429870e+00   1.0194770e+01   7.9708404e+00   9.4216962e+00   6.1648796e+00   1.0143892e+01   7.0066155e+00   9.8094663e+00   6.5497115e+00   9.9892637e+00   6.7687706e+00   9.9025577e+00   8.3387247e+00   9.2633134e+00
   1.0308803e+01   7.4992842e+00   9.6179298e+00   6.3436863e+00   1.0073640e+01   8.1626230e+00   9.3437367e+00   8.7561182e+00   9.0734936e+00   8.9110692e+00   8.9963278e+00   8.9520816e+00   8.9749234e+00   5.7875793e+00   1.0306169e+01   7.4664856e+00   9.6308042e+00   6.3565808e+00   1.0068372e+01   8.1688474e+00   9.3412169e+00   8.7581424e+00   9.0726948e+00   8.9116786e+00   8.9961770e+00   5.8040506e+00   1.0298661e+01   7.6931042e+00   9.5396678e+00   6.2686287e+00   1.0104462e+01   8.1235140e+00
   6.5904851e+00   9.9779346e+00   6.7394991e+00   9.9197531e+00   8.3369573e+00   9.2718028e+00   8.8044640e+00   9.0537840e+00   8.9260988e+00   8.9928633e+00   8.9582489e+00   8.9764131e+00   5.7844307e+00   1.0308657e+01   7.4407787e+00   9.6440708e+00   6.3646183e+00   1.0067980e+01   8.1789183e+00   9.3405931e+00   6.0836682e+00   1.0181905e+01   7.0557182e+00   9.7954531e+00   8.4464290e+00   9.2224301e+00   5.9831584e+00   1.0224139e+01   7.9413850e+00   9.4412728e+00   6.1724794e+00   1.0145591e+01
   1.0287674e+01   7.7973732e+00   9.5039780e+00   8.6658386e+00   9.1248535e+00   5.8984340e+00   1.0261060e+01   7.8716398e+00   9.4730569e+00   6.1968896e+00   1.0137704e+01   6.9651693e+00   9.8336262e+00   8.4207622e+00   9.2376709e+00   8.8288157e+00   9.0459969e+00   5.8350079e+00   1.0288957e+01   7.3104592e+00   9.6985367e+00   8.5289222e+00   9.1885710e+00   5.9506986e+00   1.0239764e+01   7.1669127e+00   9.7549782e+00   8.4856344e+00   9.2087093e+00   8.8452681e+00   9.0373821e+00   8.9390628e+00
   9.5844330e+00   6.2961491e+00   1.0099801e+01   6.8952986e+00   9.8640684e+00   6.5866223e+00   9.9847711e+00   8.2876310e+00   9.3007599e+00   6.0401079e+00   1.0204058e+01   8.0042011e+00   9.4214709e+00   8.7236222e+00   9.1015314e+00   8.9094383e+00   9.0099568e+00   8.9577708e+00   5.7619851e+00   1.0322498e+01   7.6646997e+00   9.5606836e+00   8.6330689e+00   9.1439007e+00   5.9099346e+00   1.0257999e+01   7.2005737e+00   9.7449731e+00   6.4564296e+00   1.0036170e+01   6.8021462e+00   9.9003417e+00
   8.0692116e+00   9.3978532e+00   8.7435256e+00   9.0957269e+00   5.8665111e+00   1.0279226e+01   7.2401356e+00   9.7319396e+00   8.5151345e+00   9.2025143e+00   5.9534177e+00   1.0242453e+01   7.1461750e+00   9.7683690e+00   8.4864671e+00   9.2152514e+00   8.8507731e+00   9.0434464e+00   8.9442966e+00   5.7475740e+00   1.0330443e+01   7.4641627e+00   9.6441289e+00   8.5802996e+00   9.1728597e+00   8.8745913e+00   9.0313813e+00   8.9511669e+00   8.9928289e+00   5.7849105e+00   1.0314251e+01   7.7468110e+00
   7.2669021e+00   9.7243438e+00   6.4242981e+00   1.0053311e+01   8.2295371e+00   9.3331497e+00   8.7875163e+00   9.0783767e+00   5.8484513e+00   1.0288716e+01   7.8539188e+00   9.4906359e+00   6.1981909e+00   1.0143186e+01   6.9473057e+00   9.8492755e+00   6.5577176e+00   1.0001127e+01   6.7403584e+00   9.9295388e+00   8.3553845e+00   9.2781258e+00   8.8195275e+00   9.0627050e+00   8.9389388e+00   5.7389407e+00   1.0334915e+01   7.6598583e+00   9.5692477e+00   6.2712901e+00   1.0114340e+01   6.9005361e+00
   1.0277409e+01   7.2037994e+00   9.7523313e+00   6.4473212e+00   1.0046937e+01   8.2447066e+00   9.3297221e+00   8.7940160e+00   9.0794730e+00   8.9343320e+00   5.7315797e+00   1.0340774e+01   7.6710875e+00   9.5678556e+00   6.2648309e+00   1.0119401e+01   6.8993548e+00   9.8699053e+00   6.5758484e+00   9.9957793e+00   8.2978954e+00   9.3067453e+00   6.0317429e+00   1.0213880e+01   7.0615560e+00   9.8076688e+00   8.4681456e+00   9.2316545e+00   8.8508663e+00   9.0512105e+00   8.9490792e+00   9.0018873e+00
   1.0219352e+01   7.0614488e+00   9.8105820e+00   8.4721450e+00   9.2337645e+00   8.8541438e+00   9.0535696e+00   5.8204463e+00   1.0304200e+01   7.8479089e+00   9.4996848e+00   8.6943659e+00   9.1310003e+00   5.8820207e+00   1.0277922e+01   7.9131558e+00   9.4730127e+00   8.7113514e+00   9.1227414e+00   5.8755793e+00   1.0280195e+01   7.9068664e+00   9.4752996e+00   8.7099715e+00   9.1235459e+00   8.9146431e+00   5.7126269e+00   1.0350516e+01   7.6400411e+00   9.5829752e+00   6.2746288e+00   1.0117364e+01
   8.9444864e+00   5.7310148e+00   1.0344144e+01   7.7274301e+00   9.5513929e+00   8.6654956e+00   9.1480754e+00   8.9058550e+00   5.7018127e+00   1.0357126e+01   7.6394391e+00   9.5865773e+00   8.6422913e+00   9.1591966e+00   8.9000317e+00   9.0353971e+00   8.9659403e+00   5.7479138e+00   1.0336848e+01   7.3595110e+00   9.6971089e+00   6.3802403e+00   1.0077752e+01   8.2265860e+00   9.3446602e+00   8.7945323e+00   9.0872089e+00   8.9391660e+00   9.0157395e+00   5.7863709e+00   1.0319776e+01   7.2957368e+00
   8.9243607e+00   5.7120105e+00   1.0354346e+01   7.4163370e+00   9.6778006e+00   8.5844033e+00   9.1899845e+00   8.8876351e+00   5.6838874e+00   1.0366533e+01   7.5431976e+00   9.6277402e+00   8.6193320e+00   9.1737441e+00   8.8964701e+00   9.0411271e+00   5.8021300e+00   1.0315520e+01   7.2608296e+00   9.7388520e+00   8.5398691e+00   9.2106243e+00   5.9379262e+00   1.0258465e+01   7.1177161e+00   9.7941710e+00   6.4745437e+00   1.0043432e+01   8.2724955e+00   9.3288983e+00   8.8091898e+00   9.0841295e+00
   9.3768792e+00   8.7856269e+00   9.0994920e+00   8.9408932e+00   5.7205879e+00   1.0352017e+01   7.3742300e+00   9.6970096e+00   8.5760367e+00   9.1974975e+00   5.9234652e+00   1.0266360e+01   7.9789384e+00   9.4555095e+00   6.1431278e+00   1.0176958e+01   8.1215990e+00   9.3965753e+00   8.7733749e+00   9.1054573e+00   8.9381937e+00   5.7182499e+00   1.0352340e+01   7.3789185e+00   9.6956386e+00   8.5772547e+00   9.1973015e+00   8.8884224e+00   5.6802467e+00   1.0369188e+01   7.6403668e+00   9.5928894e+00
   7.1783500e+00   9.7765699e+00   6.4446942e+00   1.0059563e+01   6.7746486e+00   9.9313901e+00   6.6154270e+00   9.9936178e+00   6.6893019e+00   9.9648607e+00   8.3643790e+00   9.2960999e+00   8.8375324e+00   9.0781805e+00   8.9564281e+00   9.0193287e+00   8.9873805e+00   9.0037408e+00   8.9954662e+00   8.9996110e+00   8.9976012e+00   5.7598923e+00   1.0336622e+01   7.2917300e+00   9.7322401e+00   6.3994509e+00   1.0077088e+01   8.2515865e+00   9.3450631e+00   8.8092515e+00   9.0919431e+00   8.9490524e+00
   5.8984194e+00   1.0280728e+01   7.9779501e+00   9.4628020e+00   6.1400409e+00   1.0182488e+01   6.9459247e+00   9.8689109e+00   8.4556195e+00   9.2596852e+00   8.8627446e+00   5.6530547e+00   1.0384799e+01   7.6016225e+00   9.6140704e+00   8.6451187e+00   9.1735506e+00   8.9102891e+00   5.6888826e+00   1.0368651e+01   7.3989223e+00   9.6938646e+00   6.3557361e+00   1.0096931e+01   8.2378667e+00   9.3543759e+00   6.0452965e+00   1.0220647e+01   7.0106446e+00   9.8439850e+00   6.5104615e+00   1.0036772e+01
   5.8399444e+00   1.0306911e+01   7.1751252e+00   9.7835308e+00   6.4408216e+00   1.0065644e+01   6.7684187e+00   9.9394038e+00   8.4012480e+00   9.2873657e+00   8.8516687e+00   5.6408723e+00   1.0391557e+01   7.5667965e+00   9.6306235e+00   6.2897303e+00   1.0125226e+01   6.8500679e+00   9.9082425e+00   8.4286896e+00   9.2753205e+00   8.8585256e+00   5.6459706e+00   1.0389474e+01   7.6299381e+00   9.6061653e+00   8.6558683e+00   9.1725580e+00   8.9153700e+00   9.0485885e+00   5.7914244e+00   1.0327053e+01
   8.8256236e+00   9.0965038e+00   5.8249230e+00   1.0315052e+01   7.1807814e+00   9.7842543e+00   8.5347742e+00   9.2317728e+00   8.8871274e+00   9.0659051e+00   8.9759096e+00   5.7309914e+00   1.0353657e+01   7.2909900e+00   9.7412539e+00   6.3926494e+00   1.0087372e+01   6.7892243e+00   9.9340511e+00   6.5990874e+00   1.0007294e+01   8.3458631e+00   9.3150534e+00   6.0030192e+00   1.0241757e+01   7.0286191e+00   9.8426953e+00   8.4892913e+00   9.2516841e+00   8.8762900e+00   5.6551156e+00   1.0386724e+01
   9.3149630e+00   8.8453874e+00   5.6280783e+00   1.0400470e+01   7.4905438e+00   9.6668458e+00   8.6251619e+00   9.1943629e+00   8.9124362e+00   9.0582602e+00   8.9845770e+00   5.7336759e+00   1.0355213e+01   7.2744268e+00   9.7510484e+00   6.3965517e+00   1.0087695e+01   6.7830147e+00   9.9394713e+00   6.5987625e+00   1.0009388e+01   6.6824972e+00   9.9770083e+00   8.3805024e+00   9.3036685e+00   8.8515962e+00   5.6329912e+00   1.0398296e+01   7.4705134e+00   9.6747349e+00   6.3217473e+00   1.0116750e+01
   9.4424298e+00   6.1035314e+00   1.0205616e+01   8.1404481e+00   9.4090628e+00   6.0745440e+00   1.0217007e+01   8.1246814e+00   9.4159892e+00   6.0802302e+00   1.0214389e+01   8.1277223e+00   9.4148047e+00   8.7917973e+00   9.1206420e+00   8.9563469e+00   9.0405347e+00   5.7728331e+00   1.0340460e+01   7.2156333e+00   9.7766073e+00   6.4171942e+00   1.0081697e+01   8.2853836e+00   9.3483172e+00   6.0221583e+00   1.0238147e+01   8.0946665e+00   9.4282871e+00   8.7834236e+00   9.1245531e+00   8.9542746e+00
   6.2394889e+00   1.0153360e+01   8.2141117e+00   9.3820891e+00   8.8160753e+00   5.5985668e+00   1.0416543e+01   7.5879490e+00   9.6354262e+00   6.2734266e+00   1.0140330e+01   8.2295046e+00   9.3755308e+00   8.8198149e+00   9.1113170e+00   8.9655742e+00   9.0400546e+00   9.0024213e+00   5.7393137e+00   1.0355880e+01   7.2430225e+00   9.7685297e+00   8.5637513e+00   9.2297842e+00   5.9195458e+00   1.0281663e+01   7.0717921e+00   9.8341077e+00   6.4716935e+00   1.0063397e+01   8.3118757e+00   9.3403353e+00
   1.0004058e+01   6.6562061e+00   9.9951153e+00   6.6453345e+00   9.9995013e+00   8.3811699e+00   9.3141017e+00   8.8591767e+00   9.0958458e+00   8.9776750e+00   9.0378891e+00   9.0075029e+00   5.7390693e+00   1.0358081e+01   7.2317786e+00   9.7762736e+00   8.5640366e+00   9.2334991e+00   8.9043972e+00   9.0742855e+00   5.7909713e+00   1.0336453e+01   7.9480794e+00   9.4952169e+00   6.1404147e+00   1.0194981e+01   8.1725499e+00   9.4028348e+00   6.0596109e+00   1.0227166e+01   6.9642386e+00   9.8779720e+00
   7.2290293e+00   9.7798954e+00   8.5670515e+00   9.2357074e+00   8.9077129e+00   9.0768871e+00   5.7889060e+00   1.0338764e+01   7.9563954e+00   9.4950791e+00   8.7577759e+00   9.1483836e+00   5.8452872e+00   1.0315257e+01   7.1177317e+00   9.8226200e+00   8.5351498e+00   9.2497524e+00   8.8999169e+00   9.0807423e+00   8.9901074e+00   5.7217261e+00   1.0366558e+01   7.8928866e+00   9.5207691e+00   6.1586082e+00   1.0190244e+01   8.1876774e+00   9.3996249e+00   8.8146184e+00   9.1214812e+00   5.8240534e+00
   9.2664724e+00   5.9363905e+00   1.0280630e+01   8.0725169e+00   9.4509705e+00   8.7892924e+00   5.5672220e+00   1.0434182e+01   7.6065439e+00   9.6370239e+00   6.2603468e+00   1.0151697e+01   8.2408541e+00   9.3813473e+00   6.0323135e+00   1.0241860e+01   8.1284927e+00   9.4280521e+00   8.8032849e+00   5.5775397e+00   1.0430239e+01   7.4839203e+00   9.6851185e+00   6.3054529e+00   1.0135073e+01   8.2601011e+00   9.3727251e+00   8.8352070e+00   9.1154069e+00   5.8152825e+00   1.0330100e+01   7.1360312e+00
   9.0961266e+00   5.7956913e+00   1.0339551e+01   7.1453358e+00   9.8176750e+00   6.4320092e+00   1.0088586e+01   8.3166207e+00   9.3524954e+00   8.8516425e+00   5.6093788e+00   1.0418001e+01   7.7745496e+00   9.5740492e+00   8.7180760e+00   9.1743954e+00   8.9494201e+00   9.0645998e+00   5.7710998e+00   1.0350021e+01   7.9617398e+00   9.4994804e+00   8.7649352e+00   9.1528496e+00   5.8405304e+00   1.0320654e+01   8.0162116e+00   9.4777098e+00   8.7780686e+00   5.5552985e+00   1.0441089e+01   7.5804804e+00
   1.0275669e+01   7.0096131e+00   9.8721134e+00   6.4831566e+00   1.0071073e+01   6.7119103e+00   9.9845192e+00   8.4212966e+00   9.3110920e+00   5.9645136e+00   1.0273251e+01   7.0044316e+00   9.8737344e+00   8.5132354e+00   9.2711577e+00   5.9314778e+00   1.0286516e+01   7.0280457e+00   9.8647061e+00   6.4757390e+00   1.0073918e+01   6.7153290e+00   9.9833863e+00   6.6058940e+00   1.0024856e+01   6.6546862e+00   1.0006410e+01   8.4022214e+00   9.3190007e+00   8.8748996e+00   9.1046846e+00   5.7984084e+00
   9.5386049e+00   6.1557400e+00   1.0200052e+01   8.2106943e+00   9.4042231e+00   8.8313860e+00   9.1293533e+00   8.9815944e+00   5.6994122e+00   1.0383216e+01   7.9179130e+00   9.5237087e+00   8.7598177e+00   9.1631442e+00   5.8401281e+00   1.0325311e+01   7.0908111e+00   9.8436091e+00   8.5419088e+00   9.2620767e+00   8.9110402e+00   5.6461761e+00   1.0405415e+01   7.8606456e+00   9.5469259e+00   6.1628763e+00   1.0196411e+01   8.2139620e+00   9.4029886e+00   8.8321086e+00   9.1293362e+00   8.9821147e+00
   5.6625504e+00   1.0399824e+01   7.8927661e+00   9.5373948e+00   8.7565123e+00   5.5279730e+00   1.0457151e+01   7.6417242e+00   9.6360028e+00   6.2394708e+00   1.0169406e+01   8.2540940e+00   9.3894458e+00   8.8442713e+00   9.1273283e+00   5.8079098e+00   1.0340592e+01   8.0189329e+00   9.4859629e+00   8.7876900e+00   5.5506177e+00   1.0448149e+01   7.7222559e+00   9.6043432e+00   8.7141087e+00   9.1878096e+00   8.9554750e+00   5.6753623e+00   1.0394862e+01   7.9059048e+00   9.5319169e+00   6.1449684e+00
   1.0451813e+01   7.7375282e+00   9.6014089e+00   6.2029584e+00   1.0185790e+01   8.2439357e+00   9.3974879e+00   8.8448148e+00   5.5887077e+00   1.0433057e+01   7.8148977e+00   9.5714447e+00   8.7404923e+00   5.5124563e+00   1.0465768e+01   7.5948503e+00   9.6573026e+00   6.2542822e+00   1.0166252e+01   8.2657829e+00   9.3876598e+00   6.0156688e+00   1.0259187e+01   8.1539579e+00   9.4346302e+00   8.8231715e+00   5.5727634e+00   1.0439391e+01   7.3672490e+00   9.7449801e+00   6.3376761e+00   1.0133961e+01
   9.5036684e+00   8.7868266e+00   5.5423955e+00   1.0454067e+01   7.4067224e+00   9.7326181e+00   8.6395934e+00   9.2295434e+00   8.9421945e+00   5.6572720e+00   1.0405493e+01   7.9120148e+00   9.5362039e+00   8.7671872e+00   9.1714103e+00   8.9726236e+00   5.6806697e+00   1.0396450e+01   7.9345481e+00   9.5268954e+00   8.7726777e+00   9.1688818e+00   8.9743722e+00   5.6816032e+00   1.0395750e+01   7.9356051e+00   9.5266385e+00   8.7730412e+00   9.1685359e+00   8.9739145e+00   5.6817595e+00   1.0395786e+01
   8.1967656e+00   9.4240001e+00   8.8388763e+00   9.1419615e+00   8.9926686e+00   5.6915735e+00   1.0393631e+01   7.9555023e+00   9.5216443e+00   6.1222197e+00   1.0221739e+01   8.2187683e+00   9.4141982e+00   8.8439726e+00   5.5803217e+00   1.0439333e+01   7.8364342e+00   9.5694597e+00   8.7515434e+00   5.5129257e+00   1.0468644e+01   7.4543909e+00   9.7170859e+00   8.6555075e+00   9.2264694e+00   5.8738971e+00   1.0318569e+01   8.0878639e+00   9.4686620e+00   8.8122577e+00   5.5572766e+00   1.0449996e+01
   5.9621629e+00   1.0285842e+01   6.9699393e+00   9.9034321e+00   6.4824661e+00   1.0086211e+01   8.3696555e+00   9.3545661e+00   5.9746105e+00   1.0281474e+01   6.9615980e+00   9.9059874e+00   8.5235171e+00   9.2886295e+00   5.9200767e+00   1.0303174e+01   6.9976997e+00   9.8926721e+00   8.5342866e+00   9.2839030e+00   8.9218040e+00   5.6341289e+00   1.0418936e+01   7.9124097e+00   9.5424117e+00   8.7727951e+00   5.5246143e+00   1.0465209e+01   7.4002224e+00   9.7405291e+00   8.6447846e+00   9.2350684e+00
   8.7020104e+00   5.4694670e+00   1.0490726e+01   7.6117443e+00   9.6632032e+00   8.7019641e+00   5.4694938e+00   1.0490720e+01   7.6117779e+00   9.6631559e+00   8.7019128e+00   5.4695185e+00   1.0490704e+01   7.6118079e+00   9.6631014e+00   8.7018565e+00   5.4695412e+00   1.0490679e+01   7.6118344e+00   9.6630398e+00   8.7017951e+00   5.4695617e+00   1.0490643e+01   7.6118573e+00   9.6629710e+00   8.7017287e+00   5.4695801e+00   1.0490598e+01   7.6118766e+00   9.6628949e+00   8.7016584e+00   5.4695964e+00
   9.6856560e+00   8.6921114e+00   5.4588922e+00   1.0496503e+01   7.5605171e+00   9.6855865e+00   8.6921566e+00   5.4588969e+00   1.0496434e+01   7.5605013e+00   9.6855124e+00   8.6921987e+00   5.4589003e+00   1.0496359e+01   7.5604833e+00   9.6854336e+00   8.6922377e+00   5.4589023e+00   1.0496277e+01   7.5604631e+00   9.6853836e+00   8.6922735e+00   5.4589030e+00   1.0496189e+01   7.5604406e+00   9.6854641e+00   8.6923062e+00   5.4589024e+00   1.0496094e+01   7.5604158e+00   9.6855403e+00   8.6923357e+00
   9.7011025e+00   8.6873417e+00   5.4517148e+00   1.0501316e+01   7.5291335e+00   9.7010115e+00   8.6872164e+00   5.4517428e+00   1.0501222e+01   7.5290778e+00   9.7009059e+00   8.6873299e+00   5.4517581e+00   1.0501095e+01   7.5290432e+00   9.7007618e+00   8.6874465e+00   5.4517720e+00   1.0500930e+01   7.5289582e+00   9.7006063e+00   8.6875362e+00   5.4517716e+00   1.0500733e+01   7.5289040e+00   9.7004189e+00   8.6876191e+00   5.4517715e+00   1.0500496e+01   7.5287884e+00   9.7006144e+00   8.6876724e+00
   8.7067388e+00   5.4618857e+00   1.0497537e+01   7.4502929e+00   9.7335657e+00   8.6709237e+00   5.4360307e+00   1.0508768e+01   7.5938675e+00   9.6791886e+00   8.7071394e+00   5.4619044e+00   1.0498293e+01   7.4502771e+00   9.7340429e+00   8.6709521e+00   5.4358437e+00   1.0509370e+01   7.5935420e+00   9.6794776e+00   8.7071408e+00   5.4617544e+00   1.0498481e+01   7.4499869e+00   9.7342168e+00   8.6705837e+00   5.4360339e+00   1.0509626e+01   7.5938640e+00   9.6791945e+00   8.7067404e+00   5.4618472e+00
   8.7006868e+00   5.4537252e+00   1.0502643e+01   7.4441006e+00   9.7389165e+00   8.6726859e+00   5.4334542e+00   1.0511573e+01   7.6698112e+00   9.6534078e+00   8.7290857e+00   5.4737878e+00   1.0494691e+01   7.3986886e+00   9.7566806e+00   8.6607055e+00   5.4252922e+00   1.0515617e+01   7.5793448e+00   9.6875714e+00   8.7063685e+00   5.4578083e+00   1.0500990e+01   7.4338397e+00   9.7428154e+00   8.6700773e+00   5.4315776e+00   1.0512371e+01   7.6606738e+00   9.6569238e+00   8.7268418e+00   5.4721734e+00
   8.6506290e+00   5.4142582e+00   1.0521887e+01   7.6032174e+00   9.6818195e+00   8.7155984e+00   5.4604673e+00   1.0501099e+01   7.4044659e+00   9.7569704e+00   8.6658525e+00   5.4249070e+00   1.0516461e+01   7.6812608e+00   9.6521008e+00   8.7349909e+00   5.4742743e+00   1.0495884e+01   7.3782313e+00   9.7673201e+00   8.6589070e+00   5.4201919e+00   1.0519030e+01   7.6589117e+00   9.6603570e+00   8.7293956e+00   5.4704034e+00   1.0497888e+01   7.3852146e+00   9.7646611e+00   8.6607621e+00   5.4214493e+00
   9.2020858e+00   5.8217104e+00   1.0355690e+01   7.0211018e+00   9.9033806e+00   8.5673840e+00   9.2952269e+00   8.9462503e+00   9.1224422e+00   5.7590475e+00   1.0380797e+01   7.0665991e+00   9.8866890e+00   6.4263494e+00   1.0124170e+01   6.6898351e+00   1.0025561e+01   6.5753424e+00   1.0068823e+01   8.4332123e+00   9.3526180e+00   8.9150874e+00   9.1371330e+00   9.0287171e+00   9.0826677e+00   9.0562581e+00   5.7080139e+00   1.0401186e+01   8.0444562e+00   9.5125423e+00   8.8248502e+00   5.5355753e+00
   8.9368430e+00   5.6143073e+00   1.0440459e+01   7.9828513e+00   9.5401990e+00   8.8132185e+00   5.5232569e+00   1.0478746e+01   7.8962185e+00   9.5746286e+00   8.7923290e+00   9.1984655e+00   5.8142826e+00   1.0360612e+01   8.1199784e+00   9.4856962e+00   8.8452900e+00   5.5466422e+00   1.0468584e+01   7.2493202e+00   9.8214567e+00   8.6323320e+00   5.3939538e+00   1.0533449e+01   7.6310630e+00   9.6769311e+00   8.7287043e+00   5.4624327e+00   1.0504311e+01   7.8176547e+00   9.6052482e+00   8.7734858e+00
   8.6913530e+00   9.2480401e+00   5.8493547e+00   1.0348671e+01   8.1466636e+00   9.4784365e+00   6.0389742e+00   1.0274727e+01   8.2402872e+00   9.4396843e+00   8.8757810e+00   5.5650800e+00   1.0462697e+01   7.9507436e+00   9.5566592e+00   6.1062036e+00   1.0249590e+01   6.8391389e+00   9.9757304e+00   8.5230302e+00   9.3216450e+00   5.9085001e+00   1.0325454e+01   6.9522588e+00   9.9339398e+00   6.4645032e+00   1.0114045e+01   8.4052006e+00   9.3714684e+00   8.9140112e+00   5.5934747e+00   1.0451293e+01
   9.7430102e+00   8.6965507e+00   5.4316295e+00   1.0519938e+01   7.3800349e+00   9.7782256e+00   8.6728721e+00   5.4150492e+00   1.0527170e+01   7.4119301e+00   9.7663715e+00   6.2923329e+00   1.0181536e+01   8.3491222e+00   9.3988747e+00   8.9036829e+00   9.1548169e+00   5.7719309e+00   1.0380312e+01   8.1101055e+00   9.4962130e+00   8.8483879e+00   5.5412277e+00   1.0474346e+01   7.2330989e+00   9.8331214e+00   8.6348786e+00   5.3884704e+00   1.0538590e+01   7.4789357e+00   9.7406706e+00   8.6977283e+00
   8.8716137e+00   5.5543549e+00   1.0470251e+01   7.9630845e+00   9.5582089e+00   8.8170254e+00   5.5146275e+00   1.0487141e+01   7.2516181e+00   9.8290091e+00   8.6432490e+00   9.2762609e+00   8.9741495e+00   9.1251975e+00   9.0513963e+00   5.6884717e+00   1.0416113e+01   7.0914320e+00   9.8879087e+00   8.6009319e+00   5.3608810e+00   1.0552022e+01   7.5612608e+00   9.7130197e+00   8.7208266e+00   9.2421190e+00   8.9920519e+00   5.6436852e+00   1.0434075e+01   8.0342068e+00   9.5297166e+00   8.8336969e+00
   8.6951729e+00   5.4234429e+00   1.0526237e+01   7.8298840e+00   9.6130673e+00   8.7886863e+00   5.4902593e+00   1.0498556e+01   7.2678327e+00   9.8260249e+00   8.6510172e+00   9.2768444e+00   8.9781100e+00   9.1272512e+00   5.7426037e+00   1.0396549e+01   7.0440166e+00   9.9083747e+00   8.5919755e+00   5.3508187e+00   1.0557587e+01   7.5533225e+00   9.7191650e+00   8.7222457e+00   5.4427425e+00   1.0518633e+01   7.8567202e+00   9.6027245e+00   8.7946756e+00   5.4947485e+00   1.0496065e+01   7.2626888e+00
   7.8321371e+00   9.6152086e+00   8.7921120e+00   5.4889512e+00   1.0500280e+01   7.2577155e+00   9.8325680e+00   8.6519820e+00   5.3889990e+00   1.0542769e+01   7.7929181e+00   9.6304581e+00   8.7825422e+00   5.4822661e+00   1.0502729e+01   7.2654781e+00   9.8294610e+00   8.6540017e+00   5.3902858e+00   1.0542276e+01   7.7955050e+00   9.6298144e+00   8.7832611e+00   9.2216200e+00   5.8120457e+00   1.0370797e+01   6.9905233e+00   9.9306787e+00   8.5808485e+00   5.3395032e+00   1.0563993e+01   7.5563013e+00
   9.8131029e+00   8.6705329e+00   5.3986583e+00   1.0540202e+01   7.3653891e+00   9.7955768e+00   8.6822976e+00   9.2702044e+00   5.8465397e+00   1.0359766e+01   6.9625470e+00   9.9442131e+00   8.5773235e+00   9.3165161e+00   5.8832325e+00   1.0345111e+01   6.9400692e+00   9.9520480e+00   8.5710445e+00   5.3285991e+00   1.0569980e+01   7.6476872e+00   9.6893023e+00   6.2014390e+00   1.0223805e+01   6.7688972e+00   1.0015257e+01   6.5220139e+00   1.0105545e+01   8.4470591e+00   9.3719147e+00   8.9363755e+00
   5.9846277e+00   1.0308234e+01   6.8764210e+00   9.9778339e+00   8.5570006e+00   5.3153470e+00   1.0577153e+01   7.6255838e+00   9.7002682e+00   6.2069019e+00   1.0224258e+01   6.7620468e+00   1.0020271e+01   8.5244722e+00   9.3425823e+00   8.9559695e+00   5.6015511e+00   1.0458354e+01   8.0402337e+00   9.5409823e+00   6.0653769e+00   1.0278050e+01   8.2860712e+00   9.4421714e+00   8.9023825e+00   5.5616168e+00   1.0474312e+01   7.1650480e+00   9.8725887e+00   8.6347149e+00   5.3697133e+00   1.0553341e+01
   8.5487616e+00   5.3059045e+00   1.0582272e+01   7.6446420e+00   9.6968901e+00   8.7570003e+00   5.4523952e+00   1.0520863e+01   7.9239409e+00   9.5898064e+00   8.8220493e+00   9.2151568e+00   9.0269558e+00   5.6503203e+00   1.0440290e+01   7.0840066e+00   9.9051161e+00   8.6173725e+00   5.3536216e+00   1.0562239e+01   7.7924800e+00   9.6404575e+00   8.7915324e+00   9.2291900e+00   5.8057596e+00   1.0378898e+01   6.9767921e+00   9.9442915e+00   8.5885879e+00   5.3334494e+00   1.0569842e+01   7.4528220e+00
   8.8687951e+00   5.5293956e+00   1.0490003e+01   7.1761851e+00   9.8739573e+00   6.3606538e+00   1.0172473e+01   8.4072646e+00   9.3992582e+00   5.9378246e+00   1.0330002e+01   6.8926485e+00   9.9775230e+00   8.5688929e+00   5.3165373e+00   1.0579430e+01   7.4695800e+00   9.7650363e+00   8.7180274e+00   5.4210076e+00   1.0534563e+01   7.2902502e+00   9.8314337e+00   8.6738610e+00   5.3895719e+00   1.0547681e+01   7.3315313e+00   9.8164111e+00   8.6841825e+00   5.3968872e+00   1.0545042e+01   7.8749502e+00
   9.3546627e+00   8.9627604e+00   5.5947862e+00   1.0466305e+01   8.0620624e+00   9.5422224e+00   6.0531495e+00   1.0288962e+01   8.2978792e+00   9.4474738e+00   5.9735000e+00   1.0319223e+01   6.8680934e+00   9.9894629e+00   8.5663886e+00   5.3108341e+00   1.0582684e+01   7.4564251e+00   9.7735596e+00   8.7178758e+00   9.2696040e+00   5.8292566e+00   1.0373893e+01   8.1972794e+00   9.4879176e+00   8.8900668e+00   9.1921689e+00   5.7684548e+00   1.0397839e+01   8.1662556e+00   9.5009307e+00   8.8828803e+00
   6.9903802e+00   9.9474986e+00   8.6033339e+00   5.3329538e+00   1.0575148e+01   7.3882072e+00   9.8011332e+00   8.7047488e+00   5.4039938e+00   1.0545162e+01   7.2860359e+00   9.8392623e+00   8.6793169e+00   5.3862586e+00   1.0552934e+01   7.8910595e+00   9.6120866e+00   8.8231480e+00   5.4888008e+00   1.0510219e+01   7.1956247e+00   9.8726194e+00   6.3489130e+00   1.0181537e+01   6.6809753e+00   1.0060035e+01   8.5167954e+00   5.2729776e+00   1.0600834e+01   7.5605234e+00   9.7369902e+00   6.2213637e+00
   6.2655908e+00   1.0214590e+01   6.7146397e+00   1.0050112e+01   8.5307173e+00   5.2789184e+00   1.0599500e+01   7.4849510e+00   9.7683512e+00   6.2452008e+00   1.0222080e+01   8.3813238e+00   9.4204413e+00   5.9423728e+00   1.0334730e+01   6.8751144e+00   9.9917412e+00   8.5759168e+00   5.3100780e+00   1.0585699e+01   7.4106495e+00   9.7964033e+00   8.7132400e+00   9.2790746e+00   5.8284864e+00   1.0377679e+01   6.9401326e+00   9.9682146e+00   8.5934415e+00   5.3222832e+00   1.0580713e+01   7.3879762e+00
   9.4916123e+00   5.9970963e+00   1.0316663e+01   8.2912217e+00   9.4605913e+00   8.9190959e+00   9.1898702e+00   9.0604773e+00   5.6559151e+00   1.0447350e+01   7.0450380e+00   9.9328052e+00   6.3984336e+00   1.0168052e+01   8.4380321e+00   9.4004271e+00   8.9520565e+00   9.1752471e+00   5.7432666e+00   1.0412815e+01   6.9868573e+00   9.9540965e+00   6.4197285e+00   1.0160378e+01   6.6431668e+00   1.0079017e+01   8.5137488e+00   5.2636707e+00   1.0607512e+01   7.7166432e+00   9.6849753e+00   6.1643748e+00
   9.4331297e+00   5.9442619e+00   1.0338589e+01   6.8645860e+00   1.0001433e+01   8.5806163e+00   5.3061529e+00   1.0590876e+01   7.8319867e+00   9.6443513e+00   6.1235159e+00   1.0271539e+01   8.3467847e+00   9.4415336e+00   8.9342251e+00   5.5580842e+00   1.0487717e+01   7.1103438e+00   9.9113685e+00   6.3722877e+00   1.0179460e+01   8.4337121e+00   9.4053768e+00   8.9534977e+00   9.1784957e+00   9.0707063e+00   9.1232770e+00   9.0978977e+00   9.1101034e+00   9.1040296e+00   5.6849120e+00   1.0437046e+01
   9.0950425e+00   9.1156200e+00   9.1056224e+00   9.1103323e+00   5.6856895e+00   1.0438801e+01   8.1568615e+00   9.5211903e+00   6.0131169e+00   1.0314836e+01   8.3088264e+00   9.4602020e+00   5.9623076e+00   1.0333923e+01   6.8503128e+00   1.0009254e+01   8.5804295e+00   5.3024449e+00   1.0593567e+01   7.3687912e+00   9.8200728e+00   8.7131381e+00   5.3949435e+00   1.0555275e+01   7.9524065e+00   9.6010541e+00   8.8488299e+00   9.2302627e+00   5.7777377e+00   1.0403125e+01   8.2043371e+00   9.5019046e+00
   8.1240965e+00   9.5375836e+00   6.0225569e+00   1.0313070e+01   6.8144306e+00   1.0024540e+01   8.5741456e+00   9.3535923e+00   8.9899121e+00   9.1689410e+00   9.0832237e+00   9.1245922e+00   5.6928112e+00   1.0437569e+01   8.1677690e+00   9.5200180e+00   8.8997493e+00   5.5252088e+00   1.0503707e+01   7.1207925e+00   9.9134493e+00   8.6551710e+00   9.3190434e+00   9.0078795e+00   9.1605267e+00   9.0872861e+00   5.6644001e+00   1.0448966e+01   8.1522167e+00   9.5259781e+00   6.0130689e+00   1.0316936e+01
   7.5684102e+00   9.7527400e+00   6.2065721e+00   1.0247398e+01   8.3916389e+00   9.4327355e+00   5.9315078e+00   1.0349254e+01   6.8569633e+00   1.0011597e+01   8.5895152e+00   5.3015641e+00   1.0596911e+01   7.3384008e+00   9.8374747e+00   8.7120841e+00   9.2982525e+00   5.8228268e+00   1.0390612e+01   6.9166133e+00   9.9902259e+00   6.4351729e+00   1.0164317e+01   8.4674656e+00   5.2177078e+00   1.0632451e+01   7.7173912e+00   9.6969725e+00   8.8011883e+00   5.4503726e+00   1.0535563e+01   7.1757793e+00
   8.1810303e+00   9.5217545e+00   8.9077196e+00   5.5235508e+00   1.0508464e+01   7.1068261e+00   9.9245612e+00   8.6584320e+00   5.3457364e+00   1.0579309e+01   7.2700398e+00   9.8650940e+00   8.6988884e+00   9.3074004e+00   5.8262337e+00   1.0391227e+01   8.2465464e+00   9.4956063e+00   5.9786886e+00   1.0333864e+01   6.8278758e+00   1.0024922e+01   6.4653989e+00   1.0155895e+01   8.4812772e+00   5.2234861e+00   1.0631348e+01   7.7660326e+00   9.6818597e+00   8.8153554e+00   5.4566442e+00   1.0535161e+01
   1.0456481e+01   7.0034430e+00   9.9640214e+00   8.6355333e+00   9.3378981e+00   5.8466669e+00   1.0385577e+01   6.8929866e+00   1.0004374e+01   8.6069578e+00   9.3507185e+00   9.0044037e+00   5.5903453e+00   1.0483413e+01   7.0503423e+00   9.9476892e+00   6.3814672e+00   1.0188046e+01   8.4594723e+00   9.4121490e+00   5.9061452e+00   1.0362703e+01   6.8608758e+00   1.0015222e+01   8.5983337e+00   5.3001190e+00   1.0600455e+01   7.3123075e+00   9.8521749e+00   6.2897249e+00   1.0221376e+01   8.4295432e+00
   5.1857078e+00   1.0649582e+01   7.5046962e+00   9.7849203e+00   6.2219493e+00   1.0248934e+01   8.4117662e+00   5.1689999e+00   1.0657244e+01   7.6225693e+00   9.7416329e+00   6.1823352e+00   1.0262887e+01   8.3976913e+00   9.4408792e+00   5.9252541e+00   1.0357504e+01   6.8460850e+00   1.0023634e+01   8.5983203e+00   5.2964907e+00   1.0602824e+01   7.9142492e+00   9.6313456e+00   8.8542500e+00   5.4771209e+00   1.0529957e+01   8.0689857e+00   9.5721835e+00   8.8883320e+00   5.5018483e+00   1.0520286e+01
   7.6353736e+00   9.7398178e+00   6.1760674e+00   1.0267579e+01   8.4007934e+00   5.1581517e+00   1.0663015e+01   7.6351483e+00   9.7396757e+00   6.1760457e+00   1.0267806e+01   8.4006043e+00   5.1580704e+00   1.0662931e+01   7.6353434e+00   9.7399154e+00   6.1761059e+00   1.0267369e+01   8.4007395e+00   5.1581723e+00   1.0662831e+01   7.6352369e+00   9.7394949e+00   6.1759861e+00   1.0267886e+01   8.4006987e+00   5.1580140e+00   1.0663087e+01   7.6352924e+00   9.7399710e+00   6.1761297e+00   1.0267109e+01
   1.0091927e+01   8.5576717e+00   5.2612747e+00   1.0621026e+01   7.9016050e+00   9.6427070e+00   8.8574726e+00   5.4718742e+00   1.0534981e+01   8.0830430e+00   9.5732825e+00   6.0262056e+00   1.0324302e+01   6.7868524e+00   1.0049907e+01   6.4695704e+00   1.0163147e+01   6.5922548e+00   1.0119974e+01   6.5436542e+00   1.0137488e+01   6.5627091e+00   1.0130313e+01   6.5551056e+00   1.0132488e+01   6.5582210e+00   1.0132054e+01   6.5570922e+00   1.0132697e+01   8.5253043e+00   5.2392011e+00   1.0629463e+01
   5.2547117e+00   1.0625169e+01   7.9085272e+00   9.6433683e+00   6.0818409e+00   1.0306413e+01   8.3770584e+00   5.1353378e+00   1.0674615e+01   7.6073496e+00   9.7559917e+00   6.1813703e+00   1.0270469e+01   8.4122866e+00   5.1586747e+00   1.0665215e+01   7.7508546e+00   9.7026305e+00   6.1336698e+00   1.0287433e+01   8.3958336e+00   5.1476847e+00   1.0670198e+01   7.5228123e+00   9.7872543e+00   8.7750209e+00   9.2927273e+00   5.7941528e+00   1.0413352e+01   6.9016460e+00   1.0011558e+01   6.4247345e+00
   5.1247022e+00   1.0680296e+01   7.6476223e+00   9.7438557e+00   8.8060952e+00   9.2826165e+00   5.7823034e+00   1.0419267e+01   6.9031056e+00   1.0014053e+01   8.6281084e+00   5.3026612e+00   1.0606886e+01   7.9709840e+00   9.6223886e+00   6.0597807e+00   1.0316303e+01   6.7626184e+00   1.0063488e+01   6.4730995e+00   1.0166942e+01   6.5844018e+00   1.0127762e+01   8.5415051e+00   5.2430670e+00   1.0630966e+01   7.3183434e+00   9.8648663e+00   6.2763234e+00   1.0238131e+01   8.4484008e+00   9.4340230e+00
   1.0137273e+01   8.5400168e+00   5.2383841e+00   1.0634730e+01   7.9178026e+00   9.6457226e+00   8.8695124e+00   9.2586907e+00   5.7594704e+00   1.0429780e+01   8.2592705e+00   9.5139349e+00   5.9636747e+00   1.0354100e+01   6.8041270e+00   1.0051113e+01   8.6058021e+00   5.2834969e+00   1.0615344e+01   7.2589424e+00   9.8892556e+00   6.2943051e+00   1.0234083e+01   6.6546348e+00   1.0105300e+01   6.5106541e+00   1.0156644e+01   8.5244238e+00   5.2277808e+00   1.0639153e+01   7.9058017e+00   9.6508053e+00
   1.0659232e+01   7.3738337e+00   9.8505313e+00   8.7498958e+00   9.3149050e+00   5.7989899e+00   1.0416890e+01   8.2827645e+00   9.5080123e+00   8.9514241e+00   5.5247654e+00   1.0521007e+01   7.0488894e+00   9.9669178e+00   8.6721013e+00   5.3259790e+00   1.0600040e+01   7.2064292e+00   9.9110085e+00   6.3100451e+00   1.0230502e+01   8.4681925e+00   5.1858100e+00   1.0658016e+01   7.3685985e+00   9.8521009e+00   6.2549908e+00   1.0250509e+01   6.6675683e+00   1.0102485e+01   6.5029205e+00   1.0161692e+01
   9.8714876e+00   6.2680197e+00   1.0248326e+01   8.4594616e+00   5.1764117e+00   1.0663068e+01   7.8714859e+00   9.6701340e+00   6.0867938e+00   1.0313211e+01   8.3987540e+00   5.1357446e+00   1.0680418e+01   7.4372440e+00   9.8300838e+00   6.2297052e+00   1.0261753e+01   8.4470207e+00   9.4454336e+00   8.9892910e+00   9.2121342e+00   5.7156102e+00   1.0450250e+01   8.2515470e+00   9.5236952e+00   5.9631134e+00   1.0358573e+01   8.3541048e+00   5.1055445e+00   1.0693185e+01   7.7324308e+00   9.7219880e+00
   5.0884731e+00   1.0701548e+01   7.7130201e+00   9.7324466e+00   6.1369051e+00   1.0297272e+01   6.7117115e+00   1.0092152e+01   8.5927123e+00   5.2636706e+00   1.0628742e+01   7.9815762e+00   9.6314806e+00   6.0494339e+00   1.0328737e+01   8.3906887e+00   9.4716584e+00   5.9161576e+00   1.0377942e+01   8.3414801e+00   5.0936859e+00   1.0699073e+01   7.5175255e+00   9.8036546e+00   8.7893458e+00   5.4008669e+00   1.0573527e+01   8.0877250e+00   9.5907054e+00   8.9146585e+00   5.4905469e+00   1.0537719e+01
   5.5431014e+00   1.0519721e+01   8.1798468e+00   9.5582792e+00   8.9372449e+00   5.5031241e+00   1.0534954e+01   7.0438806e+00   9.9768866e+00   8.6808857e+00   9.3551555e+00   5.8184484e+00   1.0415877e+01   8.3080706e+00   5.0681473e+00   1.0711701e+01   7.5952726e+00   9.7787971e+00   6.1735325e+00   1.0286896e+01   6.6917633e+00   1.0102222e+01   6.4849811e+00   1.0175451e+01   6.5637330e+00   1.0147296e+01   8.5560542e+00   5.2349759e+00   1.0641950e+01   7.2667375e+00   9.8972254e+00   6.2827988e+00
   5.4326598e+00   1.0564372e+01   8.1247416e+00   9.5828891e+00   5.9994306e+00   1.0351634e+01   6.7661228e+00   1.0078557e+01   8.6146596e+00   5.2716236e+00   1.0627730e+01   7.2190217e+00   9.9176244e+00   6.2965752e+00   1.0244618e+01   6.6362528e+00   1.0124359e+01   6.5030216e+00   1.0170844e+01   6.5538219e+00   1.0153654e+01   6.5341039e+00   1.0159840e+01   6.5418096e+00   1.0157933e+01   6.5387634e+00   1.0158168e+01   6.5400388e+00   1.0158566e+01   8.5530749e+00   9.4118537e+00   9.0192678e+00
   1.0080554e+01   8.6181858e+00   5.2706405e+00   1.0630310e+01   7.2101057e+00   9.9234691e+00   6.2972565e+00   1.0247041e+01   8.4862812e+00   5.1804423e+00   1.0667183e+01   7.9362671e+00   9.6577862e+00   8.8904608e+00   9.2717731e+00   5.7455004e+00   1.0447246e+01   8.2889669e+00   5.0485399e+00   1.0722250e+01   7.6871667e+00   9.7504778e+00   8.8358435e+00   5.4230530e+00   1.0569486e+01   7.0859485e+00   9.9670202e+00   6.3395974e+00   1.0231878e+01   8.4993651e+00   5.1891521e+00   1.0662610e+01
   1.0664244e+01   7.9601424e+00   9.6522219e+00   8.8984307e+00   5.4637399e+00   1.0555355e+01   7.0504270e+00   9.9824136e+00   8.6932581e+00   9.3607011e+00   9.0537204e+00   9.2018094e+00   5.6877129e+00   1.0470239e+01   8.2701119e+00   5.0324905e+00   1.0730382e+01   7.6274701e+00   9.7758985e+00   6.1569964e+00   1.0299581e+01   8.4466343e+00   9.4624715e+00   9.0012174e+00   5.5386193e+00   1.0526214e+01   7.0018342e+00   9.9997595e+00   6.3660588e+00   1.0224557e+01   6.6011305e+00   1.0141806e+01
   5.0267139e+00   1.0733231e+01   7.6968017e+00   9.7532607e+00   6.1325927e+00   1.0309863e+01   6.6947662e+00   1.0111117e+01   8.6073607e+00   9.4005316e+00   9.0383724e+00   9.2128732e+00   5.6923533e+00   1.0471076e+01   8.2782018e+00   5.0341600e+00   1.0729948e+01   7.7295916e+00   9.7412717e+00   6.1219777e+00   1.0313698e+01   8.4396411e+00   9.4690323e+00   9.0027906e+00   5.5356610e+00   1.0529882e+01   6.9974844e+00   1.0004428e+01   8.6840376e+00   5.3086906e+00   1.0618287e+01   8.0690056e+00
   9.8740941e+00   6.2368993e+00   1.0275530e+01   8.4810034e+00   9.4555021e+00   5.8778943e+00   1.0404624e+01   8.3588854e+00   5.0843637e+00   1.0710927e+01   7.3928350e+00   9.8663683e+00   8.7800428e+00   9.3311868e+00   9.0769585e+00   9.1987173e+00   5.6774744e+00   1.0477660e+01   8.2776307e+00   9.5367387e+00   8.9707571e+00   9.2473360e+00   5.7145445e+00   1.0464132e+01   6.8896136e+00   1.0045361e+01   6.4004085e+00   1.0217429e+01   8.5301064e+00   5.1993419e+00   1.0663550e+01   7.9921295e+00
   9.3846415e+00   5.8173272e+00   1.0428898e+01   8.3408488e+00   9.5145185e+00   8.9871403e+00   9.2437295e+00   5.7078841e+00   1.0469039e+01   8.2966055e+00   5.0396146e+00   1.0730360e+01   7.4555580e+00   9.8465670e+00   8.7972203e+00   9.3273319e+00   9.0831037e+00   5.5872874e+00   1.0514246e+01   8.2431200e+00   5.0041924e+00   1.0745238e+01   7.7008405e+00   9.7580977e+00   8.8511701e+00   5.4187590e+00   1.0578451e+01   7.0611937e+00   9.9873364e+00   8.7063095e+00   5.3168455e+00   1.0617753e+01
   1.0733005e+01   7.4393467e+00   9.8553699e+00   8.7967402e+00   9.3312562e+00   5.7711823e+00   1.0447591e+01   6.8503831e+00   1.0063608e+01   8.6580470e+00   9.3898710e+00   9.0562494e+00   5.5632905e+00   1.0524817e+01   8.2381699e+00   4.9976018e+00   1.0750072e+01   7.5432039e+00   9.8185245e+00   6.1764806e+00   1.0301525e+01   6.6652225e+00   1.0128958e+01   8.6108240e+00   5.2472714e+00   1.0646993e+01   8.0526904e+00   9.6301027e+00   8.9286196e+00   5.4706179e+00   1.0559987e+01   8.1915113e+00
   9.1748182e+00   5.6479111e+00   1.0494729e+01   8.2826940e+00   5.0235619e+00   1.0739264e+01   7.4432827e+00   9.8566200e+00   6.2068188e+00   1.0293178e+01   6.6489780e+00   1.0137635e+01   6.4782196e+00   1.0197024e+01   8.5644681e+00   9.4321617e+00   9.0390222e+00   5.5468570e+00   1.0532408e+01   8.2367034e+00   4.9930794e+00   1.0752872e+01   7.7505661e+00   9.7455329e+00   6.1076673e+00   1.0327893e+01   8.4537526e+00   5.1372070e+00   1.0693145e+01   7.9693250e+00   9.6644739e+00   8.9139052e+00
   1.0752939e+01   7.4842674e+00   9.8449456e+00   6.1912901e+00   1.0300937e+01   8.4849746e+00   9.4674389e+00   9.0246469e+00   5.5325102e+00   1.0540274e+01   8.2367042e+00   4.9896444e+00   1.0755808e+01   7.4959406e+00   9.8414337e+00   6.1877122e+00   1.0301792e+01   8.4836546e+00   5.1535876e+00   1.0687905e+01   7.2531905e+00   9.9277558e+00   6.2670371e+00   1.0273254e+01   8.5077428e+00   5.1698603e+00   1.0680999e+01   7.2367288e+00   9.9337380e+00   8.7569958e+00   5.3416014e+00   1.0613080e+01
   1.0161806e+01   8.6037008e+00   9.4226666e+00   5.8311966e+00   1.0432038e+01   8.3677325e+00   9.5175392e+00   5.9072867e+00   1.0403958e+01   8.3958305e+00   5.0910955e+00   1.0714734e+01   7.9481166e+00   9.6786412e+00   6.0410044e+00   1.0355844e+01   8.4412475e+00   5.1218595e+00   1.0702257e+01   7.9791749e+00   9.6670536e+00   8.9215964e+00   5.4542126e+00   1.0571423e+01   8.2042166e+00   4.9650738e+00   1.0767486e+01   7.7361912e+00   9.7569485e+00   8.8702026e+00   9.3098200e+00   5.7430166e+00
   1.0543755e+01   6.9596599e+00   1.0035908e+01   6.3607551e+00   1.0245631e+01   6.5774605e+00   1.0169967e+01   8.6032515e+00   9.4265819e+00   9.0543132e+00   9.2326850e+00   9.1495535e+00   9.1883605e+00   5.6464119e+00   1.0501519e+01   8.3002172e+00   5.0244731e+00   1.0743666e+01   7.3847751e+00   9.8869390e+00   8.7966898e+00   9.3454497e+00   5.7664160e+00   1.0456771e+01   8.3488810e+00   9.5287742e+00   9.0011105e+00   9.2564432e+00   5.6976725e+00   1.0482689e+01   8.3213162e+00   5.0385390e+00
   9.1733330e+00   9.1813778e+00   5.6371822e+00   1.0506787e+01   8.3021841e+00   9.5497296e+00   5.9251090e+00   1.0402070e+01   8.4122007e+00   9.5067294e+00   5.8901441e+00   1.0413896e+01   8.3998890e+00   5.0869096e+00   1.0719159e+01   7.2906235e+00   9.9232137e+00   8.7788229e+00   5.3459345e+00   1.0615767e+01   8.1602898e+00   4.9294591e+00   1.0784818e+01   7.6623821e+00   9.7896243e+00   8.8604895e+00   5.4032630e+00   1.0594356e+01   8.1916025e+00   4.9499025e+00   1.0776208e+01   7.7643839e+00
   9.7986862e+00   8.8603520e+00   9.3257374e+00   9.1129609e+00   5.5819602e+00   1.0529209e+01   8.2847634e+00   5.0071803e+00   1.0752993e+01   7.3782005e+00   9.8947663e+00   8.8018609e+00   5.3581318e+00   1.0613613e+01   7.0551492e+00   1.0008302e+01   6.3236257e+00   1.0262863e+01   6.5853013e+00   1.0171987e+01   8.6131455e+00   5.2273154e+00   1.0664454e+01   8.0944006e+00   9.6332565e+00   8.9539861e+00   9.2848595e+00   9.1326276e+00   9.2043271e+00   9.1706559e+00   5.6254013e+00   1.0513210e+01
   1.0594752e+01   7.0139486e+00   1.0025708e+01   8.7225719e+00   5.2990241e+00   1.0637944e+01   8.1484381e+00   4.9149227e+00   1.0792748e+01   7.5576211e+00   9.8338208e+00   6.1576888e+00   1.0323455e+01   6.6481303e+00   1.0152938e+01   8.6331845e+00   9.4246634e+00   9.0676737e+00   5.5451362e+00   1.0544608e+01   8.2745607e+00   4.9971402e+00   1.0757835e+01   7.8960101e+00   9.7107982e+00   6.0504361e+00   1.0361898e+01   8.4634030e+00   9.4935976e+00   9.0329316e+00   5.5195228e+00   1.0554017e+01
   1.0371930e+01   8.4609552e+00   5.1171926e+00   1.0711019e+01   7.2274928e+00   9.9533970e+00   8.7747301e+00   9.3696216e+00   5.7688066e+00   1.0463934e+01   8.3714645e+00   9.5331778e+00   9.0161395e+00   9.2647832e+00   9.1502349e+00   9.2040536e+00   5.6423930e+00   1.0509950e+01   8.3221005e+00   5.0249356e+00   1.0748617e+01   7.3256600e+00   9.9193349e+00   8.7962087e+00   9.3599590e+00   9.1041878e+00   9.2253821e+00   5.6582929e+00   1.0504885e+01   8.3282554e+00   9.5497346e+00   5.9123518e+00
   1.0798703e+01   7.5053164e+00   9.8583325e+00   8.8385126e+00   5.3731545e+00   1.0612822e+01   8.2046486e+00   4.9446348e+00   1.0782557e+01   7.8551285e+00   9.7321030e+00   8.9128833e+00   9.3141242e+00   5.7220255e+00   1.0482819e+01   6.8332821e+00   1.0093293e+01   8.6861138e+00   5.2669090e+00   1.0653587e+01   8.1452433e+00   9.6237895e+00   8.9722672e+00   5.4682758e+00   1.0576998e+01   6.9679426e+00   1.0047077e+01   6.3456297e+00   1.0262457e+01   6.5673304e+00   1.0185942e+01   8.6199378e+00
   5.3639397e+00   1.0617905e+01   7.0253563e+00   1.0029789e+01   8.7354566e+00   5.2970658e+00   1.0643594e+01   8.1705470e+00   4.9190478e+00   1.0794787e+01   7.8319729e+00   9.7435966e+00   6.0652749e+00   1.0363390e+01   8.4820149e+00   5.1241144e+00   1.0710441e+01   8.0581190e+00   9.6598387e+00   5.9944038e+00   1.0388432e+01   8.4594828e+00   9.5052981e+00   5.8679350e+00   1.0433348e+01   6.7607120e+00   1.0121565e+01   8.6725311e+00   5.2536139e+00   1.0659589e+01   7.0994267e+00   1.0004030e+01
   1.0593244e+01   8.2483699e+00   4.9662903e+00   1.0776516e+01   7.3591121e+00   9.9159731e+00   6.2128221e+00   1.0313993e+01   8.5307838e+00   5.1536338e+00   1.0700183e+01   8.0892934e+00   4.8630096e+00   1.0819717e+01   7.7009233e+00   9.7939977e+00   8.8865010e+00   9.3329345e+00   5.7284548e+00   1.0484440e+01   8.3724409e+00   9.5427492e+00   9.0240746e+00   9.2724598e+00   9.1586213e+00   5.5967304e+00   1.0532677e+01   8.3208502e+00   5.0136567e+00   1.0756985e+01   7.3010343e+00   9.9363474e+00
   6.3936841e+00   1.0253395e+01   6.5399884e+00   1.0203039e+01   8.6241261e+00   9.4456923e+00   5.8124836e+00   1.0456831e+01   8.4081259e+00   5.0677262e+00   1.0736480e+01   7.2343155e+00   9.9624850e+00   8.7889753e+00   5.3273278e+00   1.0635362e+01   8.2024429e+00   4.9328008e+00   1.0791304e+01   7.3916470e+00   9.9066799e+00   8.8237266e+00   5.3512997e+00   1.0625598e+01   7.0207725e+00   1.0036920e+01   6.3207491e+00   1.0277941e+01   6.5672361e+00   1.0193458e+01   8.6314138e+00   5.2183278e+00
   5.9260907e+00   1.0418751e+01   8.4516000e+00   5.0932654e+00   1.0727697e+01   8.0646591e+00   4.8404213e+00   1.0831792e+01   7.5891524e+00   9.8395902e+00   8.8686957e+00   5.3795413e+00   1.0617023e+01   6.9974794e+00   1.0047621e+01   6.3260475e+00   1.0278904e+01   8.5711566e+00   5.1737195e+00   1.0695255e+01   8.1209278e+00   4.8766007e+00   1.0815456e+01   7.8200687e+00   9.7568828e+00   8.9169623e+00   5.4135093e+00   1.0603578e+01   6.9772038e+00   1.0054721e+01   8.7345135e+00   9.4036345e+00
   9.6425725e+00   8.9845756e+00   9.3009599e+00   5.6922538e+00   1.0504268e+01   8.3748327e+00   9.5517135e+00   5.8887348e+00   1.0434064e+01   8.4436307e+00   5.0848600e+00   1.0732280e+01   8.0678311e+00   9.6683131e+00   8.9703223e+00   9.3074997e+00   5.6970920e+00   1.0502455e+01   6.8229655e+00   1.0110223e+01   8.7015969e+00   5.2594367e+00   1.0663823e+01   8.1803550e+00   9.6264289e+00   5.9496284e+00   1.0412771e+01   8.4638222e+00   5.0980574e+00   1.0726901e+01   8.0775962e+00   4.8455662e+00
   8.4498962e+00   5.0850201e+00   1.0733266e+01   8.0781831e+00   4.8422398e+00   1.0832134e+01   7.4996643e+00   9.8777739e+00   6.1599238e+00   1.0341371e+01   6.6195812e+00   1.0182634e+01   8.6557487e+00   5.2241867e+00   1.0678868e+01   8.1682118e+00   4.9003358e+00   1.0808778e+01   7.3905869e+00   9.9161618e+00   6.1943889e+00   1.0329444e+01   8.5427075e+00   5.1473727e+00   1.0709437e+01   8.1209172e+00   9.6522009e+00   5.9664043e+00   1.0409112e+01   8.4740947e+00   5.1011957e+00   1.0726696e+01
   1.0745161e+01   8.0690832e+00   4.8330298e+00   1.0837499e+01   7.4945133e+00   9.8823603e+00   8.8580484e+00   9.3630990e+00   9.1353469e+00   9.2419232e+00   5.6394841e+00   1.0527057e+01   8.3660162e+00   9.5620585e+00   5.8885140e+00   1.0438542e+01   8.4537545e+00   9.5276523e+00   9.0534496e+00   9.2784536e+00   5.6672067e+00   1.0517309e+01   8.3762912e+00   5.0329161e+00   1.0755052e+01   7.2274470e+00   9.9754117e+00   8.8006540e+00   5.3205892e+00   1.0644641e+01   8.2275065e+00   4.9353459e+00
   1.0827523e+01   7.4219791e+00   9.9110056e+00   8.8455287e+00   5.3484286e+00   1.0635272e+01   8.2476795e+00   9.6103991e+00   5.9237482e+00   1.0428177e+01   6.7087482e+00   1.0157474e+01   8.6851046e+00   9.4385619e+00   9.1024492e+00   5.5321536e+00   1.0567524e+01   8.3294740e+00   4.9985229e+00   1.0770691e+01   7.2499725e+00   9.9708619e+00   8.8085717e+00   9.3873395e+00   5.7466375e+00   1.0490747e+01   8.4102920e+00   5.0520167e+00   1.0749723e+01   8.0730260e+00   4.8323940e+00   1.0839530e+01
   5.3921335e+00   1.0620985e+01   8.2750377e+00   4.9593546e+00   1.0788205e+01   8.0077208e+00   4.7870662e+00   1.0859705e+01   7.7399997e+00   9.8006559e+00   8.9146145e+00   9.3463259e+00   9.1513266e+00   9.2421616e+00   5.6320092e+00   1.0533909e+01   8.3739420e+00   5.0243931e+00   1.0761654e+01   7.2160352e+00   9.9853390e+00   6.2434957e+00   1.0319542e+01   6.5775319e+00   1.0204481e+01   8.6567767e+00   9.4532751e+00   9.0986780e+00   9.2654178e+00   5.6495108e+00   1.0527413e+01   8.3805464e+00
   1.0672634e+01   8.2171150e+00   9.6285637e+00   9.0136533e+00   9.3072362e+00   5.6771589e+00   1.0518879e+01   8.3961545e+00   5.0354014e+00   1.0758967e+01   8.0806844e+00   4.8302988e+00   1.0842051e+01   7.4321904e+00   9.9131855e+00   8.8535334e+00   5.3469989e+00   1.0639529e+01   6.9815424e+00   1.0068916e+01   8.7558783e+00   5.2786907e+00   1.0665381e+01   8.2273624e+00   4.9249402e+00   1.0803547e+01   7.9870394e+00   4.7704893e+00   1.0867779e+01   7.5924667e+00   9.8559491e+00   8.8872823e+00
   1.0312563e+01   8.5861735e+00   9.4884926e+00   9.0898081e+00   5.5115915e+00   1.0580490e+01   6.8864953e+00   1.0104344e+01   6.3458186e+00   1.0288758e+01   8.6048972e+00   5.1717152e+00   1.0707686e+01   7.0855145e+00   1.0036141e+01   6.2808404e+00   1.0310434e+01   6.5569942e+00   1.0216910e+01   8.6588855e+00   9.4596106e+00   5.7905295e+00   1.0481294e+01   8.4403743e+00   5.0616593e+00   1.0750281e+01   8.1085805e+00   9.6727314e+00   8.9946759e+00   5.4430802e+00   1.0606155e+01   8.3099801e+00
   1.0574722e+01   8.3533155e+00   5.0001789e+00   1.0775812e+01   8.0740633e+00   4.8194724e+00   1.0848566e+01   7.8921534e+00   9.7550882e+00   8.9541013e+00   9.3401706e+00   5.6943844e+00   1.0516864e+01   8.4127944e+00   9.5600137e+00   9.0578043e+00   9.2952045e+00   5.6603041e+00   1.0529006e+01   6.8091901e+00   1.0133015e+01   6.3687491e+00   1.0283207e+01   8.6149989e+00   9.4802441e+00   5.8032875e+00   1.0479149e+01   8.4497469e+00   5.0641820e+00   1.0750794e+01   8.1192381e+00   4.8484000e+00
   1.0834655e+01   7.9539104e+00   4.7395474e+00   1.0883039e+01   7.5737475e+00   9.8719675e+00   6.1228439e+00   1.0369980e+01   8.5522196e+00   5.1289984e+00   1.0726454e+01   7.1007081e+00   1.0035579e+01   8.7922972e+00   5.2931436e+00   1.0664641e+01   8.2548470e+00   4.9326258e+00   1.0803939e+01   8.0301573e+00   9.7077756e+00   5.9826480e+00   1.0418471e+01   8.5111944e+00   5.1014341e+00   1.0736847e+01   8.1519114e+00   4.8658930e+00   1.0830474e+01   7.9657284e+00   9.7311583e+00   6.0025443e+00
   6.4196250e+00   1.0270835e+01   8.6359576e+00   9.4789262e+00   9.1068336e+00   9.2809176e+00   9.2019370e+00   5.5826238e+00   1.0560390e+01   6.8369267e+00   1.0129117e+01   8.7367987e+00   5.2509925e+00   1.0682151e+01   8.2414559e+00   9.6323910e+00   9.0288326e+00   5.4564552e+00   1.0606496e+01   6.8998318e+00   1.0107441e+01   6.3338049e+00   1.0300088e+01   6.5280672e+00   1.0234002e+01   8.6632866e+00   5.2007484e+00   1.0700421e+01   7.0458193e+00   1.0057460e+01   6.2864447e+00   1.0316434e+01
   9.5833905e+00   9.0585086e+00   9.3061683e+00   9.1938308e+00   9.2455165e+00   5.6114289e+00   1.0552809e+01   6.8190321e+00   1.0137343e+01   6.3579322e+00   1.0294099e+01   8.6240188e+00   5.1704718e+00   1.0713927e+01   8.2068908e+00   4.8946131e+00   1.0821766e+01   8.0197010e+00   4.7745894e+00   1.0871095e+01   7.4319116e+00   9.9273536e+00   8.8691804e+00   5.3392596e+00   1.0651195e+01   8.2895794e+00   4.9481880e+00   1.0799578e+01   7.2270844e+00   9.9980525e+00   8.8260034e+00   5.3093045e+00
   1.0733487e+01   8.1887280e+00   4.8794785e+00   1.0828999e+01   8.0177523e+00   9.7216315e+00   5.9813517e+00   1.0425175e+01   8.5241428e+00   9.5301234e+00   5.8260030e+00   1.0479332e+01   8.4763498e+00   5.0679781e+00   1.0754293e+01   8.1563514e+00   4.8585056e+00   1.0837856e+01   7.3053844e+00   9.9741310e+00   6.2000319e+00   1.0350339e+01   8.5858783e+00   5.1412676e+00   1.0726550e+01   8.1986362e+00   4.8858604e+00   1.0826689e+01   8.0235806e+00   4.7736567e+00   1.0872058e+01   7.8987236e+00
   4.8536158e+00   1.0840929e+01   7.2988021e+00   9.9787350e+00   6.1998788e+00   1.0352846e+01   6.5682118e+00   1.0227997e+01   8.6840880e+00   5.2042853e+00   1.0704916e+01   8.2391429e+00   4.9085938e+00   1.0818192e+01   8.0537948e+00   4.7897454e+00   1.0866431e+01   7.9370419e+00   4.7154160e+00   1.0898069e+01   7.5050537e+00   9.9073046e+00   6.1360264e+00   1.0374479e+01   8.5724270e+00   9.5144624e+00   9.1017996e+00   5.4977150e+00   1.0597390e+01   8.3668171e+00   9.5945625e+00   5.8731459e+00
   5.0121088e+00   1.0778862e+01   7.1483272e+00   1.0033063e+01   8.8187913e+00   9.4185607e+00   9.1525879e+00   5.5311596e+00   1.0586340e+01   8.3854556e+00   5.0006482e+00   1.0783870e+01   8.1307689e+00   4.8352926e+00   1.0849837e+01   8.0008610e+00   4.7524261e+00   1.0883620e+01   7.9044648e+00   4.6917386e+00   1.0909506e+01   7.5386448e+00   9.8985879e+00   8.9001638e+00   5.3500337e+00   1.0652694e+01   6.9352945e+00   1.0105692e+01   6.3127052e+00   1.0316570e+01   8.6241100e+00   9.4973914e+00
   9.9608180e+00   8.8680590e+00   5.3239912e+00   1.0663286e+01   8.3076372e+00   4.9464859e+00   1.0806164e+01   7.1919254e+00   1.0021505e+01   6.2287799e+00   1.0347352e+01   8.6060534e+00   5.1441061e+00   1.0729857e+01   7.0493499e+00   1.0069383e+01   8.8006850e+00   5.2773303e+00   1.0680931e+01   8.2872850e+00   4.9329634e+00   1.0811767e+01   8.0931534e+00   9.7034511e+00   5.9532957e+00   1.0440875e+01   6.6562288e+00   1.0202745e+01   6.4017136e+00   1.0289157e+01   6.4889673e+00   1.0259253e+01
   5.5334297e+00   1.0589296e+01   8.3971928e+00   9.5925361e+00   9.0749132e+00   9.3176240e+00   9.2080688e+00   5.5645412e+00   1.0579252e+01   8.4082387e+00   5.0088185e+00   1.0783239e+01   7.1349825e+00   1.0043549e+01   6.2445112e+00   1.0344415e+01   8.6142201e+00   5.1460910e+00   1.0731052e+01   8.2310144e+00   4.8930689e+00   1.0828120e+01   8.0732859e+00   4.7918781e+00   1.0869581e+01   7.9832185e+00   4.7344471e+00   1.0892409e+01   7.9149712e+00   4.6914730e+00   1.0911569e+01   7.8448628e+00
   1.0907063e+01   7.4392608e+00   9.9420752e+00   6.1482321e+00   1.0379179e+01   6.5745410e+00   1.0235097e+01   8.7004815e+00   9.4769596e+00   5.7643129e+00   1.0510750e+01   6.7261503e+00   1.0184466e+01   8.7357991e+00   9.4629973e+00   9.1431637e+00   5.5127960e+00   1.0599609e+01   8.3947476e+00   4.9965515e+00   1.0789030e+01   8.1544794e+00   9.6870566e+00   9.0300385e+00   5.4312351e+00   1.0628661e+01   6.8781765e+00   1.0133374e+01   6.3239378e+00   1.0320269e+01   8.6385841e+00   5.1591874e+00
   1.0557414e+01   8.4442033e+00   5.0256537e+00   1.0779670e+01   8.1802640e+00   4.8534803e+00   1.0846644e+01   8.0631043e+00   4.7785992e+00   1.0877390e+01   7.9962318e+00   4.7359942e+00   1.0894855e+01   7.9496322e+00   4.7066497e+00   1.0906335e+01   7.9114562e+00   4.6826286e+00   1.0917226e+01   7.4548192e+00   9.9393742e+00   6.1413023e+00   1.0383543e+01   6.5737764e+00   1.0237650e+01   8.7038425e+00   5.1998218e+00   1.0714438e+01   8.2712807e+00   4.9123014e+00   1.0824190e+01   8.1073786e+00
   4.7055563e+00   1.0908074e+01   7.9273794e+00   4.6892349e+00   1.0915477e+01   7.9045768e+00   4.6750678e+00   1.0921299e+01   7.8824828e+00   4.6613563e+00   1.0926806e+01   7.8587638e+00   4.6463046e+00   1.0933271e+01   7.8278385e+00   4.6271481e+00   1.0941764e+01   7.5607937e+00   9.9055385e+00   8.9194107e+00   9.3941980e+00   9.1837613e+00   5.5351538e+00   1.0595575e+01   8.4133416e+00   5.0020298e+00   1.0790333e+01   8.1744513e+00   4.8463239e+00   1.0850560e+01   7.2417234e+00   1.0015487e+01
   1.0872574e+01   8.0376292e+00   4.7555888e+00   1.0888553e+01   7.9992189e+00   4.7313263e+00   1.0899079e+01   7.9737966e+00   4.7151089e+00   1.0905836e+01   7.9553326e+00   4.7036061e+00   1.0910602e+01   7.9411768e+00   4.6947355e+00   1.0914118e+01   7.9297872e+00   4.6875484e+00   1.0916664e+01   7.9201864e+00   4.6814509e+00   1.0918959e+01   7.9117031e+00   4.6760409e+00   1.0921930e+01   7.9038376e+00   4.6711838e+00   1.0924132e+01   7.8962285e+00   4.6667068e+00   1.0925336e+01   7.4434210e+00
   1.0944807e+01   7.8330877e+00   4.6237552e+00   1.0944905e+01   7.8334115e+00   4.6238408e+00   1.0944444e+01   7.8330594e+00   4.6238168e+00   1.0945074e+01   7.8333907e+00   4.6237922e+00   1.0943941e+01   7.8332208e+00   4.6238550e+00   1.0945099e+01   7.8333210e+00   4.6237202e+00   1.0944276e+01   7.8333331e+00   4.6238698e+00   1.0944979e+01   7.8332025e+00   4.6236967e+00   1.0944695e+01   7.8333963e+00   4.6238613e+00   1.0944718e+01   7.8330352e+00   4.6237751e+00   1.0944968e+01   7.8334106e+00
   4.5959274e+00   1.0957008e+01   7.7935984e+00   4.5958737e+00   1.0957524e+01   7.7936903e+00   4.5957769e+00   1.0957899e+01   7.7938519e+00   4.5959177e+00   1.0957282e+01   7.7936817e+00   4.5958995e+00   1.0957308e+01   7.7936091e+00   4.5957238e+00   1.0957900e+01   7.7938445e+00   4.5959001e+00   1.0957507e+01   7.7937484e+00   4.5959174e+00   1.0957043e+01   7.7935115e+00   4.5957755e+00   1.0957853e+01   7.7938207e+00   4.5958745e+00   1.0957681e+01   7.7937987e+00   4.5959273e+00   1.0956730e+01
   4.5756388e+00   1.0967192e+01   7.7663309e+00   4.5755940e+00   1.0966288e+01   7.7661464e+00   4.5754505e+00   1.0967070e+01   7.7664199e+00   4.5755759e+00   1.0967463e+01   7.7664885e+00   4.5756381e+00   1.0967239e+01   7.7663517e+00   4.5756016e+00   1.0966388e+01   7.7661141e+00   4.5754663e+00   1.0967009e+01   7.7664048e+00   4.5755662e+00   1.0967453e+01   7.7664906e+00   4.5756367e+00   1.0967282e+01   7.7663711e+00   4.5756085e+00   1.0966484e+01   7.7660804e+00   4.5754815e+00   1.0966944e+01
   4.5584203e+00   1.0975139e+01   7.7441876e+00   4.5585198e+00   1.0975600e+01   7.7442263e+00   4.5585489e+00   1.0975621e+01   7.7441188e+00   4.5585076e+00   1.0975195e+01   7.7438647e+00   4.5583956e+00   1.0974430e+01   7.7440453e+00   4.5584426e+00   1.0975250e+01   7.7442048e+00   4.5585299e+00   1.0975636e+01   7.7442182e+00   4.5585468e+00   1.0975579e+01   7.7440852e+00   4.5584932e+00   1.0975075e+01   7.7438056e+00   4.5583690e+00   1.0974603e+01   7.7440835e+00   4.5584628e+00   1.0975349e+01
   4.5433479e+00   1.0983026e+01   7.7249299e+00   4.5433243e+00   1.0982986e+01   7.7247669e+00   4.5432440e+00   1.0982584e+01   7.7246129e+00   4.5431769e+00   1.0981816e+01   7.7248460e+00   4.5432879e+00   1.0982499e+01   7.7249619e+00   4.5433422e+00   1.0982949e+01   7.7249604e+00   4.5433397e+00   1.0983043e+01   7.7248412e+00   4.5432804e+00   1.0982776e+01   7.7246040e+00   4.5431643e+00   1.0982144e+01   7.7247732e+00   4.5432533e+00   1.0982243e+01   7.7249326e+00   4.5433287e+00   1.0982824e+01
   4.5294213e+00   1.0989478e+01   7.7077642e+00   4.5294288e+00   1.0989828e+01   7.7076970e+00   4.5293852e+00   1.0989856e+01   7.7075241e+00   4.5292906e+00   1.0989557e+01   7.7074298e+00   4.5292963e+00   1.0988929e+01   7.7076429e+00   4.5293884e+00   1.0989072e+01   7.7077507e+00   4.5294296e+00   1.0989633e+01   7.7077532e+00   4.5294197e+00   1.0989874e+01   7.7076501e+00   4.5293587e+00   1.0989791e+01   7.7074412e+00   4.5292467e+00   1.0989381e+01   7.7075141e+00   4.5293333e+00   1.0988640e+01
   4.5163864e+00   1.0995306e+01   7.6919934e+00   4.5164494e+00   1.0995518e+01   7.6920596e+00   4.5164619e+00   1.0996065e+01   7.6920217e+00   4.5164240e+00   1.0996294e+01   7.6918796e+00   4.5163357e+00   1.0996202e+01   7.6916459e+00   4.5163138e+00   1.0995785e+01   7.6918874e+00   4.5164115e+00   1.0995039e+01   7.6920252e+00   4.5164587e+00   1.0995722e+01   7.6920590e+00   4.5164555e+00   1.0996170e+01   7.6919887e+00   4.5164019e+00   1.0996300e+01   7.6918141e+00   4.5162978e+00   1.0996107e+01
   4.5041184e+00   1.1001950e+01   7.6773872e+00   4.5042019e+00   1.1001215e+01   7.6775068e+00   4.5042316e+00   1.1001778e+01   7.6775157e+00   4.5042075e+00   1.1002257e+01   7.6774136e+00   4.5041296e+00   1.1002395e+01   7.6772005e+00   4.5040560e+00   1.1002187e+01   7.6772851e+00   4.5041665e+00   1.1001630e+01   7.6774604e+00   4.5042233e+00   1.1001409e+01   7.6775251e+00   4.5042263e+00   1.1002058e+01   7.6774789e+00   4.5041756e+00   1.1002368e+01   7.6773218e+00   4.5040710e+00   1.1002335e+01
   4.4925683e+00   1.1007296e+01   7.6639141e+00   4.4925935e+00   1.1007455e+01   7.6639199e+00   4.4925580e+00   1.1008035e+01   7.6638007e+00   4.4924618e+00   1.1008230e+01   7.6635563e+00   4.4924608e+00   1.1008034e+01   7.6637472e+00   4.4925574e+00   1.1007443e+01   7.6639000e+00   4.4925934e+00   1.1007312e+01   7.6639280e+00   4.4925688e+00   1.1007960e+01   7.6638311e+00   4.4924834e+00   1.1008223e+01   7.6636089e+00   4.4924372e+00   1.1008098e+01   7.6637070e+00   4.4925446e+00   1.1007577e+01
   4.4813446e+00   1.1013789e+01   7.6508260e+00   4.4812950e+00   1.1013786e+01   7.6508906e+00   4.4814069e+00   1.1013321e+01   7.6510766e+00   4.4814478e+00   1.1012669e+01   7.6511167e+00   4.4814176e+00   1.1013474e+01   7.6510105e+00   4.4813162e+00   1.1013828e+01   7.6507578e+00   4.4813257e+00   1.1013724e+01   7.6509440e+00   4.4814220e+00   1.1013156e+01   7.6510980e+00   4.4814473e+00   1.1012885e+01   7.6511059e+00   4.4814014e+00   1.1013591e+01   7.6509675e+00   4.4812843e+00   1.1013844e+01
   4.4706678e+00   1.1018925e+01   7.6388069e+00   4.4705316e+00   1.1019270e+01   7.6386166e+00   4.4706508e+00   1.1019063e+01   7.6388798e+00   4.4707161e+00   1.1018297e+01   7.6389682e+00   4.4706961e+00   1.1018666e+01   7.6388815e+00   4.4705907e+00   1.1019208e+01   7.6386192e+00   4.4706062e+00   1.1019202e+01   7.6388048e+00   4.4707023e+00   1.1018639e+01   7.6389564e+00   4.4707132e+00   1.1018337e+01   7.6389331e+00   4.4706387e+00   1.1019075e+01   7.6387343e+00   4.4705505e+00   1.1019268e+01
   4.4601850e+00   1.1024487e+01   7.6269865e+00   4.4602772e+00   1.1024425e+01   7.6272910e+00   4.4603474e+00   1.1023682e+01   7.6273835e+00   4.4603139e+00   1.1023922e+01   7.6272636e+00   4.4601768e+00   1.1024499e+01   7.6270044e+00   4.4602825e+00   1.1024406e+01   7.6272995e+00   4.4603481e+00   1.1023634e+01   7.6273827e+00   4.4603101e+00   1.1023962e+01   7.6272534e+00   4.4601684e+00   1.1024509e+01   7.6270218e+00   4.4602876e+00   1.1024387e+01   7.6273077e+00   4.4603486e+00   1.1023584e+01
   4.4502047e+00   1.1029636e+01   7.6161809e+00   4.4502902e+00   1.1028977e+01   7.6162947e+00   4.4502493e+00   1.1028995e+01   7.6161495e+00   4.4500973e+00   1.1029637e+01   7.6159967e+00   4.4502560e+00   1.1029461e+01   7.6162602e+00   4.4502884e+00   1.1028450e+01   7.6162653e+00   4.4501944e+00   1.1029363e+01   7.6160110e+00   4.4501793e+00   1.1029664e+01   7.6161389e+00   4.4502850e+00   1.1029139e+01   7.6162939e+00   4.4502643e+00   1.1028817e+01   7.6161900e+00   4.4501172e+00   1.1029589e+01
   4.4405087e+00   1.1034144e+01   7.6056433e+00   4.4404634e+00   1.1033933e+01   7.6054738e+00   4.4403508e+00   1.1034650e+01   7.6054154e+00   4.4404966e+00   1.1034365e+01   7.6056370e+00   4.4404883e+00   1.1033614e+01   7.6055434e+00   4.4403259e+00   1.1034568e+01   7.6053153e+00   4.4404756e+00   1.1034526e+01   7.6056125e+00   4.4405044e+00   1.1033465e+01   7.6055947e+00   4.4403790e+00   1.1034429e+01   7.6052610e+00   4.4404457e+00   1.1034628e+01   7.6055698e+00   4.4405115e+00   1.1033814e+01
   7.5951865e+00   4.4309718e+00   1.1039199e+01   7.5953814e+00   4.4309279e+00   1.1038736e+01   7.5951934e+00   4.4308428e+00   1.1039548e+01   7.5952095e+00   4.4309745e+00   1.1039138e+01   7.5953809e+00   4.4309190e+00   1.1038821e+01   7.5951693e+00   4.4308563e+00   1.1039558e+01   7.5952311e+00   4.4309765e+00   1.1039072e+01   7.5953789e+00   4.4309095e+00   1.1038901e+01   7.5951437e+00   4.4308691e+00   1.1039564e+01   7.5952513e+00   4.4309778e+00   1.1039001e+01   7.5953755e+00   4.4308993e+00
   7.5854671e+00   4.4215899e+00   1.1043667e+01   7.5851913e+00   4.4215852e+00   1.1044354e+01   7.5853925e+00   4.4216640e+00   1.1043554e+01   7.5854277e+00   4.4215166e+00   1.1044054e+01   7.5851097e+00   4.4216359e+00   1.1044257e+01   7.5854550e+00   4.4216406e+00   1.1043094e+01   7.5853385e+00   4.4215057e+00   1.1044284e+01   7.5852737e+00   4.4216624e+00   1.1044000e+01   7.5854677e+00   4.4215929e+00   1.1043644e+01   7.5851996e+00   4.4215820e+00   1.1044355e+01   7.5853881e+00   4.4216646e+00
   7.5757971e+00   4.4123590e+00   1.1048879e+01   7.5756432e+00   4.4125500e+00   1.1048775e+01   7.5758716e+00   4.4124696e+00   1.1048365e+01   7.5755456e+00   4.4124997e+00   1.1049041e+01   7.5758396e+00   4.4125383e+00   1.1047923e+01   7.5757568e+00   4.4123974e+00   1.1048962e+01   7.5757015e+00   4.4125548e+00   1.1048637e+01   7.5758613e+00   4.4124407e+00   1.1048544e+01   7.5754667e+00   4.4125192e+00   1.1049001e+01   7.5758594e+00   4.4125242e+00   1.1047790e+01   7.5757080e+00   4.4124316e+00
   4.4036005e+00   1.1053599e+01   7.5665633e+00   4.4035716e+00   1.1052653e+01   7.5662987e+00   4.4035608e+00   1.1053667e+01   7.5665302e+00   4.4036072e+00   1.1052544e+01   7.5664193e+00   4.4035037e+00   1.1053620e+01   7.5664614e+00   4.4036253e+00   1.1052999e+01   7.5665040e+00   4.4034291e+00   1.1053458e+01   7.5663571e+00   4.4036259e+00   1.1053336e+01   7.5665530e+00   4.4034991e+00   1.1053181e+01   7.5662171e+00   4.4036090e+00   1.1053556e+01   7.5665663e+00   4.4035575e+00   1.1052792e+01
   7.5575167e+00   4.3948125e+00   1.1057123e+01   7.5572297e+00   4.3948167e+00   1.1058198e+01   7.5575103e+00   4.3948226e+00   1.1057000e+01   7.5572638e+00   4.3948059e+00   1.1058204e+01   7.5575018e+00   4.3948318e+00   1.1056874e+01   7.5572958e+00   4.3947942e+00   1.1058204e+01   7.5574912e+00   4.3948398e+00   1.1057007e+01   7.5573257e+00   4.3947814e+00   1.1058196e+01   7.5574785e+00   4.3948469e+00   1.1057132e+01   7.5573535e+00   4.3947675e+00   1.1058181e+01   7.5574637e+00   4.3948529e+00
   4.3862608e+00   1.1062357e+01   7.5486868e+00   4.3860664e+00   1.1062390e+01   7.5485537e+00   4.3862615e+00   1.1062192e+01   7.5486536e+00   4.3860983e+00   1.1062512e+01   7.5486083e+00   4.3862570e+00   1.1061991e+01   7.5486099e+00   4.3861368e+00   1.1062599e+01   7.5486523e+00   4.3862473e+00   1.1061755e+01   7.5485555e+00   4.3861703e+00   1.1062652e+01   7.5486858e+00   4.3862324e+00   1.1061484e+01   7.5484906e+00   4.3861985e+00   1.1062671e+01   7.5487087e+00   4.3862123e+00   1.1061482e+01
   4.3776300e+00   1.1066886e+01   7.5400485e+00   4.3777888e+00   1.1066272e+01   7.5399759e+00   4.3777183e+00   1.1067060e+01   7.5401300e+00   4.3777469e+00   1.1065884e+01   7.5397923e+00   4.3777743e+00   1.1067020e+01   7.5401459e+00   4.3776727e+00   1.1066486e+01   7.5398962e+00   4.3777981e+00   1.1066763e+01   7.5400959e+00   4.3776270e+00   1.1066878e+01   7.5400452e+00   4.3777895e+00   1.1066288e+01   7.5399802e+00   4.3777162e+00   1.1067058e+01   7.5401286e+00   4.3777485e+00   1.1065864e+01
   4.3694199e+00   1.1071406e+01   7.5317810e+00   4.3693596e+00   1.1070712e+01   7.5315297e+00   4.3694685e+00   1.1071066e+01   7.5317002e+00   4.3693386e+00   1.1071315e+01   7.5317377e+00   4.3694325e+00   1.1070151e+01   7.5314471e+00   4.3694447e+00   1.1071359e+01   7.5317739e+00   4.3693117e+00   1.1070965e+01   7.5316149e+00   4.3694662e+00   1.1070836e+01   7.5316380e+00   4.3693817e+00   1.1071390e+01   7.5317680e+00   4.3694031e+00   1.1070360e+01   7.5314128e+00   4.3694608e+00   1.1071254e+01
   1.1075684e+01   7.5236065e+00   4.3611175e+00   1.1075189e+01   7.5234544e+00   4.3612565e+00   1.1075016e+01   7.5234050e+00   4.3612093e+00   1.1075689e+01   7.5236080e+00   4.3611313e+00   1.1075119e+01   7.5234329e+00   4.3612590e+00   1.1075093e+01   7.5234281e+00   4.3612005e+00   1.1075690e+01   7.5236082e+00   4.3611444e+00   1.1075045e+01   7.5234101e+00   4.3612607e+00   1.1075165e+01   7.5234499e+00   4.3611909e+00   1.1075686e+01   7.5236069e+00   4.3611568e+00   1.1074966e+01   7.5233859e+00
   1.1079122e+01   7.5154081e+00   4.3531693e+00   1.1079364e+01   7.5154189e+00   4.3531228e+00   1.1079914e+01   7.5156120e+00   4.3530007e+00   1.1079533e+01   7.5155231e+00   4.3531489e+00   1.1078877e+01   7.5152617e+00   4.3531582e+00   1.1079806e+01   7.5155683e+00   4.3530286e+00   1.1079797e+01   7.5155927e+00   4.3531061e+00   1.1078868e+01   7.5153355e+00   4.3531711e+00   1.1079546e+01   7.5154791e+00   4.3530973e+00   1.1079912e+01   7.5156168e+00   4.3530408e+00   1.1079351e+01   7.5154727e+00
   7.5077587e+00   4.3451295e+00   1.1082999e+01   7.5075394e+00   4.3451882e+00   1.1083606e+01   7.5075876e+00   4.3451491e+00   1.1084078e+01   7.5077755e+00   4.3450125e+00   1.1083894e+01   7.5077651e+00   4.3451234e+00   1.1083064e+01   7.5075568e+00   4.3451875e+00   1.1083560e+01   7.5075713e+00   4.3451539e+00   1.1084070e+01   7.5077703e+00   4.3450227e+00   1.1083922e+01   7.5077709e+00   4.3451170e+00   1.1083127e+01   7.5075736e+00   4.3451865e+00   1.1083512e+01   7.5075544e+00   4.3451583e+00
   4.3372399e+00   1.1087250e+01   7.4999426e+00   4.3373011e+00   1.1087459e+01   7.4997902e+00   4.3372992e+00   1.1088054e+01   7.5000227e+00   4.3372343e+00   1.1088221e+01   7.5001272e+00   4.3371082e+00   1.1087964e+01   7.5001039e+00   4.3372355e+00   1.1087291e+01   7.4999529e+00   4.3372996e+00   1.1087420e+01   7.4997761e+00   4.3373007e+00   1.1088036e+01   7.5000146e+00   4.3372388e+00   1.1088222e+01   7.5001252e+00   4.3371139e+00   1.1087986e+01   7.5001078e+00   4.3372309e+00   1.1087332e+01
   1.1091023e+01   7.4923574e+00   4.3295218e+00   1.1091692e+01   7.4922968e+00   4.3295151e+00   1.1092116e+01   7.4924773e+00   4.3294729e+00   1.1092299e+01   7.4925859e+00   4.3293953e+00   1.1092242e+01   7.4926224e+00   4.3293599e+00   1.1091948e+01   7.4925871e+00   4.3294500e+00   1.1091419e+01   7.4924798e+00   4.3295045e+00   1.1091232e+01   7.4923009e+00   4.3295235e+00   1.1091833e+01   7.4923537e+00   4.3295070e+00   1.1092191e+01   7.4925145e+00   4.3294551e+00   1.1092307e+01   7.4926031e+00
   4.3216749e+00   1.1096245e+01   7.4852540e+00   4.3216585e+00   1.1096045e+01   7.4852362e+00   4.3217229e+00   1.1095744e+01   7.4851902e+00   4.3217737e+00   1.1095339e+01   7.4851093e+00   4.3218067e+00   1.1095154e+01   7.4850010e+00   4.3218267e+00   1.1095605e+01   7.4848569e+00   4.3218284e+00   1.1095950e+01   7.4849840e+00   4.3218176e+00   1.1096187e+01   7.4850959e+00   4.3217880e+00   1.1096319e+01   7.4851824e+00   4.3217465e+00   1.1096345e+01   7.4852307e+00   4.3216854e+00   1.1096268e+01
   7.4778813e+00   4.3141359e+00   1.1099354e+01   7.4779596e+00   4.3142242e+00   1.1099097e+01   7.4777910e+00   4.3141626e+00   1.1099148e+01   7.4778705e+00   4.3142533e+00   1.1099345e+01   7.4776709e+00   4.3141745e+00   1.1099590e+01   7.4777537e+00   4.3142688e+00   1.1099733e+01   7.4775392e+00   4.3141714e+00   1.1099934e+01   7.4777844e+00   4.3142709e+00   1.1100023e+01   7.4776647e+00   4.3141532e+00   1.1100180e+01   7.4779187e+00   4.3142595e+00   1.1100214e+01   7.4777598e+00   4.3141199e+00
   7.4709289e+00   4.3066066e+00   1.1104286e+01   7.4708374e+00   4.3065562e+00   1.1104311e+01   7.4709273e+00   4.3066141e+00   1.1104290e+01   7.4708303e+00   4.3065604e+00   1.1104316e+01   7.4709255e+00   4.3066215e+00   1.1104294e+01   7.4708227e+00   4.3065644e+00   1.1104321e+01   7.4709235e+00   4.3066288e+00   1.1104296e+01   7.4708146e+00   4.3065681e+00   1.1104324e+01   7.4709214e+00   4.3066361e+00   1.1104298e+01   7.4708061e+00   4.3065716e+00   1.1104327e+01   7.4709192e+00   4.3066434e+00
   7.5065315e+00   4.3250514e+00   1.1096573e+01   7.4244910e+00   4.2753109e+00   1.1117305e+01   7.5065578e+00   4.3251989e+00   1.1096988e+01   7.4243145e+00   4.2752966e+00   1.1117185e+01   7.5068369e+00   4.3253248e+00   1.1097227e+01   7.4240789e+00   4.2752525e+00   1.1117765e+01   7.5071860e+00   4.3254293e+00   1.1097287e+01   7.4237839e+00   4.2751783e+00   1.1118175e+01   7.5074904e+00   4.3255125e+00   1.1097168e+01   7.4234288e+00   4.2750737e+00   1.1118411e+01   7.5077501e+00   4.3255746e+00
   7.3715509e+00   4.2404603e+00   1.1133711e+01   7.5604771e+00   4.3542727e+00   1.1086143e+01   7.3713451e+00   4.2405310e+00   1.1132656e+01   7.5601980e+00   4.3542484e+00   1.1086091e+01   7.3716446e+00   4.2404819e+00   1.1133531e+01   7.5599475e+00   4.3542432e+00   1.1085163e+01   7.3718566e+00   4.2405532e+00   1.1133823e+01   7.5600286e+00   4.3540900e+00   1.1085951e+01   7.3718310e+00   4.2407179e+00   1.1133218e+01   7.5598105e+00   4.3538548e+00   1.1086367e+01   7.3718467e+00   4.2407684e+00
   4.2167209e+00   1.1144512e+01   7.5965705e+00   4.3732816e+00   1.1079160e+01   7.3370573e+00   4.2167736e+00   1.1144446e+01   7.5969644e+00   4.3732544e+00   1.1079179e+01   7.3373945e+00   4.2166628e+00   1.1144209e+01   7.5967246e+00   4.3732404e+00   1.1078845e+01   7.3371959e+00   4.2167896e+00   1.1144660e+01   7.5969233e+00   4.3732903e+00   1.1079368e+01   7.3373496e+00   4.2166014e+00   1.1143787e+01   7.5968415e+00   4.3731809e+00   1.1078414e+01   7.3372995e+00   4.2167880e+00   1.1144752e+01
   1.1074228e+01   7.3108164e+00   4.1978615e+00   1.1153530e+01   7.6250457e+00   4.3872483e+00   1.1074335e+01   7.3111601e+00   4.1978588e+00   1.1152999e+01   7.6251128e+00   4.3870899e+00   1.1074721e+01   7.3110240e+00   4.1977592e+00   1.1153093e+01   7.6252132e+00   4.3872273e+00   1.1073477e+01   7.3110284e+00   4.1978899e+00   1.1153501e+01   7.6248333e+00   4.3872090e+00   1.1074710e+01   7.3111588e+00   4.1977806e+00   1.1152230e+01   7.6252212e+00   4.3871284e+00   1.1074367e+01   7.3108100e+00
   1.1071180e+01   7.2889851e+00   4.1813247e+00   1.1160761e+01   7.6493438e+00   4.3987129e+00   1.1070806e+01   7.2887902e+00   4.1813556e+00   1.1161263e+01   7.6491049e+00   4.3986934e+00   1.1069875e+01   7.2887946e+00   4.1814435e+00   1.1161175e+01   7.6491992e+00   4.3985864e+00   1.1070790e+01   7.2889871e+00   4.1814487e+00   1.1160507e+01   7.6493820e+00   4.3986007e+00   1.1071179e+01   7.2890143e+00   4.1813710e+00   1.1160446e+01   7.6493849e+00   4.3986992e+00   1.1070999e+01   7.2888766e+00
   7.6705484e+00   4.4085233e+00   1.1067944e+01   7.2693963e+00   4.1664610e+00   1.1168318e+01   7.6705083e+00   4.4084934e+00   1.1067729e+01   7.2693236e+00   4.1665078e+00   1.1168339e+01   7.6706130e+00   4.4084556e+00   1.1067465e+01   7.2692363e+00   4.1665471e+00   1.1168307e+01   7.6707013e+00   4.4084099e+00   1.1067152e+01   7.2691696e+00   4.1665790e+00   1.1168223e+01   7.6707734e+00   4.4083601e+00   1.1067131e+01   7.2692670e+00   4.1666035e+00   1.1168086e+01   7.6708291e+00   4.4084132e+00
   7.6904225e+00   4.4172503e+00   1.1065483e+01   7.2518273e+00   4.1529570e+00   1.1173954e+01   7.6904582e+00   4.4172368e+00   1.1065154e+01   7.2517270e+00   4.1529355e+00   1.1174320e+01   7.6904649e+00   4.4172092e+00   1.1064732e+01   7.2516005e+00   4.1529009e+00   1.1174595e+01   7.6904426e+00   4.4171676e+00   1.1064906e+01   7.2517012e+00   4.1528532e+00   1.1174777e+01   7.6903912e+00   4.4171118e+00   1.1065286e+01   7.2518071e+00   4.1527923e+00   1.1174865e+01   7.6903108e+00   4.4170448e+00
   7.2357093e+00   4.1401668e+00   1.1179845e+01   7.7084989e+00   4.4250474e+00   1.1062638e+01   7.2355813e+00   4.1400627e+00   1.1180778e+01   7.7085535e+00   4.4249988e+00   1.1063589e+01   7.2358174e+00   4.1400831e+00   1.1181011e+01   7.7083878e+00   4.4248434e+00   1.1063939e+01   7.2358568e+00   4.1401733e+00   1.1180528e+01   7.7082397e+00   4.4249936e+00   1.1063607e+01   7.2356991e+00   4.1401645e+00   1.1179896e+01   7.7085054e+00   4.4250475e+00   1.1062625e+01   7.2355946e+00   4.1400564e+00
   7.7252193e+00   4.4319587e+00   1.1061818e+01   7.2206433e+00   4.1280461e+00   1.1185938e+01   7.7254127e+00   4.4321317e+00   1.1061804e+01   7.2208822e+00   4.1280218e+00   1.1186856e+01   7.7254014e+00   4.4320182e+00   1.1062198e+01   7.2208249e+00   4.1280946e+00   1.1185865e+01   7.7252405e+00   4.4320937e+00   1.1061101e+01   7.2207491e+00   4.1279119e+00   1.1186699e+01   7.7254783e+00   4.4321009e+00   1.1062253e+01   7.2209131e+00   4.1280962e+00   1.1186519e+01   7.7251241e+00   4.4320050e+00
   1.1192243e+01   7.7412440e+00   4.4384510e+00   1.1059791e+01   7.2067263e+00   4.1164089e+00   1.1192108e+01   7.7414217e+00   4.4386339e+00   1.1060861e+01   7.2068677e+00   4.1165945e+00   1.1191815e+01   7.7410362e+00   4.4385102e+00   1.1059987e+01   7.2068585e+00   4.1164979e+00   1.1192384e+01   7.7414322e+00   4.4386057e+00   1.1060715e+01   7.2067417e+00   4.1165626e+00   1.1191141e+01   7.7411934e+00   4.4385872e+00   1.1060503e+01   7.2069247e+00   4.1165629e+00   1.1192420e+01   7.7413679e+00
   1.1059532e+01   7.1934992e+00   4.1055188e+00   1.1196426e+01   7.7562763e+00   4.4445693e+00   1.1059622e+01   7.1937175e+00   4.1055792e+00   1.1197512e+01   7.7564072e+00   4.4444893e+00   1.1058960e+01   7.1937175e+00   4.1055294e+00   1.1197786e+01   7.7565774e+00   4.4446235e+00   1.1058962e+01   7.1934997e+00   4.1054013e+00   1.1197265e+01   7.7564985e+00   4.4446376e+00   1.1059626e+01   7.1935742e+00   4.1055442e+00   1.1196774e+01   7.7561713e+00   4.4445316e+00   1.1059527e+01   7.1937380e+00
   1.1202675e+01   7.7709650e+00   4.4502287e+00   1.1058143e+01   7.1809938e+00   4.0947856e+00   1.1202337e+01   7.7708723e+00   4.4502016e+00   1.1058446e+01   7.1808717e+00   4.0948585e+00   1.1201874e+01   7.7707396e+00   4.4501552e+00   1.1058625e+01   7.1810150e+00   4.0949138e+00   1.1201825e+01   7.7706154e+00   4.4500894e+00   1.1058682e+01   7.1811233e+00   4.0949514e+00   1.1202307e+01   7.7707781e+00   4.4500444e+00   1.1058618e+01   7.1811966e+00   4.0949714e+00   1.1202658e+01   7.7709006e+00
   1.1057854e+01   7.1691644e+00   4.0846841e+00   1.1207182e+01   7.7846461e+00   4.4552961e+00   1.1057835e+01   7.1691068e+00   4.0846620e+00   1.1206939e+01   7.7845738e+00   4.4552541e+00   1.1057787e+01   7.1690405e+00   4.0846356e+00   1.1206663e+01   7.7844916e+00   4.4552858e+00   1.1057708e+01   7.1689658e+00   4.0846049e+00   1.1206777e+01   7.7844685e+00   4.4553241e+00   1.1057600e+01   7.1690113e+00   4.0845699e+00   1.1207034e+01   7.7845531e+00   4.4553578e+00   1.1057462e+01   7.1690808e+00
   4.4603491e+00   1.1056679e+01   7.1579387e+00   4.0748016e+00   1.1212809e+01   7.7981894e+00   4.4603570e+00   1.1057127e+01   7.1578304e+00   4.0747698e+00   1.1212334e+01   7.7980869e+00   4.4602846e+00   1.1057099e+01   7.1575869e+00   4.0746699e+00   1.1211544e+01   7.7978312e+00   4.4601623e+00   1.1056586e+01   7.1578020e+00   4.0746927e+00   1.1212440e+01   7.7979852e+00   4.4602971e+00   1.1056074e+01   7.1579318e+00   4.0747817e+00   1.1212835e+01   7.7981644e+00   4.4603613e+00   1.1056856e+01
   7.8128822e+00   4.4661257e+00   1.1056184e+01   7.1460105e+00   4.0646043e+00   1.1216940e+01   7.8089403e+00   4.4636873e+00   1.1056512e+01   7.1477315e+00   4.0655580e+00   1.1217058e+01   7.8127787e+00   4.4661099e+00   1.1055719e+01   7.1461563e+00   4.0646526e+00   1.1217717e+01   7.8089658e+00   4.4637057e+00   1.1057080e+01   7.1475602e+00   4.0655400e+00   1.1215981e+01   7.8128704e+00   4.4661149e+00   1.1055034e+01   7.1460987e+00   4.0645978e+00   1.1217739e+01   7.8087500e+00   4.4636075e+00
   1.1072916e+01   7.1682382e+00   4.0745122e+00   1.1213399e+01   7.8769798e+00   4.5023194e+00   1.1043109e+01   7.1145726e+00   4.0428098e+00   1.1227829e+01   7.7491690e+00   4.4237430e+00   1.1073009e+01   7.1682369e+00   4.0745150e+00   1.1213275e+01   7.8769777e+00   4.5023212e+00   1.1043216e+01   7.1145572e+00   4.0428028e+00   1.1227843e+01   7.7491623e+00   4.4237325e+00   1.1073094e+01   7.1682331e+00   4.0745165e+00   1.1213141e+01   7.8769724e+00   4.5023216e+00   1.1043315e+01   7.1145393e+00
   4.0762699e+00   1.1213587e+01   7.9081797e+00   4.5182779e+00   1.1038675e+01   7.0971676e+00   4.0293633e+00   1.1234209e+01   7.7168932e+00   4.4006869e+00   1.1082935e+01   7.1767904e+00   4.0763842e+00   1.1212826e+01   7.9082531e+00   4.5183685e+00   1.1039122e+01   7.0970754e+00   4.0293222e+00   1.1233653e+01   7.7166196e+00   4.4007900e+00   1.1083357e+01   7.1766472e+00   4.0763515e+00   1.1213828e+01   7.9079802e+00   4.5182945e+00   1.1038567e+01   7.0972948e+00   4.0294311e+00   1.1233390e+01
   7.9313225e+00   4.5294079e+00   1.1035429e+01   7.0835973e+00   4.0181759e+00   1.1239184e+01   7.6929798e+00   4.3828862e+00   1.1090424e+01   7.1815713e+00   4.0759961e+00   1.1213833e+01   7.9313708e+00   4.5293292e+00   1.1036335e+01   7.0834151e+00   4.0180982e+00   1.1239093e+01   7.6926979e+00   4.3829131e+00   1.1091352e+01   7.1816587e+00   4.0761197e+00   1.1214659e+01   7.9311138e+00   4.5293517e+00   1.1035432e+01   7.0835209e+00   4.0181307e+00   1.1239566e+01   7.6929196e+00   4.3827877e+00
   7.1576392e+00   4.0586746e+00   1.1221914e+01   7.9236532e+00   4.5212706e+00   1.1040615e+01   7.0817129e+00   4.0139156e+00   1.1240875e+01   7.6381331e+00   4.3462825e+00   1.1106507e+01   7.2007070e+00   4.0841912e+00   1.1211751e+01   7.9643776e+00   4.5467540e+00   1.1031242e+01   7.0662501e+00   4.0048193e+00   1.1245550e+01   7.7346965e+00   4.4051991e+00   1.1083737e+01   7.1574473e+00   4.0585608e+00   1.1222601e+01   7.9234606e+00   4.5211646e+00   1.1040372e+01   7.0815606e+00   4.0138045e+00
   7.1266133e+00   4.0371799e+00   1.1232201e+01   7.9074165e+00   4.5079501e+00   1.1046780e+01   7.0830169e+00   4.0115258e+00   1.1242440e+01   7.6009725e+00   4.3204021e+00   1.1117459e+01   7.2119283e+00   4.0876217e+00   1.1210802e+01   7.9875265e+00   4.5578531e+00   1.1028344e+01   7.0534105e+00   3.9940598e+00   1.1249771e+01   7.6879929e+00   4.3734286e+00   1.1096644e+01   7.1722694e+00   4.0641277e+00   1.1219807e+01   7.9545972e+00   4.5371177e+00   1.1035654e+01   7.0656514e+00   4.0012570e+00
   7.9973957e+00   4.5605582e+00   1.1028868e+01   7.0455498e+00   3.9862712e+00   1.1253727e+01   7.6553143e+00   4.3502452e+00   1.1106879e+01   7.1807999e+00   4.0660994e+00   1.1219522e+01   7.9767909e+00   4.5475708e+00   1.1032341e+01   7.0529358e+00   3.9905843e+00   1.1253106e+01   7.8159907e+00   4.4484211e+00   1.1069550e+01   7.1139211e+00   4.0265166e+00   1.1237472e+01   7.5330325e+00   4.2761457e+00   1.1134936e+01   7.2379686e+00   4.0999798e+00   1.1206670e+01   8.0198740e+00   4.5744785e+00
   7.9879071e+00   4.5512962e+00   1.1033661e+01   7.0445800e+00   3.9825468e+00   1.1255912e+01   7.6179341e+00   4.3242260e+00   1.1118122e+01   7.1918438e+00   4.0694178e+00   1.1219199e+01   7.9988280e+00   4.5579404e+00   1.1030784e+01   7.0403965e+00   3.9801423e+00   1.1258018e+01   7.6265552e+00   4.3296749e+00   1.1116146e+01   7.1880901e+00   4.0671477e+00   1.1220563e+01   7.4438755e+00   4.2196623e+00   1.1158883e+01   7.2768488e+00   4.1197529e+00   1.1199205e+01   8.0560778e+00   4.5937210e+00
   7.7632244e+00   4.4095904e+00   1.1087105e+01   7.1245585e+00   4.0264491e+00   1.1238600e+01   7.9569426e+00   4.5288562e+00   1.1042769e+01   7.0512785e+00   3.9832800e+00   1.1257284e+01   7.5781178e+00   4.2971990e+00   1.1128548e+01   7.2038149e+00   4.0732125e+00   1.1219141e+01   8.0199697e+00   4.5679704e+00   1.1028351e+01   7.0289432e+00   3.9701338e+00   1.1262848e+01   7.8344470e+00   4.4532462e+00   1.1069755e+01   7.0968630e+00   4.0101040e+00   1.1244989e+01   7.5181370e+00   4.2609613e+00
   6.9876051e+00   3.9426977e+00   1.1274781e+01   7.7228623e+00   4.3816553e+00   1.1098788e+01   7.1358517e+00   4.0299346e+00   1.1237686e+01   7.4640693e+00   4.2252954e+00   1.1157965e+01   7.2522157e+00   4.0988285e+00   1.1208603e+01   7.3745541e+00   4.1714340e+00   1.1179988e+01   8.1277478e+00   4.6319105e+00   1.1007022e+01   6.9880778e+00   3.9430825e+00   1.1275347e+01   7.7434857e+00   4.3941543e+00   1.1093400e+01   7.1276541e+00   4.0250763e+00   1.1239154e+01   7.4717948e+00   4.2297923e+00
   8.1433372e+00   4.6385628e+00   1.1006181e+01   6.9790288e+00   3.9346066e+00   1.1279505e+01   7.6721924e+00   4.3476788e+00   1.1112511e+01   7.1511776e+00   4.0357755e+00   1.1235653e+01   7.4386256e+00   4.2065245e+00   1.1166802e+01   8.1650065e+00   4.6522954e+00   1.1000956e+01   6.9718411e+00   3.9304222e+00   1.1281268e+01   7.7263039e+00   4.3804165e+00   1.1100059e+01   7.1293355e+00   4.0228942e+00   1.1240784e+01   7.9901349e+00   4.5426780e+00   1.1040812e+01   7.0308826e+00   3.9650009e+00
   6.9576734e+00   3.9188280e+00   1.1286109e+01   7.7571998e+00   4.3961304e+00   1.1095735e+01   7.1117802e+00   4.0093739e+00   1.1247498e+01   7.4594035e+00   4.2160978e+00   1.1163258e+01   8.1819955e+00   4.6593172e+00   1.0999494e+01   6.9625718e+00   3.9218678e+00   1.1285306e+01   7.7858461e+00   4.4136353e+00   1.1088025e+01   7.1010600e+00   4.0030460e+00   1.1250318e+01   7.4695194e+00   4.2218122e+00   1.1161973e+01   8.1858560e+00   4.6620274e+00   1.0999805e+01   6.9615108e+00   3.9210871e+00
   8.2219610e+00   4.6813378e+00   1.0994480e+01   6.9463868e+00   3.9090818e+00   1.1291197e+01   7.6790094e+00   4.3453659e+00   1.1115077e+01   7.1380447e+00   4.0216630e+00   1.1243253e+01   7.4258444e+00   4.1928156e+00   1.1173438e+01   7.2508601e+00   4.0884555e+00   1.1215482e+01   8.0915215e+00   4.5995063e+00   1.1022319e+01   6.9880696e+00   3.9335482e+00   1.1280842e+01   7.5822256e+00   4.2866165e+00   1.1138162e+01   7.1786060e+00   4.0456300e+00   1.1233419e+01   8.0493432e+00   4.5728598e+00
   7.3432301e+00   4.1400277e+00   1.1195637e+01   7.2868240e+00   4.1065282e+00   1.1209452e+01   8.1196682e+00   4.6137228e+00   1.1019479e+01   6.9752434e+00   3.9228857e+00   1.1285088e+01   7.5789887e+00   4.2812609e+00   1.1140342e+01   7.1742255e+00   4.0398228e+00   1.1235972e+01   8.0574406e+00   4.5748771e+00   1.1033534e+01   6.9956992e+00   3.9348138e+00   1.1280702e+01   7.5502040e+00   4.2641585e+00   1.1147365e+01   7.1868241e+00   4.0472670e+00   1.1233134e+01   8.0650410e+00   4.5794733e+00
   4.4128499e+00   1.1093379e+01   8.3203197e+00   4.7369989e+00   1.0977300e+01   6.9089747e+00   3.8810248e+00   1.1304224e+01   7.7197370e+00   4.3634687e+00   1.1110884e+01   8.2950904e+00   4.7212359e+00   1.0983387e+01   6.9166031e+00   3.8853738e+00   1.1302789e+01   7.7943065e+00   4.4089624e+00   1.1094801e+01   8.3184119e+00   4.7357740e+00   1.0977648e+01   6.9095570e+00   3.8813596e+00   1.1304142e+01   7.7558026e+00   4.3855033e+00   1.1102181e+01   8.3065350e+00   4.7284237e+00   1.0981217e+01
   7.7121422e+00   4.3557187e+00   1.1115608e+01   7.1094065e+00   3.9952616e+00   1.1255724e+01   7.4147376e+00   4.1762180e+00   1.1183749e+01   8.1933524e+00   4.6534870e+00   1.1008407e+01   6.9441311e+00   3.8983799e+00   1.1297510e+01   7.8861990e+00   4.4621413e+00   1.1076341e+01   8.3506429e+00   4.7529881e+00   1.0974124e+01   6.8965522e+00   3.8704627e+00   1.1309687e+01   7.6927949e+00   4.3439235e+00   1.1119637e+01   7.1171033e+00   3.9997894e+00   1.1253258e+01   7.4091641e+00   4.1728363e+00
   1.1271372e+01   7.4457661e+00   4.1915313e+00   1.1177943e+01   7.2154188e+00   4.0547173e+00   1.1232714e+01   8.1109072e+00   4.5982626e+00   1.1029557e+01   6.9666942e+00   3.9083479e+00   1.1293604e+01   7.5305748e+00   4.2426008e+00   1.1159173e+01   8.2447020e+00   4.6822741e+00   1.0999903e+01   6.9247136e+00   3.8839699e+00   1.1304195e+01   7.5857255e+00   4.2759886e+00   1.1146529e+01   7.1544516e+00   4.0186623e+00   1.1247111e+01   8.0775772e+00   4.5774099e+00   1.1036667e+01   8.4066832e+00
   4.2101744e+00   1.1171609e+01   7.1932145e+00   4.0383037e+00   1.1240271e+01   8.1087270e+00   4.5934075e+00   1.1032665e+01   6.9636133e+00   3.9033331e+00   1.1296356e+01   7.5173478e+00   4.2312390e+00   1.1164496e+01   7.1778455e+00   4.0292872e+00   1.1242537e+01   8.1004137e+00   4.5884924e+00   1.1033701e+01   6.9660619e+00   3.9049167e+00   1.1294920e+01   7.5142579e+00   4.2297177e+00   1.1164655e+01   7.1792272e+00   4.0300539e+00   1.1243647e+01   7.3482455e+00   4.1303358e+00   1.1203188e+01
   7.9765265e+00   4.5079319e+00   1.1063801e+01   8.3906305e+00   4.7685035e+00   1.0973713e+01   8.4892972e+00   4.8319336e+00   1.0952165e+01   6.8465888e+00   3.8320797e+00   1.1326751e+01   7.7674758e+00   4.3796709e+00   1.1109546e+01   8.3329558e+00   4.7318361e+00   1.0985934e+01   6.8915615e+00   3.8582935e+00   1.1316290e+01   7.8824152e+00   4.4500103e+00   1.1084097e+01   7.0339844e+00   3.9414014e+00   1.1280872e+01   7.4391497e+00   4.1813123e+00   1.1184532e+01   7.2063987e+00   4.0429128e+00
   7.3510210e+00   4.1256506e+00   1.1206750e+01   7.2407135e+00   4.0600911e+00   1.1232934e+01   8.1500943e+00   4.6126337e+00   1.1028012e+01   6.9432246e+00   3.8852418e+00   1.1304489e+01   7.5068765e+00   4.2187921e+00   1.1171399e+01   7.1710462e+00   4.0188759e+00   1.1249155e+01   8.1159389e+00   4.5913758e+00   1.1035550e+01   8.4303404e+00   4.7906652e+00   1.0966940e+01   8.5024394e+00   4.8370902e+00   1.0951679e+01   6.8399348e+00   3.8248440e+00   1.1331337e+01   7.8106095e+00   4.4026730e+00
   8.5604027e+00   4.8711972e+00   1.0942452e+01   6.8205405e+00   3.8107323e+00   1.1337736e+01   7.8011354e+00   4.3935564e+00   1.1107254e+01   7.0535420e+00   3.9465346e+00   1.1278584e+01   7.4025519e+00   4.1528765e+00   1.1197262e+01   7.2104562e+00   4.0390149e+00   1.1242356e+01   8.1444650e+00   9.8986037e+00   5.8221575e+00   1.0637244e+01   8.7806027e+00   5.0163877e+00   1.0893336e+01   6.7610101e+00   1.0345482e+01   8.9677144e+00   9.6028675e+00   5.5939987e+00   1.0708158e+01   8.7290100e+00
   4.6570983e+00   1.1016493e+01   6.9114492e+00   3.8604010e+00   1.1316467e+01   7.9650236e+00   4.4910510e+00   1.1074186e+01   6.9940914e+00   3.9085276e+00   1.1296359e+01   8.0317560e+00   4.5322981e+00   1.1059998e+01   6.9728464e+00   3.8961221e+00   1.1300413e+01   8.0161553e+00   4.5225988e+00   1.1062790e+01   6.9775676e+00   3.8990053e+00   1.1300290e+01   7.4486814e+00   4.1774926e+00   1.1188991e+01   7.1840484e+00   1.0215330e+01   9.0460374e+00   5.1918779e+00   1.0838915e+01   8.6325630e+00
   7.0559911e+00   3.9416885e+00   1.1282672e+01   7.3810442e+00   4.1336427e+00   1.1206880e+01   8.2310937e+00   4.6539413e+00   1.1019307e+01   6.9081724e+00   3.8551333e+00   1.1319472e+01   7.4971665e+00   4.2031223e+00   1.1179343e+01   8.2723961e+00   9.8611339e+00   5.7843066e+00   1.0652942e+01   8.7802868e+00   9.6794677e+00   9.3151792e+00   5.3765767e+00   1.0781752e+01   8.6848364e+00   4.9456208e+00   1.0920412e+01   6.7811085e+00   3.7814661e+00   1.1351463e+01   7.7609225e+00   4.3625624e+00
   7.5209666e+00   4.2144886e+00   1.1177423e+01   7.1429843e+00   3.9896719e+00   1.1264502e+01   7.3190119e+00   4.0937834e+00   1.1222366e+01   7.2295541e+00   1.0205446e+01   9.0597209e+00   5.1942267e+00   1.0841475e+01   8.6417225e+00   4.9143416e+00   1.0933240e+01   8.5624130e+00   4.8624261e+00   1.0950099e+01   6.8114352e+00   3.7957808e+00   1.1345568e+01   7.5949954e+00   4.2590300e+00   1.1160660e+01   8.3103451e+00   4.7005512e+00   1.1004562e+01   6.8818541e+00   3.8366826e+00   1.1327747e+01
   1.0933982e+01   6.7844093e+00   3.7770063e+00   1.1353226e+01   7.6147916e+00   4.2673578e+00   1.1158200e+01   8.3220376e+00   4.7047431e+00   1.1004556e+01   8.5001800e+00   4.8187328e+00   1.0966775e+01   6.8252746e+00   3.8008378e+00   1.1343763e+01   7.9289745e+00   4.4589991e+00   1.1090038e+01   8.4085387e+00   4.7598320e+00   1.0986364e+01   6.8506402e+00   3.8155664e+00   1.1337392e+01   7.9559991e+00   4.4757355e+00   1.1083542e+01   8.4154611e+00   4.7642065e+00   1.0984093e+01   6.8488877e+00
   6.4002747e+00   1.0468932e+01   6.2888233e+00   1.0503044e+01   6.3212884e+00   1.0493426e+01   6.3119142e+00   1.0496603e+01   8.8989976e+00   5.0781184e+00   1.0883153e+01   8.6193900e+00   4.8927700e+00   1.0943597e+01   6.7899733e+00   3.7772739e+00   1.1353518e+01   7.5805887e+00   4.2435084e+00   1.1168252e+01   8.3172156e+00   4.6984993e+00   1.1007539e+01   6.8732169e+00   3.8254406e+00   1.1333381e+01   7.4874508e+00   4.1876731e+00   1.1189221e+01   7.1459637e+00   3.9850619e+00   1.1267666e+01
   8.8114374e+00   5.0160359e+00   1.0905259e+01   6.7371949e+00   3.7433222e+00   1.1369054e+01   7.8448191e+00   4.4007411e+00   1.1112902e+01   8.3971088e+00   4.7457168e+00   1.0993847e+01   8.5246412e+00   4.8277208e+00   1.0966986e+01   8.5503976e+00   9.7753128e+00   5.7022616e+00   1.0687615e+01   6.4974059e+00   1.0441953e+01   6.2588064e+00   1.0515577e+01   8.8924288e+00   5.0700792e+00   1.0887707e+01   6.7164858e+00   3.7312905e+00   1.1374892e+01   7.7310114e+00   4.3313215e+00   1.1137922e+01
   4.8881541e+00   1.0947979e+01   6.7836424e+00   1.0356153e+01   6.1761358e+00   1.0543026e+01   8.8798020e+00   5.0580585e+00   1.0893107e+01   6.7171232e+00   3.7286674e+00   1.1376520e+01   7.6573083e+00   1.0080106e+01   5.9403165e+00   1.0615097e+01   8.8320532e+00   5.0260869e+00   1.0902583e+01   6.7290914e+00   3.7357342e+00   1.1373423e+01   7.6298346e+00   4.2670661e+00   1.1162485e+01   7.0822917e+00   1.0263139e+01   9.0460277e+00   5.1704735e+00   1.0856934e+01   8.6533347e+00   4.9081107e+00
   4.6914444e+00   1.1015443e+01   8.5172875e+00   4.8162216e+00   1.0973813e+01   8.5571183e+00   9.7796200e+00   9.2919221e+00   9.5020863e+00   5.4892364e+00   1.0758233e+01   6.5606420e+00   1.0426536e+01   8.9557442e+00   5.1059664e+00   1.0878818e+01   6.6951946e+00   3.7129234e+00   1.1383690e+01   7.6745924e+00   1.0077829e+01   9.1479971e+00   5.2377533e+00   1.0837372e+01   6.6471832e+00   1.0400485e+01   8.9720129e+00   5.1166463e+00   1.0876247e+01   6.6913796e+00   3.7105007e+00   1.1384775e+01
   3.7432912e+00   1.1370397e+01   7.5483751e+00   4.2112727e+00   1.1184603e+01   7.1024720e+00   1.0261520e+01   9.0553261e+00   9.5987714e+00   9.3770834e+00   9.4712027e+00   5.4629849e+00   1.0767953e+01   8.7340392e+00   4.9544465e+00   1.0929958e+01   6.7488415e+00   3.7409104e+00   1.1370731e+01   7.9401256e+00   9.9939129e+00   5.8614251e+00   1.0644695e+01   6.4385179e+00   1.0467375e+01   8.9366698e+00   5.0894321e+00   1.0886688e+01   6.6976154e+00   3.7111684e+00   1.1384349e+01   7.6303544e+00
   6.8135814e+00   3.7751197e+00   1.1356441e+01   7.4730576e+00   4.1631765e+00   1.1203231e+01   7.1255354e+00   3.9571775e+00   1.1282915e+01   7.2755093e+00   1.0210486e+01   9.0871809e+00   5.1886644e+00   1.0857088e+01   6.6576601e+00   3.6850096e+00   1.1395892e+01   7.6940150e+00   4.2961263e+00   1.1155933e+01   7.0463265e+00   3.9107326e+00   1.1301713e+01   7.3170871e+00   4.0701746e+00   1.1239072e+01   8.2630458e+00   4.6475299e+00   1.1032953e+01   6.8722974e+00   3.8091447e+00   1.1342606e+01
   3.6685514e+00   1.1403606e+01   7.7433747e+00   1.0063742e+01   9.1679087e+00   5.2403323e+00   1.0842640e+01   6.6357282e+00   3.6692059e+00   1.1403818e+01   7.7768485e+00   1.0052632e+01   9.1733305e+00   5.2442041e+00   1.0841349e+01   6.6345099e+00   3.6683982e+00   1.1404388e+01   7.7533826e+00   1.0060135e+01   9.1693865e+00   5.2415859e+00   1.0841842e+01   6.6354987e+00   3.6688466e+00   1.1404088e+01   7.7729753e+00   1.0054165e+01   9.1723317e+00   5.2438035e+00   1.0840595e+01   6.6347013e+00
   4.8750660e+00   1.0961202e+01   6.7681888e+00   3.7423558e+00   1.1371756e+01   7.4863182e+00   4.1646334e+00   1.1206012e+01   7.1104687e+00   3.9419554e+00   1.1290653e+01   7.2691161e+00   1.0217405e+01   9.0923039e+00   5.1844785e+00   1.0861827e+01   6.6521005e+00   3.6752845e+00   1.1401424e+01   7.6269529e+00   4.2491378e+00   1.1175307e+01   7.0600924e+00   1.0283059e+01   6.0897058e+00   1.0580488e+01   6.3614563e+00   1.0498016e+01   6.2826042e+00   1.0522199e+01   8.9173225e+00   5.0658336e+00
   1.1307822e+01   7.2973010e+00   4.0489625e+00   1.1250466e+01   7.1790042e+00   3.9790963e+00   1.1276883e+01   8.2340095e+00   4.6189365e+00   1.1048137e+01   6.8704334e+00   3.7988222e+00   1.1348875e+01   7.3963190e+00   4.1077558e+00   1.1228321e+01   7.1391356e+00   1.0260940e+01   9.0733269e+00   5.1679202e+00   1.0868710e+01   6.6543988e+00   3.6735544e+00   1.1402390e+01   7.9073137e+00   4.4162597e+00   1.1117492e+01   6.9656026e+00   3.8540816e+00   1.1325422e+01   7.3380825e+00   4.0730983e+00
   4.1430389e+00   1.1216406e+01   8.3349473e+00   4.6793135e+00   1.1029050e+01   6.8399196e+00   3.7776437e+00   1.1357895e+01   7.4073153e+00   1.0179808e+01   5.9934448e+00   1.0614425e+01   6.3846734e+00   1.0495791e+01   8.9430859e+00   5.0761760e+00   1.0900259e+01   6.6837884e+00   3.6875476e+00   1.1396729e+01   7.5393877e+00   4.1897718e+00   1.1198761e+01   8.3574134e+00   9.8681268e+00   9.2746901e+00   5.3042986e+00   1.0827226e+01   6.6033929e+00   3.6409565e+00   1.1417104e+01   7.6636775e+00
   3.6210857e+00   1.1424974e+01   7.7071639e+00   4.2878606e+00   1.1164884e+01   7.0202891e+00   3.8797313e+00   1.1317769e+01   8.1846194e+00   4.5816960e+00   1.1063400e+01   8.5182035e+00   4.7930826e+00   1.0993012e+01   6.7884521e+00   3.7446642e+00   1.1372771e+01   8.0620265e+00   4.5051032e+00   1.1089318e+01   6.9122644e+00   3.8168506e+00   1.1343114e+01   7.3515740e+00   4.0748423e+00   1.1242438e+01   8.3073728e+00   4.6585722e+00   1.1037232e+01   8.5434896e+00   4.8093605e+00   1.0987318e+01
   1.0772845e+01   8.7693343e+00   9.7285848e+00   9.3455446e+00   5.3472851e+00   1.0818893e+01   6.5818377e+00   3.6226492e+00   1.1424966e+01   7.8729497e+00   4.3853818e+00   1.1132431e+01   6.9646962e+00   3.8439882e+00   1.1332775e+01   7.3141794e+00   4.0493071e+00   1.1253321e+01   7.1554453e+00   3.9557179e+00   1.1288913e+01   8.2467818e+00   4.6171059e+00   1.1052439e+01   8.5353614e+00   9.8125704e+00   5.6911438e+00   1.0712318e+01   8.8120105e+00   4.9818745e+00   1.0933924e+01   6.7111197e+00
   5.3486274e+00   1.0820427e+01   6.5781172e+00   3.6173831e+00   1.1427684e+01   7.6173697e+00   1.0121238e+01   9.1633395e+00   5.2158904e+00   1.0861078e+01   6.6234359e+00   3.6432658e+00   1.1416761e+01   7.5550501e+00   4.1895312e+00   1.1203016e+01   7.0622887e+00   3.8980005e+00   1.1311623e+01   7.2573237e+00   4.0126550e+00   1.1267884e+01   8.2891102e+00   9.9002714e+00   5.7554415e+00   1.0694801e+01   8.8293153e+00   9.7100695e+00   5.6096057e+00   1.0739612e+01   8.7981604e+00   9.7213734e+00
   1.1177145e+01   8.4182318e+00   9.8589097e+00   9.2937210e+00   9.5356138e+00   5.4768048e+00   1.0782321e+01   6.5326836e+00   3.5881801e+00   1.1441767e+01   7.8374602e+00   1.0052387e+01   9.2015757e+00   9.5720697e+00   9.4213383e+00   5.3936182e+00   1.0808358e+01   6.5597503e+00   3.6037515e+00   1.1434094e+01   7.6214140e+00   1.0122689e+01   9.1667180e+00   9.5862840e+00   5.5136490e+00   1.0771001e+01   6.5211074e+00   3.5812952e+00   1.1443720e+01   7.7328020e+00   4.2938247e+00   1.1167187e+01
   1.0902985e+01   6.6578026e+00   1.0424674e+01   9.0083502e+00   9.6502125e+00   5.5571967e+00   1.0759838e+01   6.5039664e+00   3.5684662e+00   1.1450751e+01   7.7824337e+00   4.3204681e+00   1.1158627e+01   6.9803908e+00   3.8439042e+00   1.1335168e+01   7.2832999e+00   1.0231635e+01   6.0161199e+00   1.0619613e+01   8.8890735e+00   5.0227504e+00   1.0926645e+01   6.6848271e+00   3.6722995e+00   1.1404714e+01   7.4661392e+00   4.1302528e+00   1.1226899e+01   8.3652623e+00   9.8798158e+00   9.2875409e+00
   4.6706848e+00   1.1041679e+01   6.8168635e+00   3.7454605e+00   1.1375300e+01   7.3642797e+00   1.0208552e+01   9.1306403e+00   5.1825469e+00   1.0877787e+01   8.7122684e+00   9.7620433e+00   9.3453870e+00   5.3326953e+00   1.0830702e+01   8.7481133e+00   4.9255957e+00   1.0959615e+01   6.7168639e+00   1.0409136e+01   9.0216635e+00   5.1081662e+00   1.0900984e+01   6.6505686e+00   3.6494484e+00   1.1415559e+01   8.0279958e+00   4.4676326e+00   1.1109069e+01   6.9047546e+00   1.0350768e+01   6.1145411e+00
   1.1008498e+01   6.7688003e+00   3.7147968e+00   1.1388562e+01   7.3844725e+00   4.0752720e+00   1.1248209e+01   8.3532340e+00   9.8906010e+00   9.2911889e+00   9.5476493e+00   5.4739660e+00   1.0788642e+01   6.5243931e+00   3.5739320e+00   1.1448730e+01   7.9184190e+00   1.0034888e+01   9.2224344e+00   5.2425873e+00   1.0860596e+01   8.7308027e+00   4.9109682e+00   1.0966102e+01   6.7185128e+00   3.6854248e+00   1.1400783e+01   8.0873055e+00   4.5009579e+00   1.1099716e+01   8.5236145e+00   9.8319292e+00
   7.9742936e+00   4.4280545e+00   1.1125497e+01   8.5041270e+00   4.7604787e+00   1.1016365e+01   8.6093422e+00   4.8283959e+00   1.0993490e+01   6.7456376e+00   3.6982222e+00   1.1395884e+01   7.3899813e+00   4.0752141e+00   1.1249518e+01   8.3604386e+00   4.6690009e+00   1.1045345e+01   8.5824727e+00   9.8144954e+00   5.6692945e+00   1.0731681e+01   6.4599962e+00   3.5339491e+00   1.1465790e+01   7.8190510e+00   1.0070577e+01   9.2089357e+00   9.5833466e+00   5.4964196e+00   1.0784090e+01   8.7928046e+00
   1.0741430e+01   8.8280933e+00   4.9680831e+00   1.0951155e+01   6.6896968e+00   3.6627542e+00   1.1410862e+01   8.0922788e+00   4.4975711e+00   1.1104594e+01   8.5328260e+00   9.8342168e+00   5.6811325e+00   1.0730232e+01   8.8359466e+00   9.7269400e+00   9.3727732e+00   5.3408880e+00   1.0834855e+01   6.5609729e+00   3.5888388e+00   1.1442762e+01   7.5212615e+00   4.1500193e+00   1.1224359e+01   7.0469208e+00   3.8700269e+00   1.1327895e+01   7.2253933e+00   1.0260159e+01   6.0231084e+00   1.0625915e+01
   8.2235330e+00   4.5759931e+00   1.1079201e+01   6.8385436e+00   1.0381117e+01   9.0543542e+00   9.6491134e+00   5.5374894e+00   1.0775576e+01   8.8094076e+00   9.7399084e+00   5.6051206e+00   1.0755796e+01   6.4740138e+00   3.5356014e+00   1.1465107e+01   7.9212996e+00   4.3889296e+00   1.1142741e+01   6.9211494e+00   1.0356812e+01   9.0687255e+00   9.6434697e+00   9.4126091e+00   5.3655414e+00   1.0829126e+01   6.5499427e+00   3.5791417e+00   1.1446706e+01   8.0037774e+00   4.4397054e+00   1.1125465e+01
   6.7736763e+00   3.7047520e+00   1.1394977e+01   8.1583051e+00   4.5318664e+00   1.1096113e+01   6.8523397e+00   1.0380006e+01   9.0600789e+00   5.1168479e+00   1.0907912e+01   6.6297374e+00   3.6220410e+00   1.1429211e+01   7.4377325e+00   4.0940736e+00   1.1246944e+01   8.3908429e+00   9.8897354e+00   5.7158309e+00   1.0724212e+01   8.8503162e+00   4.9761991e+00   1.0952622e+01   6.6794692e+00   1.0432955e+01   9.0305492e+00   5.0967465e+00   1.0914682e+01   6.6367465e+00   3.6260402e+00   1.1427634e+01
   8.2862900e+00   9.9282096e+00   9.2930567e+00   9.5639970e+00   5.4673851e+00   1.0801223e+01   6.5108975e+00   3.5506976e+00   1.1459493e+01   7.5240986e+00   1.0175254e+01   9.1728588e+00   9.6103025e+00   5.5014241e+00   1.0791469e+01   6.5002769e+00   3.5444154e+00   1.1462758e+01   7.5353566e+00   1.0171777e+01   5.9367729e+00   1.0659027e+01   8.8982617e+00   9.7139401e+00   5.5781190e+00   1.0768228e+01   6.4764436e+00   3.5307970e+00   1.1468840e+01   7.5611179e+00   1.0162891e+01   9.1789136e+00
   1.1270369e+01   7.0873763e+00   3.8810439e+00   1.1327642e+01   7.1842876e+00   1.0283199e+01   6.0259301e+00   1.0634022e+01   8.9188459e+00   9.7096190e+00   5.5710546e+00   1.0772520e+01   6.4756374e+00   3.5271886e+00   1.1470690e+01   7.9847542e+00   1.0030603e+01   5.8184063e+00   1.0696931e+01   6.4005916e+00   3.4844951e+00   1.1488948e+01   7.6485826e+00   1.0138688e+01   9.1952848e+00   5.2024817e+00   1.0884695e+01   8.7458363e+00   4.9003237e+00   1.0979354e+01   8.6705777e+00   9.7988268e+00
   1.1120381e+01   6.8646827e+00   3.7480829e+00   1.1379214e+01   7.2756798e+00   3.9884460e+00   1.1288629e+01   7.1076525e+00   1.0309742e+01   9.1113285e+00   5.1410343e+00   1.0905366e+01   8.7352756e+00   9.7790533e+00   9.3682952e+00   5.3196112e+00   1.0851410e+01   6.5519592e+00   3.5679195e+00   1.1452972e+01   7.4615312e+00   1.0200216e+01   5.9517451e+00   1.0658928e+01   6.3589704e+00   3.4574538e+00   1.1500627e+01   7.7185552e+00   4.2528737e+00   1.1193913e+01   6.9646319e+00   3.8063835e+00
   9.7254944e+00   9.3954425e+00   9.5334588e+00   5.4340257e+00   1.0817683e+01   8.8059433e+00   4.9329233e+00   1.0973267e+01   8.6883609e+00   4.8557571e+00   1.0997745e+01   6.7080871e+00   3.6545604e+00   1.1416805e+01   7.3492399e+00   1.0238175e+01   5.9791205e+00   1.0653226e+01   6.3484448e+00   3.4483907e+00   1.1505015e+01   7.6962102e+00   4.2361307e+00   1.1200874e+01   6.9674778e+00   3.8048301e+00   1.1358192e+01   7.2220580e+00   1.0277197e+01   6.0120616e+00   1.0642637e+01   6.3391090e+00
   1.1514752e+01   7.7871617e+00   1.0102802e+01   5.8642959e+00   1.0689413e+01   8.8980419e+00   4.9904440e+00   1.0957227e+01   6.6562140e+00   3.6213593e+00   1.1431094e+01   7.3705035e+00   4.0380563e+00   1.1271530e+01   8.4000048e+00   4.6673609e+00   1.1059712e+01   6.7755889e+00   1.0415486e+01   9.0617406e+00   9.6660606e+00   9.4242875e+00   9.5247056e+00   9.4841670e+00   5.3946720e+00   1.0831669e+01   6.5215040e+00   3.5442878e+00   1.1463948e+01   7.4610586e+00   1.0206031e+01   5.9482927e+00
   6.4188781e+00   3.4824022e+00   1.1491283e+01   7.5377053e+00   1.0184318e+01   5.9266241e+00   1.0673403e+01   8.9135058e+00   9.7242577e+00   5.5669681e+00   1.0781350e+01   6.4648685e+00   3.5087965e+00   1.1479483e+01   7.4944249e+00   4.1085841e+00   1.1248192e+01   7.0210897e+00   3.8296152e+00   1.1350715e+01   8.3032466e+00   4.6029069e+00   1.1082160e+01   6.7967775e+00   1.0412335e+01   6.1190373e+00   1.0615184e+01   6.3035161e+00   3.4166484e+00   1.1519255e+01   7.7848962e+00   4.2831665e+00
   7.2960318e+00   3.9877435e+00   1.1292701e+01   7.0813040e+00   3.8617089e+00   1.1338634e+01   7.1582999e+00   3.9068134e+00   1.1322697e+01   8.3527005e+00   4.6306463e+00   1.1074399e+01   6.7816297e+00   3.6875370e+00   1.1406434e+01   7.2870881e+00   3.9824555e+00   1.1295219e+01   7.0840409e+00   3.8633924e+00   1.1338800e+01   7.1572878e+00   3.9061136e+00   1.1322145e+01   7.1301265e+00   1.0313554e+01   9.1263422e+00   5.1372240e+00   1.0914318e+01   8.7508102e+00   4.8866471e+00   1.0993383e+01
   6.9794796e+00   3.7991623e+00   1.1363490e+01   8.3029843e+00   4.5959703e+00   1.1087058e+01   6.7911665e+00   1.0418750e+01   9.0733063e+00   9.6716088e+00   9.4331886e+00   5.3473504e+00   1.0852300e+01   6.5272445e+00   3.5380794e+00   1.1467056e+01   7.4230656e+00   1.0225916e+01   5.9521723e+00   1.0670235e+01   8.9249120e+00   9.7263848e+00   5.5608269e+00   1.0788188e+01   6.4609748e+00   1.0518307e+01   6.2044523e+00   1.0594673e+01   6.2744252e+00   3.3940261e+00   1.1530590e+01   7.8233765e+00
   1.1234883e+01   8.4756406e+00   4.7020666e+00   1.1055440e+01   8.6498389e+00   4.8138212e+00   1.1020106e+01   6.7045114e+00   1.0447157e+01   9.0618811e+00   9.6790635e+00   5.5220578e+00   1.0802063e+01   6.4698558e+00   3.5020872e+00   1.1483177e+01   7.4531224e+00   4.0742755e+00   1.1263676e+01   7.0213701e+00   3.8203106e+00   1.1355959e+01   8.3228450e+00   4.6054647e+00   1.1086284e+01   8.6221235e+00   9.8374524e+00   9.3646510e+00   5.2953947e+00   1.0870315e+01   6.5407137e+00   3.5426279e+00
   5.9180392e+00   1.0684169e+01   6.3500618e+00   3.4306738e+00   1.1513613e+01   8.0019570e+00   4.4025674e+00   1.1154072e+01   6.8617534e+00   3.7244041e+00   1.1394373e+01   7.2300738e+00   1.0290260e+01   5.9977134e+00   1.0661400e+01   6.3270858e+00   1.0562955e+01   6.2358752e+00   3.3657494e+00   1.1543735e+01   7.7800835e+00   4.2673381e+00   1.1198980e+01   6.9214403e+00   3.7592092e+00   1.1380785e+01   8.2966417e+00   4.5857121e+00   1.1094659e+01   6.7866542e+00   3.6811777e+00   1.1411206e+01
   9.6129777e+00   9.4685737e+00   5.3618706e+00   1.0853464e+01   6.5133003e+00   1.0509206e+01   6.1832631e+00   1.0607916e+01   6.2730289e+00   1.0581526e+01   6.2483766e+00   3.3698011e+00   1.1541083e+01   7.6600942e+00   1.0159998e+01   5.8857057e+00   1.0696470e+01   6.3566025e+00   3.4312595e+00   1.1513192e+01   7.5209252e+00   4.1084910e+00   1.1254537e+01   6.9922093e+00   3.7971029e+00   1.1366686e+01   7.1705984e+00   1.0311398e+01   6.0112188e+00   1.0659158e+01   6.3210250e+00   1.0566395e+01
   6.2559999e+00   3.3710201e+00   1.1540454e+01   7.9357141e+00   1.0074769e+01   5.8137907e+00   1.0719727e+01   6.3746853e+00   3.4384577e+00   1.1511749e+01   8.0538116e+00   1.0037013e+01   5.7833944e+00   1.0729641e+01   8.9066228e+00   9.7455938e+00   9.4158294e+00   5.3207339e+00   1.0869108e+01   6.5228717e+00   3.5233875e+00   1.1475331e+01   7.3859333e+00   4.0250020e+00   1.1285846e+01   7.0293611e+00   3.8156933e+00   1.1361051e+01   7.1507830e+00   3.8865515e+00   1.1335380e+01   8.3801608e+00
   6.6878281e+00   1.0462490e+01   9.0713765e+00   9.6881640e+00   5.5139615e+00   1.0812808e+01   6.4604298e+00   1.0530467e+01   6.1928479e+00   3.3321391e+00   1.1559180e+01   7.7205036e+00   1.0146607e+01   9.2354841e+00   9.6264922e+00   9.4701517e+00   5.3554713e+00   1.0860173e+01   8.8232026e+00   9.7786696e+00   9.4050789e+00   5.3095516e+00   1.0874592e+01   6.5233367e+00   3.5204863e+00   1.1476080e+01   7.3766416e+00   4.0162478e+00   1.1289806e+01   7.0282255e+00   1.0359943e+01   6.0435566e+00
   3.5116172e+00   1.1480933e+01   8.1617896e+00   4.4882285e+00   1.1131413e+01   8.6128462e+00   4.7730433e+00   1.1041839e+01   8.6914409e+00   9.8286148e+00   9.3867519e+00   9.5710592e+00   9.4965183e+00   9.5269149e+00   5.3927988e+00   1.0851136e+01   6.4942162e+00   1.0522692e+01   9.0418255e+00   9.7023405e+00   5.5207266e+00   1.0812840e+01   6.4554421e+00   1.0534357e+01   6.1918457e+00   1.0612684e+01   6.2630192e+00   1.0591311e+01   9.0017483e+00   5.0285763e+00   1.0961338e+01   6.6115024e+00
   9.3869536e+00   5.2895377e+00   1.0883947e+01   6.5235734e+00   3.5141859e+00   1.1480921e+01   8.1764717e+00   1.0005860e+01   9.3105012e+00   9.6041595e+00   5.4447683e+00   1.0836889e+01   6.4753152e+00   3.4868060e+00   1.1492438e+01   7.3868580e+00   1.0255752e+01   9.1889644e+00   9.6507801e+00   5.4787520e+00   1.0826846e+01   6.4649015e+00   1.0533645e+01   9.0398627e+00   5.0506678e+00   1.0956770e+01   6.6007399e+00   3.5583110e+00   1.1463159e+01   8.2118241e+00   4.5161481e+00   1.1125268e+01
   9.1287335e+00   5.1074340e+00   1.0941601e+01   8.7806046e+00   9.8036828e+00   5.5882822e+00   1.0796570e+01   8.8823725e+00   4.9420853e+00   1.0991842e+01   6.6336675e+00   1.0486060e+01   6.1399596e+00   1.0632507e+01   8.9863374e+00   5.0113311e+00   1.0970779e+01   6.6104591e+00   1.0493014e+01   6.1460830e+00   1.0630768e+01   6.2704910e+00   3.3670228e+00   1.1543706e+01   7.5267050e+00   4.0959000e+00   1.1265547e+01   6.9709117e+00   3.7688604e+00   1.1382260e+01   8.3519112e+00   9.9501138e+00
   8.6383395e+00   9.8563703e+00   5.6240525e+00   1.0788159e+01   6.4160639e+00   3.4465583e+00   1.1509866e+01   8.1405951e+00   4.4650393e+00   1.1144841e+01   8.6205094e+00   4.7681435e+00   1.1048544e+01   6.6907113e+00   1.0471229e+01   6.1226258e+00   1.0640175e+01   6.2746313e+00   1.0595147e+01   6.2333183e+00   1.0607439e+01   6.2445147e+00   3.3490139e+00   1.1551824e+01   8.0221196e+00   4.3921227e+00   1.1168571e+01   8.5990820e+00   4.7542074e+00   1.1051852e+01   6.6955283e+00   1.0470018e+01
   5.3449283e+00   1.0873748e+01   8.8397336e+00   4.9074701e+00   1.1006679e+01   8.7418597e+00   4.8433297e+00   1.1025853e+01   6.6603861e+00   1.0482954e+01   6.1283947e+00   3.2802025e+00   1.1582711e+01   7.6695534e+00   4.1750300e+00   1.1241960e+01   6.9233097e+00   3.7349332e+00   1.1395960e+01   8.3496809e+00   9.9568867e+00   5.6973663e+00   1.0767766e+01   6.3916556e+00   1.0562112e+01   6.1992407e+00   1.0618932e+01   6.2511357e+00   3.3497912e+00   1.1551338e+01   8.0435661e+00   4.4020028e+00
   8.7320865e+00   9.8293113e+00   9.4045377e+00   5.2876675e+00   1.0892771e+01   8.8318728e+00   4.8984568e+00   1.1011395e+01   6.6378149e+00   1.0491813e+01   9.0809068e+00   5.0643494e+00   1.0960672e+01   6.5827219e+00   1.0508453e+01   6.1464261e+00   3.2873457e+00   1.1578691e+01   7.9562932e+00   4.3452884e+00   1.1186132e+01   6.8445326e+00   1.0430530e+01   6.0782032e+00   1.0657752e+01   6.2815810e+00   3.3640239e+00   1.1544730e+01   8.0805744e+00   4.4216063e+00   1.1161324e+01   6.8134869e+00
   1.0500896e+01   6.1354390e+00   3.2779987e+00   1.1582609e+01   7.9647614e+00   4.3472707e+00   1.1187519e+01   6.8390516e+00   1.0434569e+01   9.1167789e+00   5.0851089e+00   1.0956533e+01   6.5724887e+00   1.0513315e+01   9.0728401e+00   5.0557965e+00   1.0964246e+01   8.7847069e+00   4.8644580e+00   1.1022976e+01   6.6459404e+00   3.5689542e+00   1.1461117e+01   7.2592703e+00   3.9248822e+00   1.1329413e+01   7.0346488e+00   1.0375942e+01   9.1481240e+00   5.1063516e+00   1.0949686e+01   6.5657470e+00
   7.5638455e+00   4.1021956e+00   1.1270624e+01   6.9413816e+00   1.0405784e+01   6.0493236e+00   3.2262355e+00   1.1606129e+01   7.7879711e+00   1.0146894e+01   5.8352476e+00   1.0734264e+01   6.3443279e+00   1.0583939e+01   9.0378023e+00   9.7267210e+00   5.5122982e+00   1.0829000e+01   8.8854079e+00   9.7819486e+00   9.4329657e+00   9.5763877e+00   9.5189826e+00   9.5421386e+00   9.5328594e+00   9.5366316e+00   5.3740942e+00   1.0870584e+01   8.8573109e+00   4.9084062e+00   1.1011861e+01   8.7545992e+00
   1.1611237e+01   7.7312900e+00   4.1989429e+00   1.1238337e+01   6.8925276e+00   3.7048597e+00   1.1412141e+01   7.1480269e+00   3.8532938e+00   1.1357518e+01   7.0608903e+00   3.8024052e+00   1.1376439e+01   7.0892941e+00   3.8189336e+00   1.1369869e+01   8.4202510e+00   4.6233260e+00   1.1102764e+01   6.7239237e+00   3.6073545e+00   1.1448456e+01   8.3127797e+00   4.5557114e+00   1.1123532e+01   6.7490182e+00   3.6216662e+00   1.1443119e+01   8.3208728e+00   9.9786317e+00   5.6985042e+00   1.0776329e+01
   6.0228262e+00   3.2051026e+00   1.1616554e+01   7.8507932e+00   1.0133098e+01   9.2813417e+00   9.6419362e+00   9.4988111e+00   5.3399203e+00   1.0885070e+01   8.8576232e+00   4.9018694e+00   1.1017986e+01   6.6229292e+00   1.0505906e+01   6.1269482e+00   1.0652126e+01   6.2585681e+00   3.3384677e+00   1.1557211e+01   7.4466706e+00   4.0260364e+00   1.1299272e+01   6.9667546e+00   1.0403794e+01   9.1454825e+00   5.0944933e+00   1.0959547e+01   6.5596386e+00   3.5101726e+00   1.1487252e+01   7.2776748e+00
   1.1403289e+01   7.1173260e+00   1.0360592e+01   5.9982893e+00   3.1881946e+00   1.1623996e+01   7.8035279e+00   1.0150594e+01   5.8259604e+00   1.0743632e+01   6.3389611e+00   3.3810812e+00   1.1538488e+01   8.1714455e+00   1.0032661e+01   9.3321137e+00   5.2190154e+00   1.0923608e+01   6.5173788e+00   3.4828265e+00   1.1497191e+01   7.2907274e+00   3.9307035e+00   1.1333106e+01   7.0079049e+00   1.0393506e+01   6.0259572e+00   1.0683624e+01   6.2835947e+00   3.3495804e+00   1.1552712e+01   7.4191623e+00
   9.1506205e+00   9.6977762e+00   5.4762782e+00   1.0848245e+01   6.4365287e+00   3.4335928e+00   1.1518800e+01   7.3227553e+00   3.9464190e+00   1.1328579e+01   8.4924513e+00   4.6592317e+00   1.1096378e+01   6.6995513e+00   3.5839432e+00   1.1459927e+01   7.2049667e+00   3.8771778e+00   1.1352900e+01   7.0297797e+00   1.0390266e+01   6.0184524e+00   3.1964622e+00   1.1620261e+01   7.9245416e+00   4.3065767e+00   1.1208277e+01   6.8333684e+00   3.6612288e+00   1.1430924e+01   7.1536157e+00   3.8471347e+00
   6.8576995e+00   3.6720961e+00   1.1427594e+01   7.1392893e+00   1.0359871e+01   9.1814232e+00   9.6897991e+00   5.4666296e+00   1.0853324e+01   8.8942833e+00   4.9156225e+00   1.1019515e+01   6.6079654e+00   1.0517186e+01   9.0965712e+00   5.0509393e+00   1.0978487e+01   6.5638774e+00   3.5032053e+00   1.1491715e+01   7.2555064e+00   3.9036740e+00   1.1343866e+01   7.0103456e+00   3.7603582e+00   1.1395737e+01   7.0869885e+00   1.0375536e+01   6.0017790e+00   3.1839816e+00   1.1626208e+01   7.6580083e+00
   1.0404539e+01   6.0222911e+00   3.1924682e+00   1.1621807e+01   7.6030599e+00   4.1062387e+00   1.1277393e+01   6.9091929e+00   1.0431351e+01   9.1482541e+00   9.7051573e+00   5.4742459e+00   1.0852970e+01   6.4312287e+00   1.0572538e+01   6.1679147e+00   3.2747412e+00   1.1585488e+01   8.1052855e+00   1.0063218e+01   9.3298837e+00   9.6369689e+00   5.4241629e+00   1.0868799e+01   6.4462620e+00   3.4327187e+00   1.1519658e+01   8.2475318e+00   1.0017078e+01   5.7090361e+00   1.0784585e+01   6.3637168e+00
   1.1352762e+01   7.0063320e+00   1.0404873e+01   6.0180318e+00   3.1869793e+00   1.1623245e+01   7.5880209e+00   4.0939722e+00   1.1283014e+01   6.9097092e+00   1.0433612e+01   6.0424258e+00   1.0688930e+01   9.0079312e+00   9.7598057e+00   9.4668472e+00   9.5869164e+00   5.3844201e+00   1.0881934e+01   6.4548863e+00   3.4347805e+00   1.1518938e+01   7.2911968e+00   1.0318699e+01   5.9463941e+00   3.1466330e+00   1.1642281e+01   7.8857774e+00   1.0135465e+01   5.7982350e+00   1.0760612e+01   6.3358994e+00
   5.2334900e+00   1.0929465e+01   8.8576768e+00   9.8164228e+00   5.5487521e+00   1.0836103e+01   6.4041610e+00   3.4025656e+00   1.1532064e+01   7.3082885e+00   1.0315941e+01   5.9401873e+00   1.0720126e+01   8.9930966e+00   4.9710004e+00   1.1008424e+01   8.8018534e+00   9.8364845e+00   9.4384886e+00   5.2753666e+00   1.0916673e+01   8.8668563e+00   4.8873619e+00   1.1033561e+01   6.6070908e+00   3.5183996e+00   1.1487203e+01   8.3218919e+00   9.9984229e+00   9.3668897e+00   5.2253261e+00   1.0932018e+01
   1.1302409e+01   6.9234671e+00   3.6976298e+00   1.1422357e+01   7.0965903e+00   3.7980152e+00   1.1386673e+01   7.0410788e+00   1.0399527e+01   6.0051162e+00   1.0704458e+01   6.2738606e+00   1.0625184e+01   6.2021460e+00   1.0646463e+01   6.2209941e+00   1.0641264e+01   6.2162220e+00   3.2927862e+00   1.1577601e+01   8.1681778e+00   4.4396654e+00   1.1173462e+01   8.6755339e+00   9.8828195e+00   5.5949192e+00   1.0824102e+01   6.3880901e+00   1.0592310e+01   9.0729553e+00   5.0209789e+00   1.0994996e+01
   3.4916292e+00   1.1499587e+01   8.3235652e+00   4.5331275e+00   1.1145924e+01   6.7219010e+00   3.5779868e+00   1.1467112e+01   8.3713792e+00   4.5628187e+00   1.1137108e+01   6.7111138e+00   1.0499790e+01   6.0866666e+00   1.0682924e+01   6.2495700e+00   1.0634387e+01   6.2061689e+00   1.0647831e+01   6.2176297e+00   1.0644446e+01   6.2147461e+00   3.2888860e+00   1.1580645e+01   7.3932851e+00   1.0296290e+01   9.2332675e+00   9.6859652e+00   5.4455741e+00   1.0869590e+01   6.4281711e+00   3.4102326e+00
   1.1623962e+01   7.5018279e+00   1.0265594e+01   5.8862529e+00   3.1005236e+00   1.1663248e+01   7.6879717e+00   1.0208066e+01   5.8401778e+00   1.0756698e+01   6.3139803e+00   1.0618710e+01   6.1869657e+00   3.2700318e+00   1.1588346e+01   8.1734068e+00   1.0055127e+01   9.3521575e+00   5.2044845e+00   1.0944252e+01   8.8633523e+00   4.8750061e+00   1.1042756e+01   6.6009500e+00   1.0533806e+01   6.1126313e+00   3.2280178e+00   1.1605776e+01   8.1311425e+00   4.4102722e+00   1.1186189e+01   6.7632037e+00
   1.1255433e+01   6.8425295e+00   1.0465568e+01   6.0490400e+00   3.1890611e+00   1.1623956e+01   8.1021220e+00   4.3890776e+00   1.1194679e+01   8.6764237e+00   4.7500578e+00   1.1082233e+01   6.6386299e+00   1.0526012e+01   6.1004657e+00   3.2181410e+00   1.1611242e+01   7.4457007e+00   1.0285525e+01   5.8982022e+00   3.1041226e+00   1.1660399e+01   7.6370870e+00   1.0226702e+01   5.8510402e+00   3.0776350e+00   1.1673300e+01   7.7407001e+00   1.0194406e+01   5.8253199e+00   1.0762778e+01   6.3155224e+00
   9.0173241e+00   9.7754967e+00   9.4818359e+00   9.6014417e+00   5.3727900e+00   1.0898464e+01   6.4409913e+00   3.4079907e+00   1.1533270e+01   8.2998707e+00   4.5084272e+00   1.1158303e+01   6.7190212e+00   1.0504015e+01   6.0781334e+00   3.2023881e+00   1.1617261e+01   7.4500354e+00   1.0286172e+01   5.8953489e+00   3.0994738e+00   1.1663947e+01   7.6177908e+00   1.0235866e+01   5.8536999e+00   3.0760316e+00   1.1674799e+01   7.6859589e+00   1.0214835e+01   5.8369366e+00   3.0666839e+00   1.1679211e+01
   3.0480189e+00   1.1687054e+01   7.7909751e+00   1.0184248e+01   5.8093179e+00   3.0480660e+00   1.1687551e+01   7.7910044e+00   1.0184736e+01   5.8093179e+00   3.0480823e+00   1.1687734e+01   7.7909475e+00   1.0185044e+01   5.8092599e+00   3.0480678e+00   1.1687605e+01   7.7908046e+00   1.0185172e+01   5.8091439e+00   3.0480224e+00   1.1687171e+01   7.7905759e+00   1.0185123e+01   5.8090509e+00   3.0479463e+00   1.1686433e+01   7.7907543e+00   1.0184897e+01   5.8092004e+00   3.0479779e+00   1.1686626e+01
   1.0171092e+01   5.7947071e+00   3.0367859e+00   1.1692360e+01   7.8426780e+00   1.0171148e+01   5.7947492e+00   3.0368231e+00   1.1692662e+01   7.8425903e+00   1.0171503e+01   5.7947511e+00   3.0368389e+00   1.1692746e+01   7.8424423e+00   1.0171733e+01   5.7947128e+00   3.0368334e+00   1.1692615e+01   7.8422343e+00   1.0171840e+01   5.7946345e+00   3.0368066e+00   1.1692271e+01   7.8424430e+00   1.0171824e+01   5.7945161e+00   3.0367584e+00   1.1691716e+01   7.8425910e+00   1.0171686e+01   5.7945171e+00
   1.0150813e+01   5.7742694e+00   3.0222318e+00   1.1698602e+01   7.8100844e+00   1.0183854e+01   5.8010009e+00   3.0372534e+00   1.1691037e+01   7.9175760e+00   1.0150674e+01   5.7743186e+00   3.0222648e+00   1.1698808e+01   7.8100904e+00   1.0183915e+01   5.8010139e+00   3.0372664e+00   1.1691323e+01   7.9175346e+00   1.0150514e+01   5.7743607e+00   3.0222941e+00   1.1698976e+01   7.8100860e+00   1.0184093e+01   5.8010200e+00   3.0372757e+00   1.1691570e+01   7.9174825e+00   1.0150333e+01   5.7743959e+00
   7.9422201e+00   1.0145428e+01   5.7664969e+00   3.0148277e+00   1.1702342e+01   7.7386099e+00   1.0209049e+01   5.8168129e+00   3.0430766e+00   1.1688214e+01   7.9732162e+00   1.0136385e+01   5.7587541e+00   3.0105772e+00   1.1703190e+01   7.7764229e+00   1.0197425e+01   5.8074145e+00   3.0377700e+00   1.1691443e+01   7.9600053e+00   1.0140704e+01   5.7621795e+00   3.0124669e+00   1.1702916e+01   7.7562076e+00   1.0204022e+01   5.8121774e+00   3.0404538e+00   1.1690438e+01   7.9669972e+00   1.0138171e+01
   1.1659847e+01   7.4949741e+00   1.0285957e+01   5.8747960e+00   3.0725645e+00   1.1674821e+01   7.5486431e+00   1.0269790e+01   5.8616941e+00   3.0651909e+00   1.1678085e+01   8.0428680e+00   1.0116693e+01   5.7397107e+00   2.9968062e+00   1.1710419e+01   7.8167577e+00   1.0187449e+01   5.7957889e+00   3.0281984e+00   1.1694922e+01   7.9692436e+00   1.0140458e+01   5.7580143e+00   3.0070920e+00   1.1704859e+01   7.7122172e+00   1.0220301e+01   5.8212994e+00   3.0424798e+00   1.1688877e+01   7.6061798e+00
   3.0614888e+00   1.1680565e+01   8.0590492e+00   1.0114892e+01   5.7343066e+00   2.9906654e+00   1.1713276e+01   7.7322654e+00   1.0216869e+01   5.8146541e+00   3.0357490e+00   1.1691665e+01   7.5944716e+00   4.0595715e+00   1.1311199e+01   6.8669512e+00   1.0476414e+01   6.0279673e+00   3.1556181e+00   1.1638403e+01   7.4193617e+00   1.0311567e+01   5.8914411e+00   3.0788308e+00   1.1672653e+01   8.0838655e+00   1.0107166e+01   5.7281415e+00   2.9872369e+00   1.1714308e+01   7.7555802e+00   1.0209720e+01
   9.1368140e+00   5.0258845e+00   1.1013853e+01   6.5238358e+00   1.0578246e+01   6.1121205e+00   3.1999697e+00   1.1619681e+01   7.3613908e+00   1.0332075e+01   5.9038489e+00   1.0758680e+01   6.2734710e+00   3.2911973e+00   1.1583757e+01   7.2818228e+00   3.8716994e+00   1.1374365e+01   6.9436189e+00   3.6748697e+00   1.1441791e+01   7.0394223e+00   3.7303598e+00   1.1422735e+01   7.0109434e+00   3.7139127e+00   1.1427570e+01   7.0195574e+00   3.7185852e+00   1.1426175e+01   7.0171234e+00   1.0433824e+01
   1.1549727e+01   7.2064908e+00   1.0380767e+01   5.9398651e+00   3.0998755e+00   1.1663330e+01   8.1434905e+00   1.0093125e+01   5.7098152e+00   1.0815949e+01   6.3235346e+00   3.3164769e+00   1.1574749e+01   7.2530177e+00   1.0366843e+01   5.9283508e+00   3.0933991e+00   1.1666320e+01   8.1363277e+00   1.0095644e+01   5.7116615e+00   2.9718139e+00   1.1721256e+01   7.9174635e+00   1.0164218e+01   5.7655890e+00   3.0020443e+00   1.1707143e+01   8.0009010e+00   1.0139009e+01   5.7451890e+00   2.9906612e+00
   5.7627424e+00   2.9973871e+00   1.1709253e+01   7.5968658e+00   4.0515363e+00   1.1317320e+01   6.8560597e+00   1.0485922e+01   6.0244063e+00   3.1443807e+00   1.1644592e+01   8.2010242e+00   1.0077627e+01   9.3832462e+00   5.1869889e+00   1.0970824e+01   8.9004639e+00   4.8618210e+00   1.1067516e+01   8.8330885e+00   9.8685735e+00   9.4751348e+00   5.2509494e+00   1.0952731e+01   6.4503658e+00   3.3853950e+00   1.1547859e+01   8.3658711e+00   4.5201549e+00   1.1170653e+01   6.6810064e+00   1.0537937e+01
   3.0474498e+00   1.1685948e+01   8.1145588e+00   4.3610503e+00   1.1221378e+01   8.7195305e+00   9.9102651e+00   5.5625875e+00   1.0863942e+01   6.3587307e+00   1.0634068e+01   6.1474571e+00   1.0694854e+01   9.0765139e+00   4.9748763e+00   1.1035937e+01   6.5296777e+00   3.4277810e+00   1.1533881e+01   7.1605477e+00   1.0399763e+01   9.2344001e+00   5.0810415e+00   1.1003477e+01   8.8830175e+00   9.8538635e+00   5.5205417e+00   1.0875542e+01   6.3702289e+00   3.3369865e+00   1.1566893e+01   8.3471742e+00
   1.0709565e+01   9.0725708e+00   9.7904942e+00   9.5147170e+00   9.6254911e+00   5.3503407e+00   1.0927251e+01   6.4156371e+00   3.3596171e+00   1.1560130e+01   7.1971687e+00   1.0391133e+01   5.9361605e+00   3.0885648e+00   1.1668080e+01   7.4266022e+00   3.9441218e+00   1.1355741e+01   8.6057701e+00   4.6646755e+00   1.1130450e+01   6.6251333e+00   3.4789531e+00   1.1514648e+01   8.4288534e+00   1.0010034e+01   9.4210118e+00   9.6616128e+00   9.5675310e+00   5.3088836e+00   1.0939167e+01   6.4277016e+00
   6.1655923e+00   1.0693866e+01   9.0851721e+00   4.9739015e+00   1.1039763e+01   6.5238501e+00   1.0590949e+01   9.1430036e+00   5.0124267e+00   1.1028405e+01   6.5121550e+00   3.4113199e+00   1.1541128e+01   7.1559288e+00   1.0405574e+01   9.2388943e+00   9.7327908e+00   9.5417925e+00   9.6184400e+00   5.3414721e+00   1.0931959e+01   8.9412894e+00   9.8398134e+00   5.5027079e+00   1.0885511e+01   6.3699705e+00   3.3305753e+00   1.1570610e+01   8.3606511e+00   1.0035159e+01   5.6495244e+00   1.0843042e+01
   4.1698924e+00   1.1285589e+01   8.6826637e+00   4.7070988e+00   1.1121313e+01   6.6044078e+00   1.0570176e+01   6.0784155e+00   1.0721674e+01   6.2123985e+00   1.0682758e+01   6.1777240e+00   3.2185149e+00   1.1615983e+01   7.2822859e+00   1.0371255e+01   5.9113640e+00   3.0684783e+00   1.1676715e+01   8.1834182e+00   4.3935544e+00   1.1215714e+01   6.7100998e+00   3.5213813e+00   1.1501499e+01   8.4623372e+00   1.0004853e+01   9.4305317e+00   5.2055788e+00   1.0974087e+01   6.4517850e+00   3.3738288e+00
   6.2364402e+00   3.2485968e+00   1.1604112e+01   7.2501344e+00   3.8309823e+00   1.1396422e+01   8.5854747e+00   9.9675946e+00   5.5902697e+00   2.8855623e+00   1.1759342e+01   7.7575623e+00   1.0230678e+01   9.3318568e+00   9.7046802e+00   5.3967158e+00   1.0920350e+01   6.3941955e+00   3.3381145e+00   1.1570282e+01   8.3818599e+00   1.0034489e+01   5.6410125e+00   2.9139081e+00   1.1746662e+01   7.9820273e+00   1.0160683e+01   9.3642597e+00   9.6930688e+00   5.3878225e+00   1.0923031e+01   6.3966787e+00
   7.3914998e+00   1.0343746e+01   5.8808306e+00   1.0783108e+01   9.0476405e+00   9.8120570e+00   9.5201056e+00   9.6364138e+00   5.3440460e+00   1.0937847e+01   6.4063267e+00   3.3418581e+00   1.1569724e+01   8.3919625e+00   1.0034032e+01   5.6368135e+00   1.0852602e+01   6.3248333e+00   1.0654974e+01   6.1443502e+00   3.1935677e+00   1.1626152e+01   8.3053425e+00   4.4622070e+00   1.1198250e+01   6.6782847e+00   1.0553501e+01   6.0556525e+00   3.1435176e+00   1.1645848e+01   7.3250308e+00   1.0364064e+01
   3.0762086e+00   1.1674066e+01   8.2290760e+00   1.0089403e+01   9.4040916e+00   5.1765375e+00   1.0987318e+01   6.4513665e+00   3.3644292e+00   1.1561121e+01   7.1555793e+00   1.0416714e+01   5.9364143e+00   1.0768820e+01   6.2423985e+00   3.2458793e+00   1.1606040e+01   8.3471237e+00   1.0051483e+01   9.4210674e+00   5.1883272e+00   1.0984130e+01   6.4479943e+00   3.3624994e+00   1.1561507e+01   8.4099102e+00   1.0030972e+01   5.6308525e+00   2.9021552e+00   1.1751656e+01   8.0155758e+00   4.2809189e+00
   8.6275223e+00   9.9624146e+00   5.5749995e+00   1.0874874e+01   6.3362540e+00   1.0656307e+01   6.1367825e+00   3.1831313e+00   1.1631875e+01   8.3179719e+00   4.4636018e+00   1.1201829e+01   6.6708149e+00   1.0560423e+01   6.0532352e+00   1.0738197e+01   6.2094876e+00   3.2241133e+00   1.1615985e+01   8.3433331e+00   1.0055310e+01   9.4226969e+00   5.1861156e+00   1.0987717e+01   6.4455571e+00   3.3580026e+00   1.1565264e+01   7.1525043e+00   1.0419492e+01   5.9350901e+00   3.0695134e+00   1.1676488e+01
   1.0200713e+01   5.7542182e+00   2.9651110e+00   1.1721362e+01   8.1488310e+00   4.3559929e+00   1.1235129e+01   6.7041441e+00   3.5025040e+00   1.1514034e+01   8.4879439e+00   1.0011293e+01   5.6081661e+00   2.8834836e+00   1.1758759e+01   7.6018716e+00   1.0289074e+01   5.8242468e+00   1.0805399e+01   6.2669369e+00   3.2535680e+00   1.1605270e+01   7.2126642e+00   1.0404443e+01   9.2637738e+00   5.0732571e+00   1.1022603e+01   6.4755976e+00   1.0619055e+01   9.1529259e+00   4.9985944e+00   1.1044483e+01
   5.0329478e+00   1.1035627e+01   6.4845872e+00   3.3739272e+00   1.1561060e+01   8.4384456e+00   4.5323846e+00   1.1183922e+01   6.6405312e+00   1.0573591e+01   6.0565321e+00   3.1316823e+00   1.1653113e+01   7.2944962e+00   1.0383303e+01   9.2784372e+00   5.0795303e+00   1.1022750e+01   6.4705882e+00   3.3660749e+00   1.1562495e+01   8.4346033e+00   1.0031681e+01   5.6199733e+00   1.0866759e+01   6.3188523e+00   3.2799506e+00   1.1595798e+01   7.1869235e+00   1.0414895e+01   5.9228070e+00   3.0564675e+00
   1.0084563e+01   5.6566148e+00   1.0858268e+01   9.0254764e+00   4.9065815e+00   1.1074536e+01   8.8848725e+00   9.8842301e+00   5.5053377e+00   2.8200326e+00   1.1787869e+01   7.7057591e+00   1.0262834e+01   5.7954654e+00   1.0817503e+01   6.2695208e+00   1.0682508e+01   9.1266512e+00   4.9739043e+00   1.1054650e+01   6.4990237e+00   1.0616893e+01   6.0894740e+00   3.1471554e+00   1.1647527e+01   7.2726409e+00   3.8253126e+00   1.1405985e+01   6.8988028e+00   3.6083687e+00   1.1479395e+01   8.5417018e+00
   1.1432507e+01   6.9277598e+00   3.6216785e+00   1.1475976e+01   6.9852251e+00   1.0478722e+01   5.9677379e+00   3.0755714e+00   1.1676549e+01   7.3208440e+00   3.8503920e+00   1.1399845e+01   6.8836524e+00   1.0508685e+01   5.9925486e+00   3.0895263e+00   1.1670819e+01   8.2944565e+00   4.4362844e+00   1.1215902e+01   6.6653034e+00   1.0571915e+01   6.0459300e+00   3.1195657e+00   1.1658692e+01   8.3149395e+00   4.4489683e+00   1.1212285e+01   6.6609665e+00   3.4686065e+00   1.1528885e+01   8.4939908e+00
   1.0200661e+01   5.7390929e+00   2.9442791e+00   1.1730754e+01   7.4380176e+00   1.0348616e+01   5.8562717e+00   1.0805669e+01   6.2483047e+00   1.0693917e+01   9.1295101e+00   9.8048557e+00   9.5474792e+00   9.6496141e+00   9.6091595e+00   5.2993314e+00   1.0964773e+01   8.9683912e+00   9.8608182e+00   5.4811941e+00   2.8003410e+00   1.1797344e+01   7.9602242e+00   1.0189916e+01   9.3810739e+00   5.1393856e+00   1.1010238e+01   8.9384587e+00   9.8716625e+00   5.4887333e+00   2.8046815e+00   1.1794247e+01
   3.2989735e+00   1.1591050e+01   8.4321303e+00   1.0044133e+01   5.6139753e+00   1.0875897e+01   9.0280127e+00   4.8980885e+00   1.1082495e+01   6.5124208e+00   1.0620518e+01   6.0795060e+00   1.0744241e+01   6.1881491e+00   1.0713373e+01   6.1606285e+00   3.1780246e+00   1.1636957e+01   8.3692980e+00   1.0063949e+01   5.6295669e+00   2.8800685e+00   1.1760262e+01   7.5039826e+00   1.0330769e+01   5.8386306e+00   2.9970014e+00   1.1708651e+01   7.3703878e+00   1.0371369e+01   9.2999492e+00   9.7462803e+00
   3.0762285e+00   1.1677401e+01   8.3161435e+00   4.4395269e+00   1.1220538e+01   8.7995905e+00   9.9250793e+00   5.5211637e+00   1.0905789e+01   9.0148252e+00   9.8514476e+00   5.4664662e+00   2.7860198e+00   1.1803460e+01   7.6548752e+00   1.0288152e+01   5.8006561e+00   2.9726325e+00   1.1718502e+01   7.3821028e+00   3.8768154e+00   1.1394267e+01   8.6529729e+00   9.9746518e+00   5.5578640e+00   1.0895102e+01   9.0212144e+00   9.8487432e+00   5.4647096e+00   2.7850148e+00   1.1803560e+01   7.6571112e+00
   8.2321808e+00   1.0112999e+01   9.4267006e+00   5.1604100e+00   1.1010096e+01   6.4297294e+00   1.0649051e+01   9.1666780e+00   9.8010131e+00   5.4258412e+00   1.0935083e+01   9.0012808e+00   9.8588724e+00   5.4684268e+00   1.0922360e+01   6.3440726e+00   1.0673616e+01   9.1534824e+00   9.8057397e+00   5.4292735e+00   2.7622420e+00   1.1813573e+01   7.9649160e+00   4.2211370e+00   1.1288952e+01   6.7244758e+00   1.0564451e+01   6.0228760e+00   1.0764698e+01   6.1980426e+00   3.1929957e+00   1.1632793e+01
   5.5242775e+00   2.8121113e+00   1.1790257e+01   8.0940653e+00   4.2964500e+00   1.1266698e+01   6.6945182e+00   3.4721123e+00   1.1532001e+01   7.0304481e+00   3.6653541e+00   1.1467153e+01   6.9386811e+00   3.6125745e+00   1.1484628e+01   6.9626428e+00   1.0498045e+01   5.9630220e+00   1.0783913e+01   9.0955849e+00   9.8284437e+00   5.4425002e+00   2.7667301e+00   1.1810471e+01   8.0113641e+00   4.2462353e+00   1.1282519e+01   6.7118238e+00   1.0570711e+01   6.0237593e+00   3.0917045e+00   1.1672349e+01
   1.1808697e+01   7.6026470e+00   3.9975131e+00   1.1360719e+01   8.7018465e+00   9.9670979e+00   5.5410035e+00   2.8183258e+00   1.1787222e+01   8.1218892e+00   1.0153627e+01   9.4160360e+00   9.7159029e+00   5.3570303e+00   2.7161288e+00   1.1834470e+01   7.8029058e+00   1.0252418e+01   9.3709697e+00   9.7328002e+00   5.3690424e+00   2.7226275e+00   1.1832117e+01   7.9115156e+00   4.1825734e+00   1.1303285e+01   8.7502556e+00   9.9508811e+00   5.5288721e+00   2.8116161e+00   1.1789944e+01   8.1126153e+00
   8.8194216e+00   4.7447351e+00   1.1137586e+01   8.8823682e+00   9.9087813e+00   5.4943814e+00   2.7892762e+00   1.1799630e+01   7.5476983e+00   1.0331844e+01   5.8188062e+00   1.0829661e+01   6.2431000e+00   1.0709253e+01   9.1465204e+00   9.8171844e+00   5.4266965e+00   2.7517278e+00   1.1816632e+01   8.0367569e+00   1.0183368e+01   9.4060601e+00   5.1359472e+00   1.1024392e+01   6.4280305e+00   3.3138786e+00   1.1590010e+01   8.4758590e+00   4.5260126e+00   1.1202180e+01   6.6112092e+00   3.4182410e+00
   1.1732038e+01   8.2757401e+00   1.0110960e+01   9.4422345e+00   5.1571259e+00   1.1019240e+01   6.4190776e+00   1.0661683e+01   6.0891969e+00   3.1192962e+00   1.1661690e+01   7.2146294e+00   1.0432699e+01   5.8964883e+00   1.0809870e+01   6.2207072e+00   1.0717000e+01   9.1458654e+00   9.8205008e+00   5.4255009e+00   2.7480607e+00   1.1819260e+01   8.0556503e+00   1.0179537e+01   9.4117463e+00   9.7236610e+00   5.3556912e+00   2.7092322e+00   1.1837855e+01   7.9637349e+00   1.0207870e+01   5.7176053e+00
   1.0201635e+01   5.7083903e+00   2.9026891e+00   1.1749799e+01   7.3791563e+00   1.0386597e+01   5.8550039e+00   2.9847343e+00   1.1714922e+01   7.3060048e+00   1.0408497e+01   9.3093402e+00   9.7651248e+00   9.5909700e+00   9.6596121e+00   5.3055981e+00   2.6784633e+00   1.1852382e+01   7.8713549e+00   1.0238975e+01   5.7378209e+00   2.9190195e+00   1.1743447e+01   8.2660371e+00   4.3891003e+00   1.1246057e+01   8.8127674e+00   9.9391251e+00   5.5087732e+00   2.7913483e+00   1.1798327e+01   7.5077210e+00
   4.4442805e+00   1.1231837e+01   6.6271171e+00   1.0606267e+01   6.0338611e+00   3.0819986e+00   1.1678680e+01   8.3840790e+00   4.4587417e+00   1.1227442e+01   8.8328584e+00   9.9352678e+00   5.5024001e+00   2.7846782e+00   1.1800649e+01   8.1495265e+00   1.0156680e+01   5.6696307e+00   2.8778777e+00   1.1760999e+01   7.3917289e+00   3.8603432e+00   1.1409263e+01   6.8336226e+00   1.0548011e+01   5.9837308e+00   3.0538353e+00   1.1689195e+01   8.3677096e+00   4.4488564e+00   1.1230373e+01   6.6256974e+00
   7.7893163e+00   1.0269912e+01   5.7537974e+00   2.9218857e+00   1.1741072e+01   8.2906832e+00   4.3976007e+00   1.1246520e+01   8.8232084e+00   4.7340056e+00   1.1148009e+01   6.5334161e+00   3.3614364e+00   1.1576776e+01   8.5224231e+00   4.5422541e+00   1.1204434e+01   8.8549751e+00   4.7545395e+00   1.1142393e+01   6.5269193e+00   1.0637600e+01   6.0560712e+00   1.0771604e+01   9.1294129e+00   9.8360225e+00   9.5690977e+00   5.2349291e+00   1.1003559e+01   6.3888812e+00   3.2794217e+00   1.1605937e+01
   5.2707684e+00   2.6498424e+00   1.1864304e+01   7.9382160e+00   1.0226692e+01   9.4053362e+00   9.7388689e+00   5.3521892e+00   1.0972864e+01   6.3540604e+00   1.0688892e+01   6.0960152e+00   1.0762225e+01   6.1601815e+00   3.1469437e+00   1.1655235e+01   7.1654318e+00   3.7217826e+00   1.1457513e+01   8.6523684e+00   1.0000994e+01   5.5440643e+00   1.0917735e+01   6.3024219e+00   3.2272307e+00   1.1624330e+01   7.1171077e+00   1.0471117e+01   9.2906041e+00   9.7813401e+00   9.5944430e+00   9.6681242e+00
   5.3330941e+00   2.6813597e+00   1.1848573e+01   7.6081784e+00   1.0329296e+01   5.7933324e+00   2.9378440e+00   1.1736764e+01   8.3230478e+00   4.4111970e+00   1.1246960e+01   8.8346049e+00   4.7342922e+00   1.1151291e+01   6.5267543e+00   3.3514574e+00   1.1581316e+01   8.5315949e+00   4.5412359e+00   1.1208127e+01   6.5859706e+00   3.3850726e+00   1.1570979e+01   8.5444602e+00   4.5496287e+00   1.1205429e+01   6.5831949e+00   3.3837928e+00   1.1571043e+01   8.5439269e+00   1.0039766e+01   5.5690052e+00
   7.4670861e+00   1.0373369e+01   9.3451059e+00   9.7675195e+00   5.3654429e+00   2.6963364e+00   1.1840872e+01   7.5580650e+00   1.0347155e+01   5.8032678e+00   1.0849651e+01   9.0980363e+00   9.8560228e+00   5.4293581e+00   2.7317890e+00   1.1823837e+01   7.5044981e+00   1.0362633e+01   9.3503275e+00   9.7655316e+00   5.3640408e+00   2.6955848e+00   1.1841410e+01   8.1038355e+00   1.0181770e+01   9.4329482e+00   5.1294107e+00   1.1040242e+01   6.4097442e+00   1.0678230e+01   6.0781592e+00   1.0772145e+01
   2.8916425e+00   1.1754902e+01   7.3228905e+00   3.8042261e+00   1.1435221e+01   6.8334828e+00   1.0560427e+01   9.2580691e+00   9.8027886e+00   9.5963646e+00   9.6774181e+00   9.6461155e+00   9.6581126e+00   5.2832227e+00   2.6476282e+00   1.1862795e+01   7.6271445e+00   3.9833156e+00   1.1379503e+01   8.7408092e+00   9.9808301e+00   5.5177821e+00   1.0932253e+01   6.3015135e+00   3.2176028e+00   1.1630464e+01   7.1026074e+00   1.0482762e+01   5.9092563e+00   1.0821061e+01   6.2003620e+00   1.0740034e+01
   6.4173501e+00   1.0679947e+01   9.1993538e+00   9.8266529e+00   9.5902524e+00   5.2316854e+00   2.6160823e+00   1.1877709e+01   7.6747152e+00   1.0317784e+01   5.7717956e+00   2.9167120e+00   1.1744660e+01   7.2924698e+00   3.7832875e+00   1.1443421e+01   8.6909003e+00   1.0000104e+01   9.5187648e+00   5.1818468e+00   2.5883443e+00   1.1891840e+01   7.8057031e+00   4.0869068e+00   1.1348645e+01   8.7711433e+00   9.9738495e+00   5.5084329e+00   1.0936419e+01   6.3014841e+00   3.2143928e+00   1.1633759e+01
   1.1663226e+01   8.4663326e+00   4.4875010e+00   1.1231281e+01   8.8673296e+00   4.7420683e+00   1.1157141e+01   8.9190394e+00   4.7761541e+00   1.1146594e+01   6.5019493e+00   3.3248827e+00   1.1595716e+01   8.5463453e+00   1.0050176e+01   9.5008792e+00   5.1659886e+00   2.5765869e+00   1.1895856e+01   7.8876059e+00   4.1325587e+00   1.1336594e+01   6.7054571e+00   1.0601883e+01   5.9997132e+00   1.0800038e+01   6.1726646e+00   3.1386232e+00   1.1660830e+01   7.1342631e+00   3.6880082e+00   1.1475004e+01
   8.3732079e+00   1.0108931e+01   9.4793432e+00   9.7313987e+00   9.6350598e+00   9.6724038e+00   5.2825294e+00   2.6381190e+00   1.1866371e+01   8.0996215e+00   4.2577746e+00   1.1300728e+01   6.6596603e+00   3.4116699e+00   1.1566521e+01   8.5846914e+00   1.0041181e+01   9.5084954e+00   5.1676796e+00   2.5744062e+00   1.1897087e+01   7.7314005e+00   1.0306259e+01   9.3915300e+00   9.7637687e+00   5.3475992e+00   1.0986447e+01   6.3389471e+00   1.0707060e+01   6.0862895e+00   1.0778984e+01   9.1553814e+00
   8.8768718e+00   4.7419769e+00   1.1160558e+01   8.9270634e+00   4.7739839e+00   1.1151902e+01   6.4960770e+00   3.3156135e+00   1.1600250e+01   7.0265884e+00   3.6193115e+00   1.1499905e+01   8.6582759e+00   1.0019653e+01   5.5318742e+00   2.7735949e+00   1.1804763e+01   8.2656319e+00   4.3560938e+00   1.1273120e+01   6.6238044e+00   1.0628915e+01   6.0152761e+00   1.0801254e+01   9.1473437e+00   9.8543729e+00   9.5887604e+00   9.6931650e+00   5.2937792e+00   2.6413342e+00   1.1864739e+01   7.5466684e+00
   7.4338992e+00   1.0399249e+01   5.8210836e+00   1.0857205e+01   6.2104674e+00   1.0748411e+01   6.1133719e+00   1.0775915e+01   6.1373301e+00   1.0768223e+01   9.1689038e+00   9.8499847e+00   5.4028580e+00   2.6987914e+00   1.1838115e+01   8.2099614e+00   1.0164985e+01   9.4621329e+00   5.1285187e+00   1.1052563e+01   9.0029877e+00   9.9072604e+00   5.4446667e+00   1.0962279e+01   9.0582255e+00   9.8887768e+00   9.5789264e+00   5.2096351e+00   2.5915569e+00   1.1887848e+01   7.6136821e+00   3.9596567e+00
   1.0283677e+01   9.4126364e+00   5.0914519e+00   2.5231529e+00   1.1920967e+01   7.8330344e+00   1.0283694e+01   9.4125970e+00   5.0914584e+00   2.5231502e+00   1.1920946e+01   7.8330521e+00   1.0283709e+01   9.4125760e+00   5.0914645e+00   2.5231472e+00   1.1920922e+01   7.8330690e+00   1.0283722e+01   9.4126156e+00   5.0914701e+00   2.5231439e+00   1.1920896e+01   7.8330852e+00   1.0283735e+01   9.4126542e+00   5.0914753e+00   2.5231404e+00   1.1920867e+01   7.8331007e+00   1.0283745e+01   9.4126917e+00
   9.6973773e+00   5.2856548e+00   1.1011808e+01   9.0376503e+00   9.9019760e+00   5.4333905e+00   2.7096118e+00   1.1832660e+01   7.4133718e+00   1.0409727e+01   5.8223181e+00   1.0862018e+01   6.2051128e+00   3.1414762e+00   1.1663852e+01   7.0986368e+00   3.6518031e+00   1.1493240e+01   8.6829564e+00   4.6073929e+00   1.1205574e+01   8.9113525e+00   9.9442446e+00   5.4648602e+00   1.0961103e+01   9.0680637e+00   9.8914459e+00   9.5847232e+00   9.7048758e+00   9.6587191e+00   5.2583763e+00   2.6126366e+00
   1.0042185e+01   9.5254916e+00   9.7297998e+00   9.6516702e+00   5.2504144e+00   2.6049596e+00   1.1879113e+01   7.5267680e+00   3.8986378e+00   1.1417734e+01   8.7557457e+00   9.9992154e+00   9.5434714e+00   5.1743072e+00   2.5629434e+00   1.1899664e+01   7.5965579e+00   1.0359095e+01   9.3856973e+00   5.0658702e+00   2.5029323e+00   1.1929541e+01   7.7744562e+00   1.0306652e+01   9.4095933e+00   5.0824410e+00   2.5120613e+00   1.1923696e+01   7.7285367e+00   1.0320246e+01   9.4040471e+00   9.7746877e+00
   1.0234347e+01   5.6762350e+00   2.8387201e+00   1.1779129e+01   7.2774286e+00   3.7493698e+00   1.1464016e+01   8.7206624e+00   1.0014309e+01   9.5406293e+00   5.1689392e+00   2.5569444e+00   1.1900947e+01   7.5845664e+00   1.0365007e+01   9.3869347e+00   5.0628436e+00   2.4983186e+00   1.1931027e+01   7.9614766e+00   1.0252973e+01   5.6900383e+00   1.0903256e+01   6.2337563e+00   3.1514461e+00   1.1662937e+01   8.5229414e+00   1.0078188e+01   5.5568103e+00   2.7721384e+00   1.1806276e+01   7.3313585e+00
   1.0573102e+01   5.9429224e+00   2.9848087e+00   1.1723408e+01   7.1692831e+00   1.0488911e+01   9.3325876e+00   5.0225176e+00   2.4729429e+00   1.1941907e+01   7.8838374e+00   1.0278712e+01   5.7067431e+00   2.8526790e+00   1.1773667e+01   8.3833230e+00   1.0125345e+01   5.5883293e+00   1.0932881e+01   6.2574668e+00   1.0746645e+01   6.0904084e+00   1.0793807e+01   6.1314170e+00   3.0907316e+00   1.1684808e+01   8.5038398e+00   4.4845688e+00   1.1245540e+01   6.5633748e+00   3.3352943e+00   1.1600347e+01
   5.9746762e+00   2.9995605e+00   1.1719174e+01   7.1527316e+00   3.6706234e+00   1.1492841e+01   8.7088764e+00   4.6105124e+00   1.1211890e+01   6.5226895e+00   1.0674747e+01   9.2437647e+00   9.8423609e+00   5.3753339e+00   1.0995628e+01   6.3102439e+00   3.1885494e+00   1.1650614e+01   7.0487615e+00   1.0525177e+01   9.3181454e+00   5.0096868e+00   2.4626571e+00   1.1947289e+01   7.7894610e+00   4.0452170e+00   1.1377941e+01   6.7008905e+00   1.0624950e+01   9.2696117e+00   9.8329014e+00   5.3685174e+00
   6.2192584e+00   3.1340625e+00   1.1671137e+01   8.5356857e+00   4.4978194e+00   1.1245437e+01   8.9081610e+00   4.7352104e+00   1.1177670e+01   6.4831670e+00   1.0687842e+01   6.0317802e+00   1.0814296e+01   6.1411987e+00   3.0900921e+00   1.1687179e+01   8.5175816e+00   1.0088696e+01   9.5201802e+00   5.1440312e+00   1.1062431e+01   6.3690830e+00   3.2186315e+00   1.1641533e+01   8.5688365e+00   1.0072096e+01   5.5409108e+00   1.0950657e+01   6.2646205e+00   3.1596425e+00   1.1662818e+01   7.0575273e+00
   1.0205648e+01   5.6385862e+00   2.8056323e+00   1.1793634e+01   8.3825437e+00   4.3992193e+00   1.1275431e+01   8.8918023e+00   9.9694797e+00   5.4607729e+00   2.7065881e+00   1.1834389e+01   7.3459208e+00   3.7767253e+00   1.1462101e+01   6.7876634e+00   1.0604922e+01   9.2872767e+00   4.9818090e+00   2.4411953e+00   1.1956198e+01   7.7640789e+00   4.0237107e+00   1.1387601e+01   6.7005714e+00   1.0629883e+01   9.2751291e+00   4.9734149e+00   2.4366850e+00   1.1957578e+01   7.7949686e+00   4.0418081e+00
   9.4731209e+00   9.7685542e+00   9.6566970e+00   9.6997776e+00   5.2629509e+00   2.5936051e+00   1.1882363e+01   8.2330039e+00   1.0183231e+01   5.6174785e+00   2.7908121e+00   1.1799015e+01   7.2678462e+00   3.7280223e+00   1.1479245e+01   6.8018738e+00   1.0603806e+01   9.2921332e+00   4.9813263e+00   1.1112217e+01   6.4078934e+00   1.0714442e+01   6.0452844e+00   3.0299944e+00   1.1709859e+01   8.5053535e+00   1.0097807e+01   5.5529172e+00   2.7548042e+00   1.1815118e+01   7.2953794e+00   3.7439944e+00
   1.1964356e+01   7.9712088e+00   1.0266352e+01   9.4536756e+00   5.0878864e+00   1.1084404e+01   6.3759820e+00   3.2132902e+00   1.1647090e+01   7.0128536e+00   3.5771722e+00   1.1527866e+01   6.8553280e+00   1.0591147e+01   5.9372921e+00   1.0847730e+01   9.1686404e+00   4.8955673e+00   1.1138475e+01   6.4287293e+00   1.0710956e+01   6.0380661e+00   3.0228647e+00   1.1713426e+01   7.1115308e+00   1.0518083e+01   9.3375733e+00   5.0088760e+00   2.4500816e+00   1.1950194e+01   8.0516293e+00   1.0242048e+01
   1.1679966e+01   8.5561946e+00   1.0087509e+01   5.5375903e+00   2.7400473e+00   1.1820002e+01   7.2878274e+00   1.0469404e+01   5.8342820e+00   2.9056713e+00   1.1757240e+01   7.1735620e+00   1.0503002e+01   5.8610235e+00   2.9205297e+00   1.1751882e+01   8.4698273e+00   4.4435214e+00   1.1269310e+01   6.5564456e+00   1.0677637e+01   9.2628808e+00   4.9549956e+00   2.4173006e+00   1.1965819e+01   8.0008053e+00   1.0260155e+01   9.4600547e+00   5.0887753e+00   1.1086170e+01   6.3729861e+00   1.0728939e+01
   9.2685738e+00   9.8519686e+00   5.3604828e+00   1.1011299e+01   6.2981890e+00   1.0751101e+01   9.2281622e+00   4.9282874e+00   2.3997178e+00   1.1973270e+01   7.7244925e+00   3.9871924e+00   1.1404304e+01   6.6980600e+00   1.0640010e+01   5.9700493e+00   1.0842395e+01   6.1444622e+00   1.0793734e+01   9.2055808e+00   4.9132838e+00   2.3913964e+00   1.1978128e+01   7.9512948e+00   4.1228533e+00   1.1364261e+01   8.8481928e+00   9.9953177e+00   9.5763946e+00   5.1654067e+00   1.1065851e+01   6.3493604e+00
   9.2577317e+00   4.9449063e+00   2.4056390e+00   1.1968338e+01   8.0413185e+00   1.0253033e+01   5.6558216e+00   2.7997655e+00   1.1798427e+01   7.2265877e+00   3.6915169e+00   1.1496068e+01   6.7984503e+00   1.0614509e+01   9.3025751e+00   4.9745408e+00   2.4221932e+00   1.1960868e+01   7.6284846e+00   1.0376005e+01   9.4157965e+00   5.0511573e+00   1.1100156e+01   6.3772373e+00   3.2049077e+00   1.1652983e+01   8.5997768e+00   4.5186460e+00   1.1250948e+01   6.5273100e+00   1.0690008e+01   6.0081192e+00
   1.0406059e+01   5.7716144e+00   1.0902562e+01   6.1887814e+00   3.0953145e+00   1.1691421e+01   8.5655291e+00   1.0092920e+01   5.5306055e+00   1.0969293e+01   6.2491462e+00   3.1294211e+00   1.1679558e+01   7.0305920e+00   3.5748825e+00   1.1532647e+01   8.7211736e+00   4.5918704e+00   1.1232020e+01   6.5030261e+00   1.0699661e+01   6.0118567e+00   2.9958601e+00   1.1726304e+01   7.1000223e+00   1.0531600e+01   5.8721912e+00   2.9176343e+00   1.1754732e+01   7.1444956e+00   1.0518827e+01   5.8618841e+00
   9.4711914e+00   5.0821493e+00   2.4754072e+00   1.1934656e+01   7.5001972e+00   1.0418962e+01   5.7775185e+00   2.8617069e+00   1.1776127e+01   7.1707906e+00   3.6528163e+00   1.1510619e+01   8.7474788e+00   4.6051989e+00   1.1230308e+01   6.4958400e+00   1.0703853e+01   6.0111210e+00   2.9924234e+00   1.1727973e+01   8.5311051e+00   1.0107412e+01   5.5371031e+00   2.7276596e+00   1.1826876e+01   8.3999002e+00   1.0148688e+01   5.5682437e+00   2.7449232e+00   1.1819754e+01   7.2480316e+00   3.6975816e+00
   4.2973326e+00   1.1319900e+01   6.5842763e+00   1.0680980e+01   5.9884164e+00   1.0846345e+01   6.1307381e+00   3.0565149e+00   1.1706690e+01   7.0553519e+00   3.5827601e+00   1.1533233e+01   8.7333364e+00   4.5929161e+00   1.1235728e+01   8.9606989e+00   9.9698783e+00   9.6008182e+00   9.7444114e+00   9.6899887e+00   5.2305015e+00   2.5545251e+00   1.1899149e+01   8.2889481e+00   1.0185730e+01   9.5106668e+00   5.1057940e+00   2.4855308e+00   1.1929775e+01   7.4713612e+00   3.8249957e+00   1.1459740e+01
   2.3198380e+00   1.2010170e+01   7.9057834e+00   4.0796092e+00   1.1385592e+01   8.8593893e+00   4.6699443e+00   1.1214627e+01   8.9791618e+00   9.9671232e+00   9.6049717e+00   9.7455639e+00   5.2665729e+00   2.5713737e+00   1.1891346e+01   7.3681903e+00   3.7614344e+00   1.1480529e+01   8.7847806e+00   1.0030792e+01   9.5792567e+00   9.7556160e+00   5.2734242e+00   2.5751511e+00   1.1889706e+01   8.3170393e+00   4.3295457e+00   1.1311594e+01   6.5708579e+00   1.0687382e+01   5.9893901e+00   1.0848702e+01
   1.2015485e+01   7.8850302e+00   4.0639396e+00   1.1391396e+01   8.8600733e+00   1.0009713e+01   5.4534344e+00   1.0998312e+01   9.1176760e+00   4.8346482e+00   2.3296276e+00   1.2002073e+01   8.0153806e+00   1.0274109e+01   5.6531103e+00   1.0943857e+01   9.1486910e+00   9.9122944e+00   9.6308574e+00   9.7396418e+00   5.2584006e+00   1.1052506e+01   6.3088105e+00   1.0761960e+01   9.2468900e+00   9.8783749e+00   9.6440949e+00   9.7343331e+00   9.6999467e+00   9.7129135e+00   5.2400504e+00   2.5535640e+00
   1.0914117e+01   9.1696929e+00   9.9080288e+00   9.6359405e+00   5.1821115e+00   1.1076143e+01   9.0762300e+00   4.8042009e+00   2.3098288e+00   1.2013129e+01   7.7305050e+00   1.0362341e+01   5.7171695e+00   1.0928666e+01   9.1620762e+00   9.9103011e+00   5.3775111e+00   1.1022308e+01   6.2755942e+00   3.1289025e+00   1.1683917e+01   8.6090908e+00   1.0093407e+01   9.5602903e+00   5.1295847e+00   2.4894242e+00   1.1926741e+01   8.2694582e+00   1.0200218e+01   9.5151847e+00   5.0986275e+00   2.4723369e+00
   9.0275327e+00   4.7690413e+00   2.2874062e+00   1.2022979e+01   7.9536908e+00   1.0298387e+01   9.4759052e+00   9.8030842e+00   9.6803376e+00   5.2098063e+00   2.5307393e+00   1.1907866e+01   8.3170034e+00   1.0187693e+01   9.5240381e+00   5.1010186e+00   2.4705391e+00   1.1934791e+01   8.2654035e+00   1.0204225e+01   9.5170667e+00   5.0963950e+00   2.4680455e+00   1.1936432e+01   8.2633456e+00   4.2866817e+00   1.1330102e+01   6.5742016e+00   1.0693085e+01   5.9822924e+00   1.0857083e+01   6.1227445e+00
   6.4435200e+00   3.2175631e+00   1.1656721e+01   6.9513427e+00   3.5072492e+00   1.1563809e+01   6.8329811e+00   1.0623495e+01   9.3285336e+00   4.9650121e+00   2.3924467e+00   1.1969291e+01   8.1983275e+00   4.2436429e+00   1.1344393e+01   6.5838820e+00   3.2972158e+00   1.1629672e+01   6.9171268e+00   3.4875174e+00   1.1570674e+01   8.7315988e+00   4.5752122e+00   1.1249523e+01   6.4862388e+00   1.0721001e+01   6.0006923e+00   2.9680958e+00   1.1740551e+01   7.0698368e+00   3.5757370e+00   1.1542177e+01
   2.6621523e+00   1.1855355e+01   8.4244135e+00   4.3792602e+00   1.1307075e+01   8.9412521e+00   9.9938752e+00   9.6113964e+00   9.7596250e+00   9.7038207e+00   9.7251695e+00   9.7170847e+00   5.2282404e+00   1.1068824e+01   9.0939218e+00   4.8055097e+00   2.3014591e+00   1.2014207e+01   7.6469572e+00   1.0394722e+01   9.4405618e+00   5.0371086e+00   2.4291162e+00   1.1952232e+01   7.4504347e+00   1.0451394e+01   5.7760600e+00   1.0918923e+01   6.1682422e+00   1.0811171e+01   6.0736884e+00   1.0837061e+01
   9.3060611e+00   4.9429480e+00   2.3741465e+00   1.1977047e+01   7.5029653e+00   1.0438165e+01   9.4240028e+00   5.0223922e+00   1.1128197e+01   9.0627482e+00   9.9569575e+00   9.6295590e+00   9.7557065e+00   9.7077525e+00   9.7260512e+00   9.7194212e+00   9.7221966e+00   9.7213279e+00   9.7217721e+00   9.7216463e+00   9.7216655e+00   9.7215578e+00   9.7214264e+00   5.2280477e+00   1.1071635e+01   9.0971069e+00   9.9447486e+00   5.3879381e+00   2.6203768e+00   1.1871652e+01   8.4085225e+00   1.0167696e+01
   1.1869468e+01   7.2531837e+00   1.0512367e+01   9.3935318e+00   4.9982897e+00   1.1136999e+01   6.3611838e+00   1.0762009e+01   6.0236138e+00   1.0855475e+01   9.2231949e+00   4.8839954e+00   1.1169018e+01   6.3915115e+00   1.0754218e+01   9.2760310e+00   9.8864648e+00   9.6612196e+00   9.7477328e+00   5.2426187e+00   1.1068698e+01   9.1028192e+00   4.8045471e+00   2.2948901e+00   1.2015026e+01   8.1175072e+00   1.0260157e+01   9.5073442e+00   5.0755880e+00   1.1116084e+01   6.3407907e+00   1.0767426e+01
   9.7783760e+00   9.7063828e+00   5.2103352e+00   1.1080739e+01   6.3029757e+00   1.0781024e+01   6.0350524e+00   2.9750905e+00   1.1742430e+01   8.5893742e+00   1.0117396e+01   9.5710139e+00   5.1161160e+00   2.4638578e+00   1.1937082e+01   8.3222113e+00   4.3065009e+00   1.1332417e+01   8.9385837e+00   4.6943765e+00   2.2312763e+00   1.2047315e+01   7.7422874e+00   3.9562949e+00   1.1434329e+01   8.8651404e+00   1.0028611e+01   9.6071697e+00   5.1412388e+00   2.4777844e+00   1.1931297e+01   8.3330428e+00
   1.1428574e+01   8.8746529e+00   4.6499858e+00   2.2039366e+00   1.2060890e+01   7.8336624e+00   4.0078266e+00   1.1420584e+01   8.8804626e+00   4.6536972e+00   2.2057733e+00   1.2059636e+01   7.9284691e+00   4.0641873e+00   1.1404890e+01   8.8927548e+00   4.6614181e+00   2.2101691e+00   1.2056912e+01   7.9577069e+00   4.0819186e+00   1.1399928e+01   8.8964717e+00   4.6637511e+00   2.2115084e+00   1.2055951e+01   7.7752057e+00   3.9729251e+00   1.1431612e+01   8.8728090e+00   4.6485412e+00   1.1238579e+01
   1.0742117e+01   9.2937010e+00   4.9209186e+00   1.1164428e+01   6.3734478e+00   3.1594492e+00   1.1682894e+01   8.6651448e+00   1.0098852e+01   9.5858274e+00   5.1191765e+00   2.4593676e+00   1.1938729e+01   8.3414754e+00   4.3118207e+00   1.1334563e+01   8.9471302e+00   4.6932915e+00   2.2245749e+00   1.2048042e+01   7.6822479e+00   3.9144955e+00   1.1450323e+01   8.8640868e+00   4.6396442e+00   2.1952753e+00   1.2063485e+01   7.7970225e+00   3.9824152e+00   1.1429697e+01   8.8786175e+00   4.6494018e+00
   1.2042297e+01   7.6298424e+00   3.8804383e+00   1.1461139e+01   6.6738838e+00   3.3266591e+00   1.1630205e+01   8.7212309e+00   1.0083754e+01   5.4714444e+00   2.6513872e+00   1.1861501e+01   8.4691453e+00   1.0163659e+01   5.5306721e+00   2.6844757e+00   1.1849382e+01   7.1827158e+00   1.0542705e+01   5.8255050e+00   2.8486135e+00   1.1789452e+01   7.0885454e+00   1.0569684e+01   5.8472002e+00   2.8606939e+00   1.1785147e+01   7.0821820e+00   1.0571542e+01   5.8486698e+00   2.8615228e+00   1.1784803e+01
   2.9091105e+00   1.1768907e+01   8.5894529e+00   4.4594413e+00   1.1297472e+01   8.9830485e+00   4.7096555e+00   2.2276309e+00   1.2044964e+01   7.6181058e+00   1.0421373e+01   9.4544785e+00   5.0220768e+00   2.3996902e+00   1.1964191e+01   8.3177527e+00   1.0213199e+01   5.5645658e+00   2.7001191e+00   1.1844055e+01   7.1656754e+00   3.6060458e+00   1.1544479e+01   6.7629421e+00   3.3744003e+00   1.1615521e+01   8.7391874e+00   4.5537119e+00   1.1270040e+01   9.0007450e+00   4.7209357e+00   2.2339159e+00
   5.4171485e+00   1.1033542e+01   6.2375343e+00   3.0735174e+00   1.1714395e+01   8.6538923e+00   4.4962550e+00   1.1288989e+01   8.9932994e+00   4.7132487e+00   1.1228423e+01   6.4206747e+00   1.0759298e+01   5.9966259e+00   1.0876513e+01   9.2367794e+00   4.8725750e+00   2.3140964e+00   1.2001185e+01   7.4691781e+00   1.0466776e+01   9.4373090e+00   5.0072197e+00   2.3883374e+00   1.1968145e+01   8.3203573e+00   4.2891124e+00   1.1346049e+01   8.9540793e+00   4.6876729e+00   2.2124272e+00   1.2051381e+01
   1.1904817e+01   8.4352343e+00   1.0182432e+01   5.5339172e+00   2.6769447e+00   1.1853689e+01   7.1649541e+00   3.5993619e+00   1.1549965e+01   8.8076628e+00   4.5904191e+00   2.1560223e+00   1.2078352e+01   7.7410570e+00   3.9367003e+00   1.1450426e+01   6.6446245e+00   1.0700230e+01   5.9427209e+00   2.9049672e+00   1.1771914e+01   7.0412643e+00   1.0590560e+01   9.3838541e+00   4.9673508e+00   2.3634862e+00   1.1979523e+01   8.3118563e+00   1.0220530e+01   5.5626015e+00   2.6929240e+00   1.1847273e+01
   3.8265946e+00   1.1483354e+01   6.6766334e+00   1.0694516e+01   9.3375788e+00   9.8898004e+00   5.3154576e+00   1.1066429e+01   6.2580247e+00   1.0809401e+01   6.0300754e+00   2.9507991e+00   1.1757434e+01   8.6231267e+00   4.4707609e+00   1.1299731e+01   8.9961019e+00   4.7080229e+00   2.2176510e+00   1.2045667e+01   7.5686747e+00   1.0443281e+01   5.7304778e+00   1.0953511e+01   9.2032223e+00   9.9361979e+00   9.6683610e+00   9.7704647e+00   5.2306367e+00   2.5057934e+00   1.1919082e+01   8.4221553e+00
   9.3723146e+00   4.9528044e+00   2.3493325e+00   1.1985476e+01   8.3243216e+00   4.2819478e+00   1.1354865e+01   6.5332656e+00   3.2314001e+00   1.1665597e+01   8.7190298e+00   4.5276547e+00   2.1153832e+00   1.2099452e+01   7.8273570e+00   3.9817743e+00   1.1439505e+01   6.6236222e+00   3.2827549e+00   1.1649806e+01   6.8658490e+00   1.0644275e+01   9.3656094e+00   4.9482334e+00   1.1169359e+01   9.0831486e+00   4.7616669e+00   2.2440073e+00   1.2033320e+01   7.5108473e+00   3.7944990e+00   1.1493701e+01
   4.0480460e+00   1.1423183e+01   8.9210858e+00   1.0036712e+01   9.6347753e+00   5.1286828e+00   2.4434114e+00   1.1945377e+01   7.2991237e+00   3.6676264e+00   1.1533803e+01   6.7215251e+00   3.3354942e+00   1.1634570e+01   8.7530733e+00   4.5458606e+00   2.1225822e+00   1.2094096e+01   8.0282136e+00   1.0314141e+01   5.6225945e+00   1.0986410e+01   9.1934984e+00   9.9452980e+00   5.3482227e+00   1.1061067e+01   6.2444716e+00   1.0817917e+01   9.2836314e+00   4.8900604e+00   2.3116276e+00   1.2000110e+01
   4.7204765e+00   2.2154682e+00   1.2044100e+01   8.2209377e+00   1.0258572e+01   5.5766563e+00   1.1001897e+01   6.1855983e+00   1.0835345e+01   9.2777619e+00   4.8827714e+00   2.3048171e+00   1.2004538e+01   8.3113244e+00   1.0231798e+01   5.5559255e+00   1.1006584e+01   6.1908374e+00   3.0318661e+00   1.1733269e+01   8.6680782e+00   4.4890383e+00   2.0882835e+00   1.2110414e+01   7.9087662e+00   4.0239950e+00   1.1431585e+01   8.9200815e+00   1.0039968e+01   5.4133107e+00   1.1046110e+01   9.1642998e+00
   2.8179261e+00   1.1806270e+01   8.5990355e+00   1.0145527e+01   5.4874404e+00   1.1027347e+01   6.2051080e+00   1.0833322e+01   9.2837052e+00   4.8833232e+00   2.3017966e+00   1.2005358e+01   7.4015772e+00   1.0501328e+01   5.7605118e+00   1.0953623e+01   9.2200775e+00   4.8410934e+00   2.2785806e+00   1.2015815e+01   8.3009783e+00   4.2579695e+00   1.1366564e+01   8.9706241e+00   4.6780423e+00   2.1891028e+00   1.2057838e+01   8.2049837e+00   4.1994089e+00   1.1383277e+01   6.5476890e+00   1.0739354e+01
   1.2018331e+01   8.3073328e+00   1.0238443e+01   5.5536347e+00   2.6696269e+00   1.1859766e+01   7.1266442e+00   3.5584889e+00   1.1571286e+01   8.8246484e+00   4.5813416e+00   2.1327926e+00   1.2084982e+01   7.6083051e+00   1.0444910e+01   5.7122394e+00   1.0968879e+01   9.2159266e+00   4.8349602e+00   2.2721679e+00   1.2018037e+01   7.4193576e+00   1.0498376e+01   5.7549617e+00   2.7817128e+00   1.1819546e+01   8.5916781e+00   4.4343445e+00   1.1319252e+01   9.0073096e+00   1.0017113e+01   5.3892829e+00
   2.6607298e+00   1.1863537e+01   7.1249115e+00   3.5542421e+00   1.1573824e+01   8.8280428e+00   4.5802341e+00   2.1291118e+00   1.2085209e+01   7.5916610e+00   1.0451724e+01   5.7142026e+00   1.0971092e+01   9.2187115e+00   9.9490897e+00   5.3363600e+00   2.5459793e+00   1.1906071e+01   7.1928201e+00   1.0564997e+01   9.4218335e+00   4.9690538e+00   2.3431037e+00   1.1987093e+01   7.3409902e+00   1.0523048e+01   9.4405768e+00   4.9820618e+00   2.3501947e+00   1.1982432e+01   8.3804545e+00   4.3004286e+00
   1.2132934e+01   7.8326371e+00   1.0384736e+01   5.6580818e+00   2.7215906e+00   1.1842128e+01   8.5809399e+00   4.4212632e+00   2.0389179e+00   1.2131098e+01   7.8315723e+00   1.0385326e+01   5.6581829e+00   2.7217334e+00   1.1841611e+01   8.5811564e+00   4.4211210e+00   2.0389981e+00   1.2132771e+01   7.8310923e+00   1.0385592e+01   5.6584613e+00   2.7218526e+00   1.1842404e+01   8.5807535e+00   4.4213386e+00   2.0388743e+00   1.2132097e+01   7.9359469e+00   1.0354062e+01   5.6346080e+00   2.7085100e+00
   1.0358848e+01   5.6343750e+00   1.0997144e+01   9.2133106e+00   4.8230349e+00   1.1216393e+01   9.0860783e+00   4.7394937e+00   1.1240460e+01   9.0716322e+00   4.7304820e+00   2.2055736e+00   1.2046804e+01   7.4511570e+00   1.0497233e+01   5.7421933e+00   1.0967664e+01   6.1338256e+00   1.0861883e+01   9.2851267e+00   4.8706051e+00   2.2826730e+00   1.2011966e+01   8.3529078e+00   1.0232217e+01   5.5379524e+00   2.6518709e+00   1.1867866e+01   8.5587530e+00   4.4042199e+00   2.0265422e+00   1.2138185e+01
   8.5914159e+00   4.4214070e+00   2.0328770e+00   1.2132911e+01   7.7310826e+00   3.8991023e+00   1.1477536e+01   6.6210748e+00   3.2566678e+00   1.1668465e+01   8.7660089e+00   4.5308971e+00   2.0931081e+00   1.2100167e+01   8.1668731e+00   1.0291035e+01   5.5787342e+00   2.6715080e+00   1.1861210e+01   8.5739987e+00   4.4103446e+00   1.1333039e+01   6.4717383e+00   3.1718071e+00   1.1694767e+01   6.8721273e+00   1.0661693e+01   9.3875520e+00   9.8999755e+00   5.2901399e+00   1.1091615e+01   6.2410948e+00
   1.0326777e+01   5.6017698e+00   2.6811269e+00   1.1858944e+01   7.0874646e+00   3.5201542e+00   1.1589673e+01   8.8375358e+00   1.0086938e+01   5.4222433e+00   1.1058172e+01   9.1877520e+00   9.9709594e+00   9.6879397e+00   5.1372028e+00   1.1136069e+01   6.2770200e+00   3.0588372e+00   1.1731058e+01   8.7148113e+00   4.4953479e+00   2.0703887e+00   1.2109967e+01   8.1521876e+00   1.0298718e+01   9.5540932e+00   5.0452018e+00   1.1160395e+01   9.1289398e+00   4.7609905e+00   2.2162878e+00   1.2041390e+01
   2.1606818e+00   1.2065016e+01   7.4599764e+00   3.7332101e+00   1.1528005e+01   8.8903863e+00   4.6034730e+00   1.1283742e+01   9.0583962e+00   1.0017877e+01   9.6724828e+00   5.1233134e+00   2.4130837e+00   1.1957314e+01   8.4668505e+00   1.0205711e+01   9.5968337e+00   9.8317541e+00   5.2346740e+00   1.1110534e+01   9.1621116e+00   4.7792359e+00   2.2233332e+00   1.2037216e+01   7.3933001e+00   1.0521532e+01   5.7492080e+00   1.0972500e+01   9.2391643e+00   9.9570614e+00   5.3242184e+00   2.5241377e+00
   8.5925165e+00   4.4120146e+00   2.0187877e+00   1.2135667e+01   7.6645038e+00   1.0446950e+01   5.6867172e+00   2.7223773e+00   1.1845201e+01   7.0537509e+00   1.0618987e+01   9.4193302e+00   9.8982094e+00   9.7223256e+00   9.7887143e+00   5.2008215e+00   2.4527677e+00   1.1942550e+01   7.2055586e+00   3.5821154e+00   1.1574643e+01   6.7119907e+00   3.2989753e+00   1.1659165e+01   6.8106047e+00   3.3552249e+00   1.1641791e+01   6.7902167e+00   1.0691526e+01   5.8828092e+00   2.8316057e+00   1.1808423e+01
   1.9650846e+00   1.2163550e+01   7.9652140e+00   1.0362338e+01   9.5378725e+00   5.0236843e+00   2.3518870e+00   1.1983478e+01   8.4498183e+00   4.3200885e+00   1.9654426e+00   1.2163195e+01   7.8116422e+00   1.0406954e+01   9.5181666e+00   5.0104465e+00   1.1175417e+01   6.3008809e+00   3.0630971e+00   1.1733117e+01   8.7314298e+00   4.4960777e+00   1.1316987e+01   6.4357771e+00   3.1392686e+00   1.1709388e+01   8.7530777e+00   1.0122010e+01   5.4373436e+00   1.1061164e+01   6.1951049e+00   1.0856352e+01
   6.4999607e+00   3.1723121e+00   1.1700789e+01   6.8493416e+00   3.3709010e+00   1.1639442e+01   6.7762424e+00   1.0700726e+01   9.3885000e+00   9.9151588e+00   9.7226542e+00   9.7948790e+00   5.1982590e+00   2.4451974e+00   1.1946336e+01   7.1946992e+00   1.0584918e+01   9.4427522e+00   4.9554423e+00   2.3113881e+00   1.1999993e+01   8.4346795e+00   4.3075418e+00   1.1370967e+01   9.0160285e+00   1.0040480e+01   9.6738801e+00   5.1136110e+00   2.3985186e+00   1.1964845e+01   7.2250258e+00   1.0576253e+01
   2.8143844e+00   1.1816795e+01   6.9925066e+00   1.0643596e+01   5.8313047e+00   1.0959101e+01   9.2626602e+00   4.8318946e+00   1.1228465e+01   6.3412795e+00   1.0820522e+01   9.3329399e+00   4.8785593e+00   2.2660721e+00   1.2018813e+01   8.4155698e+00   4.2925352e+00   1.9442608e+00   1.2171661e+01   7.9946276e+00   1.0358752e+01   9.5459193e+00   9.8618610e+00   5.2421808e+00   1.1118030e+01   6.2379864e+00   3.0214881e+00   1.1749603e+01   8.7300119e+00   1.0135654e+01   5.4394791e+00   2.5758746e+00
   8.5022277e+00   1.0209266e+01   9.6123118e+00   5.0641958e+00   2.3653419e+00   1.1978384e+01   8.4830295e+00   1.0215203e+01   9.6098216e+00   9.8423675e+00   9.7571891e+00   5.1642729e+00   2.4205215e+00   1.1957636e+01   8.5116561e+00   4.3488417e+00   1.1363081e+01   9.0308644e+00   4.6773139e+00   2.1521273e+00   1.2067768e+01   7.4024641e+00   3.6840041e+00   1.1550986e+01   6.6637856e+00   3.2592263e+00   1.1676945e+01   6.8081087e+00   1.0696260e+01   5.8705271e+00   1.0949836e+01   9.2709093e+00
   1.2022154e+01   8.4281592e+00   4.2941752e+00   1.9391223e+00   1.2170807e+01   8.0713865e+00   1.0341717e+01   9.5605129e+00   5.0254011e+00   1.1180315e+01   9.1483313e+00   4.7498214e+00   2.1891859e+00   1.2050429e+01   8.3827549e+00   4.2660032e+00   1.9237906e+00   1.2181276e+01   8.0199345e+00   4.0456471e+00   1.1449006e+01   8.9779592e+00   4.6398494e+00   2.1285293e+00   1.2076984e+01   7.4137242e+00   3.6873033e+00   1.1551156e+01   8.9047820e+00   1.0085351e+01   9.6661129e+00   9.8248970e+00
   9.7306207e+00   9.8053799e+00   9.7771959e+00   5.1716958e+00   1.1143116e+01   6.2477597e+00   1.0853715e+01   5.9932031e+00   2.8749604e+00   1.1800124e+01   8.7011122e+00   4.4603861e+00   2.0272326e+00   1.2124118e+01   7.5182793e+00   3.7453025e+00   1.1535732e+01   8.9211289e+00   4.6000849e+00   1.1297335e+01   9.0821109e+00   1.0030335e+01   9.6913506e+00   9.8193381e+00   9.7720147e+00   9.7900235e+00   9.7831649e+00   5.1757125e+00   1.1141805e+01   9.1749335e+00   9.9996979e+00   5.3296457e+00
   1.0594890e+01   5.7764115e+00   1.0983030e+01   6.0998052e+00   2.9316182e+00   1.1782587e+01   8.7242689e+00   1.0148825e+01   9.6470996e+00   9.8383637e+00   5.2110949e+00   2.4370501e+00   1.1951337e+01   8.5429075e+00   4.3580586e+00   1.1365573e+01   6.4556792e+00   3.1319068e+00   1.1719909e+01   6.8421529e+00   3.3513561e+00   1.1651837e+01   6.7626041e+00   3.3061987e+00   1.1666724e+01   6.7787080e+00   3.3150747e+00   1.1663804e+01   8.8281500e+00   4.5372909e+00   2.0662691e+00   1.2103791e+01
   1.0548206e+01   9.4805162e+00   4.9608891e+00   1.1203589e+01   9.1478019e+00   4.7393937e+00   2.1743362e+00   1.2056943e+01   8.4044970e+00   4.2695117e+00   1.9165757e+00   1.2179923e+01   8.1147071e+00   4.0932132e+00   1.1441486e+01   8.9984599e+00   1.0064007e+01   5.3689104e+00   1.1094299e+01   9.2102856e+00   4.7803998e+00   2.1968120e+00   1.2045564e+01   8.4195402e+00   4.2789967e+00   1.1388839e+01   6.4745254e+00   1.0796714e+01   5.9373138e+00   2.8376099e+00   1.1813950e+01   8.7006312e+00
   1.0161539e+01   5.4371794e+00   1.1078038e+01   6.1754123e+00   2.9678841e+00   1.1772412e+01   8.7449416e+00   4.4783003e+00   2.0279049e+00   1.2120641e+01   7.4699214e+00   1.0525530e+01   9.4954059e+00   4.9668001e+00   1.1204305e+01   9.1516295e+00   4.7389394e+00   2.1708587e+00   1.2057541e+01   8.4121039e+00   4.2711916e+00   1.1393293e+01   9.0349207e+00   1.0054773e+01   9.6916447e+00   9.8282702e+00   9.7784240e+00   5.1614047e+00   1.1151289e+01   9.1820678e+00   4.7586792e+00   1.1259751e+01
   9.6089612e+00   9.8613299e+00   9.7693781e+00   5.1516387e+00   2.3953094e+00   1.1968771e+01   8.5457212e+00   4.3503426e+00   1.9547122e+00   1.2155697e+01   8.2257625e+00   4.1540291e+00   1.8472372e+00   1.2215056e+01   7.8505065e+00   1.0419497e+01   9.5451589e+00   9.8846223e+00   5.2329528e+00   2.4400227e+00   1.1952803e+01   8.5656894e+00   4.3629489e+00   1.9615942e+00   1.2154005e+01   8.2347846e+00   4.1594491e+00   1.8503711e+00   1.2214683e+01   7.8226397e+00   1.0426529e+01   5.6335692e+00
   4.2657544e+00   1.1399002e+01   6.4692236e+00   3.1272417e+00   1.1726430e+01   8.7990958e+00   4.5056538e+00   2.0368108e+00   1.2116509e+01   8.3308297e+00   4.2147384e+00   1.8774856e+00   1.2197260e+01   8.1164722e+00   1.0344165e+01   9.5809036e+00   5.0180604e+00   2.3185497e+00   1.1998823e+01   8.5161743e+00   4.3288808e+00   1.9399926e+00   1.2163370e+01   8.2245947e+00   1.0312673e+01   5.5421708e+00   2.6082652e+00   1.1893726e+01   8.6395376e+00   4.4057549e+00   1.9820016e+00   1.2142513e+01
   1.9041837e+00   1.2180884e+01   8.1919424e+00   4.1271792e+00   1.1438673e+01   9.0196829e+00   4.6428675e+00   2.1092406e+00   1.2082256e+01   8.4005702e+00   4.2543874e+00   1.8961677e+00   1.2184000e+01   8.1791628e+00   4.1193376e+00   1.8222653e+00   1.2226301e+01   7.9534355e+00   3.9837627e+00   1.1478567e+01   8.9927491e+00   1.0077144e+01   5.3642273e+00   2.5065294e+00   1.1929170e+01   8.6076600e+00   4.3820238e+00   1.9662033e+00   1.2149274e+01   7.4999476e+00   1.0524572e+01   5.7013838e+00
   4.7493740e+00   1.1271061e+01   9.1298065e+00   4.7113585e+00   2.1435669e+00   1.2069070e+01   8.4345574e+00   4.2717548e+00   1.9027512e+00   1.2178821e+01   7.5741828e+00   3.7559914e+00   1.1544516e+01   8.9517096e+00   4.5960540e+00   1.1311170e+01   9.1051568e+00   1.0043147e+01   9.7095079e+00   5.0996414e+00   2.3573017e+00   1.1984727e+01   8.5502265e+00   4.3436167e+00   1.1381274e+01   9.0618723e+00   1.0057798e+01   9.7038722e+00   5.0957114e+00   2.3553151e+00   1.1983942e+01   8.5497208e+00
   1.2145066e+01   8.3105365e+00   1.0294683e+01   9.6119436e+00   5.0289142e+00   2.3153784e+00   1.1999219e+01   8.5384622e+00   4.3326570e+00   1.9330320e+00   1.2164178e+01   8.2684084e+00   4.1670356e+00   1.8423631e+00   1.2211775e+01   8.1275476e+00   4.0818294e+00   1.7957014e+00   1.2239070e+01   7.9420355e+00   1.0402855e+01   5.6000244e+00   1.1044307e+01   6.1249247e+00   1.0904753e+01   9.3345489e+00   4.8421287e+00   2.2125696e+00   1.2040284e+01   8.4849060e+00   4.2998825e+00   1.9149766e+00
   1.1246034e+01   6.3026340e+00   3.0209355e+00   1.1764047e+01   8.7901281e+00   4.4867977e+00   1.1344765e+01   6.3979375e+00   3.0746106e+00   1.1746932e+01   6.8280049e+00   1.0717314e+01   5.8438236e+00   2.7639039e+00   1.1844652e+01   8.7153854e+00   4.4400931e+00   1.1358081e+01   9.0855835e+00   4.6756172e+00   2.1180358e+00   1.2078612e+01   8.4372555e+00   4.2672975e+00   1.8941866e+00   1.2180871e+01   8.2373611e+00   4.1450084e+00   1.8272333e+00   1.2217528e+01   8.1237733e+00   4.0761018e+00
   7.8678881e+00   1.0429740e+01   9.5618601e+00   4.9877871e+00   1.1212836e+01   6.2672867e+00   1.0871784e+01   9.3592089e+00   4.8517555e+00   1.1248597e+01   9.1562688e+00   4.7182106e+00   2.1383151e+00   1.2070928e+01   8.4597271e+00   4.2777197e+00   1.8969477e+00   1.2180154e+01   8.2585572e+00   4.1546102e+00   1.8296185e+00   1.2214631e+01   8.1566306e+00   4.0927896e+00   1.7958061e+00   1.2234710e+01   8.0757737e+00   4.0441323e+00   1.7691811e+00   1.2250846e+01   7.9161178e+00   1.0415689e+01
   1.2066958e+01   8.4741134e+00   4.2835793e+00   1.1404968e+01   6.4461808e+00   1.0825672e+01   9.3850442e+00   9.9613544e+00   5.2625665e+00   1.1141263e+01   9.2217336e+00   4.7578081e+00   2.1570374e+00   1.2062889e+01   8.4802238e+00   4.2869025e+00   1.8989418e+00   1.2177738e+01   8.2777748e+00   4.1630864e+00   1.1438114e+01   9.0439965e+00   4.6422091e+00   2.0936110e+00   1.2089416e+01   7.3116686e+00   1.0589962e+01   5.7335865e+00   1.1016476e+01   6.0866979e+00   1.0921946e+01   9.3371727e+00
   1.0742734e+01   5.8522232e+00   1.0987092e+01   6.0569745e+00   2.8738711e+00   1.1812487e+01   8.7642850e+00   4.4607981e+00   1.9909835e+00   1.2133420e+01   8.3787277e+00   4.2214877e+00   1.8599842e+00   1.2196563e+01   8.2470042e+00   4.1411502e+00   1.8162725e+00   1.2219973e+01   8.1813588e+00   4.1013955e+00   1.7945234e+00   1.2231682e+01   8.1395948e+00   4.0762760e+00   1.7806065e+00   1.2239933e+01   8.1070485e+00   4.0567234e+00   1.7699142e+00   1.2244686e+01   8.0770527e+00   1.0374930e+01
   1.7612066e+00   1.2248728e+01   8.0901388e+00   4.0431547e+00   1.7596133e+00   1.2250118e+01   8.0849220e+00   4.0403484e+00   1.7579818e+00   1.2250108e+01   8.0807756e+00   4.0374445e+00   1.7565482e+00   1.2251918e+01   8.0755071e+00   4.0346766e+00   1.7548622e+00   1.2252472e+01   8.0709229e+00   4.0315660e+00   1.7533120e+00   1.2252995e+01   8.0651090e+00   4.0282198e+00   1.7514402e+00   1.2255112e+01   8.0587706e+00   4.0244830e+00   1.7493353e+00   1.2256023e+01   8.0512835e+00   4.0197635e+00
   8.0014375e+00   3.9868873e+00   1.7258079e+00   1.2267562e+01   8.0015697e+00   3.9868165e+00   1.7258495e+00   1.2268096e+01   8.0016415e+00   3.9867169e+00   1.7258755e+00   1.2268388e+01   8.0016529e+00   3.9867820e+00   1.7258861e+00   1.2268440e+01   8.0016041e+00   3.9868638e+00   1.7258811e+00   1.2268254e+01   8.0014951e+00   3.9869168e+00   1.7258606e+00   1.2267834e+01   8.0013259e+00   3.9869409e+00   1.7258247e+00   1.2267182e+01   8.0011770e+00   3.9869361e+00   1.7257732e+00   1.2266508e+01
   3.9595726e+00   1.7079799e+00   1.2276906e+01   7.9613394e+00   3.9596324e+00   1.7080067e+00   1.2275153e+01   7.9609531e+00   3.9597178e+00   1.7079245e+00   1.2276938e+01   7.9613722e+00   3.9596006e+00   1.7079692e+00   1.2277011e+01   7.9613686e+00   3.9596083e+00   1.7080093e+00   1.2275423e+01   7.9609436e+00   3.9597183e+00   1.7079403e+00   1.2276814e+01   7.9613439e+00   3.9596256e+00   1.7079569e+00   1.2277092e+01   7.9613915e+00   3.9595811e+00   1.7080102e+00   1.2275703e+01   7.9610176e+00
   7.9311304e+00   3.9384570e+00   1.6934368e+00   1.2283246e+01   7.9310036e+00   3.9385324e+00   1.6933141e+00   1.2283764e+01   7.9312396e+00   3.9383250e+00   1.6934345e+00   1.2282174e+01   7.9307782e+00   3.9385417e+00   1.6933877e+00   1.2283891e+01   7.9312255e+00   3.9384224e+00   1.6934002e+00   1.2282788e+01   7.9310569e+00   3.9384915e+00   1.6934294e+00   1.2283519e+01   7.9310880e+00   3.9385134e+00   1.6933339e+00   1.2283588e+01   7.9312127e+00   3.9383820e+00   1.6934391e+00   1.2282641e+01
   1.2289563e+01   7.9058653e+00   3.9202720e+00   1.6803822e+00   1.2288530e+01   7.9058499e+00   3.9201995e+00   1.6804763e+00   1.2289353e+01   7.9057624e+00   3.9203017e+00   1.6803542e+00   1.2289023e+01   7.9059223e+00   3.9201267e+00   1.6804745e+00   1.2288990e+01   7.9056226e+00   3.9203135e+00   1.6803979e+00   1.2289370e+01   7.9059578e+00   3.9200987e+00   1.6804630e+00   1.2288474e+01   7.9054610e+00   3.9203076e+00   1.6804319e+00   1.2289571e+01   7.9059565e+00   3.9201772e+00   1.6804420e+00
   1.2293228e+01   7.8836104e+00   3.9037824e+00   1.6685170e+00   1.2294600e+01   7.8835316e+00   3.9039107e+00   1.6684085e+00   1.2293758e+01   7.8836769e+00   3.9037133e+00   1.6685128e+00   1.2294376e+01   7.8834109e+00   3.9039179e+00   1.6684454e+00   1.2294173e+01   7.8837141e+00   3.9037127e+00   1.6685010e+00   1.2294029e+01   7.8832606e+00   3.9039109e+00   1.6684746e+00   1.2294470e+01   7.8837219e+00   3.9037819e+00   1.6684816e+00   1.2293560e+01   7.8833355e+00   3.9038896e+00   1.6684962e+00
   1.6571585e+00   1.2297333e+01   7.8634810e+00   3.8886765e+00   1.6572617e+00   1.2299327e+01   7.8634447e+00   3.8888064e+00   1.6571630e+00   1.2298134e+01   7.8635825e+00   3.8885715e+00   1.6572530e+00   1.2299092e+01   7.8632648e+00   3.8888077e+00   1.6572114e+00   1.2298787e+01   7.8636221e+00   3.8886688e+00   1.6572281e+00   1.2298598e+01   7.8632053e+00   3.8887789e+00   1.6572437e+00   1.2299193e+01   7.8635997e+00   3.8887462e+00   1.6571870e+00   1.2297842e+01   7.8634017e+00   3.8887201e+00
   1.2303329e+01   7.8446508e+00   3.8746525e+00   1.6465137e+00   1.2303304e+01   7.8451174e+00   3.8746146e+00   1.6464585e+00   1.2302334e+01   7.8449402e+00   3.8745542e+00   1.6465374e+00   1.2303647e+01   7.8449644e+00   3.8746726e+00   1.6464483e+00   1.2302313e+01   7.8451092e+00   3.8744790e+00   1.6465189e+00   1.2303327e+01   7.8446496e+00   3.8746523e+00   1.6465139e+00   1.2303306e+01   7.8451172e+00   3.8746149e+00   1.6464582e+00   1.2302330e+01   7.8449409e+00   3.8745537e+00   1.6465374e+00
   3.8612142e+00   1.6361749e+00   1.2306813e+01   7.8276852e+00   3.8611887e+00   1.6362324e+00   1.2307669e+01   7.8277185e+00   3.8613058e+00   1.6361638e+00   1.2306536e+01   7.8279139e+00   3.8611885e+00   1.6361881e+00   1.2307017e+01   7.8276270e+00   3.8612144e+00   1.6362309e+00   1.2307638e+01   7.8277662e+00   3.8613042e+00   1.6361476e+00   1.2306277e+01   7.8279052e+00   3.8611595e+00   1.6361996e+00   1.2307194e+01   7.8275621e+00   3.8612370e+00   1.6362277e+00   1.2307580e+01   7.8278073e+00
   3.8484732e+00   1.6262687e+00   1.2311441e+01   7.8115399e+00   3.8485627e+00   1.6262107e+00   1.2310473e+01   7.8117350e+00   3.8484979e+00   1.6261943e+00   1.2310342e+01   7.8116130e+00   3.8483576e+00   1.6262652e+00   1.2311418e+01   7.8112958e+00   3.8485323e+00   1.6262530e+00   1.2311168e+01   7.8116664e+00   3.8485528e+00   1.6261580e+00   1.2309626e+01   7.8117196e+00   3.8484191e+00   1.6262363e+00   1.2310989e+01   7.8114561e+00   3.8484548e+00   1.6262700e+00   1.2311468e+01   7.8115009e+00
   3.8363351e+00   1.6165616e+00   1.2314564e+01   7.7963717e+00   3.8363355e+00   1.6164847e+00   1.2313360e+01   7.7964252e+00   3.8362536e+00   1.6165370e+00   1.2314169e+01   7.7963097e+00   3.8361155e+00   1.6165868e+00   1.2314965e+01   7.7960257e+00   3.8362690e+00   1.6165923e+00   1.2315050e+01   7.7961906e+00   3.8363402e+00   1.6165534e+00   1.2314435e+01   7.7963894e+00   3.8363290e+00   1.6164703e+00   1.2313136e+01   7.7964191e+00   3.8362355e+00   1.6165467e+00   1.2314325e+01   7.7962799e+00
   1.2318368e+01   7.7815667e+00   3.8244478e+00   1.6071660e+00   1.2318555e+01   7.7813781e+00   3.8245194e+00   1.6071594e+00   1.2318495e+01   7.7815872e+00   3.8245624e+00   1.6071373e+00   1.2318194e+01   7.7817375e+00   3.8245769e+00   1.6071000e+00   1.2317652e+01   7.7818292e+00   3.8245628e+00   1.6070472e+00   1.2316873e+01   7.7818623e+00   3.8245201e+00   1.6070817e+00   1.2317042e+01   7.7818368e+00   3.8244489e+00   1.6071250e+00   1.2317789e+01   7.7817528e+00   3.8243492e+00   1.6071528e+00
   1.5978234e+00   1.2320226e+01   7.7679377e+00   3.8131660e+00   1.5978379e+00   1.2320005e+01   7.7679416e+00   3.8131549e+00   1.5978516e+00   1.2319842e+01   7.7679422e+00   3.8131422e+00   1.5978643e+00   1.2320079e+01   7.7679394e+00   3.8131278e+00   1.5978762e+00   1.2320301e+01   7.7679333e+00   3.8131118e+00   1.5978872e+00   1.2320508e+01   7.7679237e+00   3.8130942e+00   1.5978973e+00   1.2320700e+01   7.7679109e+00   3.8130749e+00   1.5979065e+00   1.2320878e+01   7.7678946e+00   3.8130540e+00
   1.2323782e+01   7.7545802e+00   3.8020842e+00   1.5888533e+00   1.2323273e+01   7.7545904e+00   3.8021179e+00   1.5888243e+00   1.2323307e+01   7.7545815e+00   3.8021421e+00   1.5887930e+00   1.2323799e+01   7.7545531e+00   3.8021569e+00   1.5888266e+00   1.2324213e+01   7.7545055e+00   3.8021623e+00   1.5888552e+00   1.2324547e+01   7.7544385e+00   3.8021582e+00   1.5888787e+00   1.2324803e+01   7.7543523e+00   3.8021448e+00   1.5888971e+00   1.2324979e+01   7.7542465e+00   3.8021218e+00   1.5889104e+00
   1.2328006e+01   7.7413870e+00   3.7913770e+00   1.5800491e+00   1.2328190e+01   7.7414280e+00   3.7912853e+00   1.5800637e+00   1.2327855e+01   7.7416237e+00   3.7912480e+00   1.5800312e+00   1.2327013e+01   7.7417519e+00   3.7913790e+00   1.5799840e+00   1.2326517e+01   7.7417006e+00   3.7914165e+00   1.5799599e+00   1.2327564e+01   7.7415945e+00   3.7914336e+00   1.5800330e+00   1.2328103e+01   7.7412939e+00   3.7913485e+00   1.5800512e+00   1.2328153e+01   7.7415106e+00   3.7912526e+00   1.5800636e+00
   1.5703434e+00   1.2330674e+01   7.7321457e+00   3.7826806e+00   1.5722334e+00   1.2330603e+01   7.7260023e+00   3.7790773e+00   1.5703950e+00   1.2331434e+01   7.7323725e+00   3.7826608e+00   1.5723088e+00   1.2328729e+01   7.7261339e+00   3.7791014e+00   1.5702512e+00   1.2331415e+01   7.7324071e+00   3.7828979e+00   1.5724014e+00   1.2330458e+01   7.7257794e+00   3.7787625e+00   1.5702410e+00   1.2330883e+01   7.7328952e+00   3.7830086e+00   1.5724066e+00   1.2329576e+01   7.7255594e+00   3.7788226e+00
   7.6517761e+00   3.7322706e+00   1.5417911e+00   1.2347386e+01   7.7962497e+00   3.8174759e+00   1.5882414e+00   1.2317976e+01   7.6518871e+00   3.7323102e+00   1.5417734e+00   1.2347384e+01   7.7963718e+00   3.8174753e+00   1.5882001e+00   1.2318435e+01   7.6519558e+00   3.7323294e+00   1.5417448e+00   1.2347178e+01   7.7964376e+00   3.8174464e+00   1.5881435e+00   1.2318690e+01   7.6519828e+00   3.7323286e+00   1.5417335e+00   1.2346771e+01   7.7964460e+00   3.8173887e+00   1.5880714e+00   1.2318741e+01
   3.8472047e+00   1.6014920e+00   1.2307409e+01   7.6001191e+00   3.6988667e+00   1.5206741e+00   1.2357969e+01   7.8524268e+00   3.8472153e+00   1.6014433e+00   1.2308634e+01   7.6003438e+00   3.6989412e+00   1.5206059e+00   1.2358492e+01   7.8522591e+00   3.8473269e+00   1.6014118e+00   1.2309081e+01   7.6004724e+00   3.6990211e+00   1.5206229e+00   1.2357414e+01   7.8520958e+00   3.8472528e+00   1.6014883e+00   1.2307953e+01   7.6002375e+00   3.6989211e+00   1.5206761e+00   1.2357586e+01   7.8524073e+00
   1.6091997e+00   1.2301981e+01   7.5656489e+00   3.6755341e+00   1.5049730e+00   1.2364002e+01   7.8907073e+00   3.8669564e+00   1.6092099e+00   1.2303009e+01   7.5659707e+00   3.6756997e+00   1.5049669e+00   1.2365688e+01   7.8907566e+00   3.8670211e+00   1.6091388e+00   1.2302762e+01   7.5659995e+00   3.6757200e+00   1.5048827e+00   1.2366077e+01   7.8909904e+00   3.8669346e+00   1.6091529e+00   1.2301273e+01   7.5657359e+00   3.6755952e+00   1.5049378e+00   1.2365180e+01   7.8909114e+00   3.8668411e+00
   7.9225598e+00   3.8823790e+00   1.6146745e+00   1.2298504e+01   7.5384411e+00   3.6564717e+00   1.4914899e+00   1.2372205e+01   7.9225541e+00   3.8824873e+00   1.6146379e+00   1.2298385e+01   7.5383273e+00   3.6564039e+00   1.4915009e+00   1.2371929e+01   7.9224686e+00   3.8825572e+00   1.6145806e+00   1.2297942e+01   7.5381395e+00   3.6562994e+00   1.4914921e+00   1.2371319e+01   7.9223032e+00   3.8825886e+00   1.6146030e+00   1.2297171e+01   7.5381167e+00   3.6563576e+00   1.4914635e+00   1.2370370e+01
   3.6396583e+00   1.4792261e+00   1.2376353e+01   7.9496363e+00   3.8956920e+00   1.6188111e+00   1.2294668e+01   7.5147254e+00   3.6394798e+00   1.4793172e+00   1.2377157e+01   7.9499416e+00   3.8956319e+00   1.6187701e+00   1.2294114e+01   7.5149884e+00   3.6396691e+00   1.4792685e+00   1.2376915e+01   7.9497960e+00   3.8956467e+00   1.6188290e+00   1.2294306e+01   7.5145472e+00   3.6394830e+00   1.4792985e+00   1.2376702e+01   7.9498524e+00   3.8956829e+00   1.6187235e+00   1.2294547e+01   7.5149939e+00
   1.2291692e+01   7.4939420e+00   3.6242224e+00   1.4680144e+00   1.2381830e+01   7.9745529e+00   3.9070068e+00   1.6220359e+00   1.2291747e+01   7.4939896e+00   3.6242405e+00   1.4680195e+00   1.2381919e+01   7.9745590e+00   3.9069805e+00   1.6220433e+00   1.2291785e+01   7.4940333e+00   3.6242679e+00   1.4680236e+00   1.2381990e+01   7.9745610e+00   3.9069521e+00   1.6220496e+00   1.2291807e+01   7.4940733e+00   3.6242933e+00   1.4680267e+00   1.2382043e+01   7.9745588e+00   3.9069218e+00   1.6220549e+00
   1.6245105e+00   1.2289182e+01   7.4754560e+00   3.6103126e+00   1.4573903e+00   1.2386290e+01   7.9970143e+00   3.9172984e+00   1.6246351e+00   1.2288569e+01   7.4752802e+00   3.6103538e+00   1.4572903e+00   1.2385028e+01   7.9968768e+00   3.9172566e+00   1.6245324e+00   1.2288353e+01   7.4755808e+00   3.6104262e+00   1.4573726e+00   1.2385823e+01   7.9967417e+00   3.9174126e+00   1.6246029e+00   1.2289220e+01   7.4752314e+00   3.6101831e+00   1.4573594e+00   1.2386115e+01   7.9969359e+00   3.9170954e+00
   3.6133018e+00   1.4560290e+00   1.2382307e+01   8.0668269e+00   3.9557239e+00   1.6425951e+00   1.2277316e+01   7.4404325e+00   3.5868578e+00   1.4415357e+00   1.2392324e+01   7.9463581e+00   3.8842400e+00   1.6034572e+00   1.2296942e+01   7.4861243e+00   3.6134694e+00   1.4559576e+00   1.2384181e+01   8.0666510e+00   3.9558983e+00   1.6425752e+00   1.2279158e+01   7.4399814e+00   3.5867525e+00   1.4415054e+00   1.2394041e+01   7.9466741e+00   3.8839975e+00   1.6035268e+00   1.2298746e+01   7.4859416e+00
   3.8584562e+00   1.5865530e+00   1.2305439e+01   7.4918873e+00   3.6136574e+00   1.4530973e+00   1.2381560e+01   8.1056505e+00   3.9757418e+00   1.6505309e+00   1.2274360e+01   7.4182780e+00   3.5710366e+00   1.4299044e+00   1.2398848e+01   7.8930943e+00   3.8491582e+00   1.5813993e+00   1.2308448e+01   7.4984475e+00   3.6174668e+00   1.4551894e+00   1.2381198e+01   8.1125043e+00   3.9799323e+00   1.6527823e+00   1.2272890e+01   7.4162332e+00   3.5697553e+00   1.4291522e+00   1.2399296e+01   7.9091947e+00
   3.9986122e+00   1.6599390e+00   1.2267165e+01   7.3966728e+00   3.5551406e+00   1.4183158e+00   1.2402064e+01   7.9835370e+00   3.8998887e+00   1.6059417e+00   1.2294755e+01   7.4531112e+00   3.5880890e+00   1.4361453e+00   1.2391375e+01   8.0908666e+00   3.9640806e+00   1.6409633e+00   1.2276745e+01   7.4155712e+00   3.5661775e+00   1.4242522e+00   1.2398022e+01   8.0340130e+00   3.9299321e+00   1.6223831e+00   1.2286188e+01   7.4351570e+00   3.5774807e+00   1.4304752e+00   1.2395305e+01   7.7944788e+00
   3.7372720e+00   1.5143513e+00   1.2341374e+01   7.5584847e+00   3.6461987e+00   1.4648802e+00   1.2369476e+01   7.6504932e+00   3.7000263e+00   1.4941046e+00   1.2351462e+01   7.5922448e+00   3.6659530e+00   1.4756677e+00   1.2364182e+01   8.2231984e+00   4.0401118e+00   1.6796059e+00   1.2257587e+01   7.3663768e+00   3.5343920e+00   1.4040690e+00   1.2409324e+01   7.9508927e+00   3.8773172e+00   1.5906032e+00   1.2301561e+01   7.4563003e+00   3.5867597e+00   1.4325180e+00   1.2391116e+01   7.7371038e+00
   3.9097955e+00   1.6053846e+00   1.2292854e+01   7.4265437e+00   3.5661840e+00   1.4183511e+00   1.2396646e+01   7.7436996e+00   3.7516066e+00   1.5191469e+00   1.2337314e+01   7.5326156e+00   3.6279777e+00   1.4518556e+00   1.2376280e+01   7.6517718e+00   3.6975875e+00   1.4897822e+00   1.2353144e+01   7.5783593e+00   3.6546732e+00   1.4664735e+00   1.2367383e+01   7.6211221e+00   3.6796624e+00   1.4799806e+00   1.2359444e+01   7.5955595e+00   3.6647209e+00   1.4717920e+00   1.2363500e+01   7.6103870e+00
   3.7473957e+00   1.5139200e+00   1.2337907e+01   8.3192043e+00   4.0919607e+00   1.7017447e+00   1.2247936e+01   7.3258218e+00   3.5047657e+00   1.3818647e+00   1.2419463e+01   7.9988035e+00   3.8993113e+00   1.5967469e+00   1.2294835e+01   7.4226815e+00   3.5609102e+00   1.4123663e+00   1.2396979e+01   7.7227513e+00   3.7361200e+00   1.5076908e+00   1.2341635e+01   7.5311699e+00   3.6240113e+00   1.4466596e+00   1.2377023e+01   8.2190250e+00   4.0312650e+00   1.6687484e+00   1.2262841e+01   7.3536780e+00
   3.8399862e+00   1.5612603e+00   1.2312493e+01   7.4472508e+00   3.5721677e+00   1.4154329e+00   1.2393840e+01   7.6791402e+00   3.7073763e+00   1.4892028e+00   1.2350514e+01   8.3058556e+00   4.0805971e+00   1.6924843e+00   1.2249943e+01   7.3230175e+00   3.4999633e+00   1.3762958e+00   1.2418572e+01   8.0509767e+00   3.9272967e+00   1.6089201e+00   1.2288067e+01   8.4263250e+00   4.1539292e+00   1.7325977e+00   1.2234118e+01   7.2915005e+00   3.4819667e+00   1.3663811e+00   1.2425142e+01   7.9323484e+00
   3.4891990e+00   1.3673295e+00   1.2422644e+01   7.8011374e+00   3.7759473e+00   1.5233327e+00   1.2330730e+01   7.4770416e+00   3.5862008e+00   1.4202167e+00   1.2387497e+01   7.6398922e+00   3.6812350e+00   1.4718354e+00   1.2357904e+01   7.5473623e+00   3.6271465e+00   1.4424889e+00   1.2374692e+01   8.2582506e+00   4.0485852e+00   1.6721700e+00   1.2259463e+01   7.3291793e+00   3.5007005e+00   1.3735498e+00   1.2418368e+01   8.0975140e+00   3.9520421e+00   1.6193818e+00   1.2282992e+01   7.3756325e+00
   7.2423939e+00   3.4471946e+00   1.3415683e+00   1.2436158e+01   7.9288372e+00   3.8485641e+00   1.5599669e+00   1.2311306e+01   8.4098555e+00   4.1373468e+00   1.7174804e+00   1.2238527e+01   7.2838929e+00   3.4713099e+00   1.3545922e+00   1.2427539e+01   7.8031695e+00   3.7739158e+00   1.5192618e+00   1.2331368e+01   8.3719324e+00   4.1142793e+00   1.7048361e+00   1.2244280e+01   7.2935279e+00   3.4767436e+00   1.3576145e+00   1.2425837e+01   8.0844088e+00   3.9409394e+00   1.6103313e+00   1.2286886e+01
   9.3864966e+00   1.0062603e+01   5.2135838e+00   1.1226044e+01   9.3162449e+00   4.7051574e+00   2.0253364e+00   1.2120809e+01   8.6745872e+00   4.2969993e+00   1.8016923e+00   1.2204885e+01   8.5766864e+00   4.2362503e+00   1.7686147e+00   1.2218583e+01   7.2389634e+00   3.4422097e+00   1.3358015e+00   1.2437425e+01   7.8421790e+00   3.7936895e+00   1.5271421e+00   1.2325405e+01   8.3928942e+00   4.1239284e+00   1.1509172e+01   6.3890146e+00   2.9588010e+00   1.1829293e+01   6.7204808e+00   3.1460236e+00
   1.2118646e+01   8.6856679e+00   4.3005579e+00   1.8006104e+00   1.2206113e+01   8.5837775e+00   4.2377815e+00   1.7663168e+00   1.2219258e+01   8.5667378e+00   4.2270263e+00   1.7603453e+00   1.2221738e+01   7.2358689e+00   3.4373301e+00   1.3301131e+00   1.2437913e+01   7.8020721e+00   1.0541644e+01   5.5631684e+00   1.1136613e+01   9.3663629e+00   1.0072318e+01   9.8252393e+00   9.9148134e+00   5.1062646e+00   2.2424956e+00   1.2049146e+01   8.7564227e+00   4.3443871e+00   1.8246836e+00   1.2195955e+01
   6.7528226e+00   1.0829220e+01   9.5182892e+00   1.0023816e+01   5.1795080e+00   1.1238466e+01   9.3177179e+00   1.0091122e+01   5.2267465e+00   2.3059724e+00   1.2028504e+01   8.7810505e+00   4.3568102e+00   1.8283823e+00   1.2195533e+01   7.1845813e+00   3.4046079e+00   1.3093571e+00   1.2449751e+01   8.0260796e+00   3.8967710e+00   1.5771054e+00   1.2299330e+01   7.3685430e+00   3.5107329e+00   1.3670656e+00   1.2410012e+01   8.2195922e+00   4.0126414e+00   1.1543058e+01   9.1436014e+00   4.5863653e+00
   1.0185716e+01   9.7889087e+00   5.0117038e+00   2.1843939e+00   1.2069201e+01   8.7486692e+00   4.3333924e+00   1.1460633e+01   6.3278809e+00   2.9152447e+00   1.1846233e+01   8.9412154e+00   4.4540910e+00   1.8784226e+00   1.2175476e+01   7.1479201e+00   3.3803807e+00   1.2932321e+00   1.2458712e+01   7.8969811e+00   3.8167441e+00   1.5304988e+00   1.2321488e+01   7.4006392e+00   3.5263890e+00   1.3724347e+00   1.2405420e+01   8.2545493e+00   4.0303798e+00   1.6470138e+00   1.2268842e+01   7.2995462e+00
   3.5880741e+00   1.4031537e+00   1.2384850e+01   8.3196002e+00   1.0402762e+01   9.7071979e+00   4.9523166e+00   2.1487863e+00   1.2082249e+01   7.0060753e+00   3.2960157e+00   1.1740404e+01   9.0231083e+00   1.0190612e+01   5.2913324e+00   2.3353938e+00   1.2021833e+01   6.9266284e+00   1.0786771e+01   5.7431095e+00   1.1097246e+01   5.9979581e+00   2.7276128e+00   1.1901868e+01   8.9027483e+00   4.4264990e+00   1.8604249e+00   1.2182805e+01   7.1510953e+00   3.3790625e+00   1.2895211e+00   1.2455797e+01
   4.5934547e+00   1.9488084e+00   1.2151273e+01   7.0962426e+00   3.3446520e+00   1.2676808e+00   1.2470114e+01   7.9107331e+00   3.8185244e+00   1.5254816e+00   1.2320368e+01   8.4538740e+00   4.1449721e+00   1.7035174e+00   1.2244707e+01   7.2405688e+00   3.4273629e+00   1.3127854e+00   1.2436744e+01   8.1873617e+00   1.0443343e+01   5.4735537e+00   1.1168457e+01   6.0557461e+00   2.7567002e+00   1.1894669e+01   6.7675332e+00   3.1571582e+00   1.1780414e+01   6.6401745e+00   3.0850369e+00   1.1800912e+01
   1.1672796e+01   9.0789364e+00   4.5320965e+00   1.9121494e+00   1.2165348e+01   7.1087114e+00   3.3488456e+00   1.2669867e+00   1.2466979e+01   7.8106669e+00   1.0552603e+01   5.5523454e+00   2.4738051e+00   1.1980333e+01   8.8485831e+00   4.3860591e+00   1.8321892e+00   1.2194642e+01   7.1524755e+00   3.3740255e+00   1.2806158e+00   1.2456144e+01   8.1330184e+00   3.9475613e+00   1.1567669e+01   9.1464142e+00   4.5751115e+00   1.9357048e+00   1.2156520e+01   7.0965621e+00   3.3417218e+00   1.2631683e+00
   4.7029959e+00   2.0027654e+00   1.2133530e+01   7.0565004e+00   3.3158623e+00   1.2460161e+00   1.2478398e+01   7.8708047e+00   1.0538204e+01   5.5378538e+00   1.1156260e+01   6.0368069e+00   2.7399872e+00   1.1901528e+01   8.9188659e+00   4.4268411e+00   1.8515839e+00   1.2187590e+01   8.6515337e+00   1.0312896e+01   9.7525243e+00   9.9590058e+00   5.1159728e+00   1.1265081e+01   6.1318762e+00   2.7931626e+00   1.1885752e+01   8.9307531e+00   4.4343948e+00   1.1441706e+01   9.2261410e+00   4.6229353e+00
   3.0608032e+00   1.1811065e+01   8.9925903e+00   4.4702332e+00   1.8721852e+00   1.2179611e+01   7.1168891e+00   3.3469973e+00   1.2600573e+00   1.2464326e+01   7.7371713e+00   3.7067231e+00   1.4556564e+00   1.2352705e+01   7.4129793e+00   3.5179667e+00   1.3528828e+00   1.2406697e+01   8.3263914e+00   4.0577796e+00   1.6468966e+00   1.2265881e+01   8.5619998e+00   4.2013130e+00   1.7253551e+00   1.2235806e+01   7.2018079e+00   1.0723495e+01   5.6771276e+00   2.5369895e+00   1.1962161e+01   6.8313740e+00
   1.2430442e+01   8.2823739e+00   4.0279001e+00   1.1551697e+01   6.3875895e+00   2.9303820e+00   1.1850040e+01   8.9689545e+00   4.4521168e+00   1.8594738e+00   1.2185664e+01   7.1167180e+00   3.3441530e+00   1.2553658e+00   1.2464852e+01   7.7126015e+00   1.0587370e+01   5.5676261e+00   1.1152408e+01   6.0256610e+00   1.1035251e+01   5.9255753e+00   1.1061437e+01   5.9472909e+00   1.1055148e+01   5.9423671e+00   1.1056482e+01   5.9434675e+00   2.6819252e+00   1.1920704e+01   6.7764947e+00   3.1499529e+00
   1.1561858e+01   6.3927883e+00   1.0942320e+01   9.4955095e+00   4.7896211e+00   2.0412425e+00   1.2122729e+01   7.0209048e+00   3.2860510e+00   1.2209024e+00   1.2485858e+01   8.0986252e+00   3.9145537e+00   1.5627358e+00   1.2301387e+01   7.2967784e+00   3.4442039e+00   1.3068946e+00   1.2428220e+01   7.5731861e+00   3.6046650e+00   1.3940733e+00   1.2379403e+01   7.4531958e+00   3.5348526e+00   1.3560492e+00   1.2399952e+01   8.3636832e+00   1.0405870e+01   9.7258428e+00   4.9443534e+00   2.1262867e+00
   8.2241219e+00   3.9864578e+00   1.5989916e+00   1.2286434e+01   7.2608479e+00   3.4204409e+00   1.2909400e+00   1.2436062e+01   8.2969152e+00   4.0302860e+00   1.1554146e+01   9.1767079e+00   4.5777436e+00   1.9221850e+00   1.2163752e+01   7.0716336e+00   3.3120448e+00   1.2319003e+00   1.2473811e+01   7.7096426e+00   3.6812468e+00   1.4327178e+00   1.2360509e+01   7.3985344e+00   3.4999922e+00   1.3341833e+00   1.2409970e+01   7.5126171e+00   3.5663222e+00   1.1677713e+01   9.0991829e+00   4.5282882e+00
   3.5343027e+00   1.3497705e+00   1.2400125e+01   7.4762829e+00   3.5420006e+00   1.1686655e+01   6.5064658e+00   1.0917297e+01   9.5144560e+00   1.0054858e+01   5.1660599e+00   2.2421910e+00   1.2057539e+01   6.9241427e+00   3.2248234e+00   1.1816123e+00   1.2505993e+01   7.9927972e+00   3.8451501e+00   1.1605911e+01   6.4262053e+00   1.0938375e+01   9.5047377e+00   1.0057951e+01   5.1683703e+00   2.2434411e+00   1.2056732e+01   6.9237287e+00   3.2245160e+00   1.1814621e+00   1.2506513e+01   7.9120769e+00
   9.2451152e+00   4.6157749e+00   1.9367094e+00   1.2160034e+01   7.0520605e+00   3.2947771e+00   1.1755336e+01   9.0572120e+00   1.0205212e+01   5.2695324e+00   2.2963049e+00   1.2042921e+01   6.8982193e+00   3.2068283e+00   1.1687679e+00   1.2513802e+01   7.9200105e+00   3.7986776e+00   1.1618912e+01   6.4351095e+00   2.9448439e+00   1.1851994e+01   6.6759458e+00   3.0806729e+00   1.1814190e+01   6.6347041e+00   1.0886286e+01   9.5322366e+00   4.8039847e+00   2.0399705e+00   1.2123803e+01   8.7588627e+00
   6.4545506e+00   2.9526859e+00   1.1851214e+01   8.9945975e+00   4.4517355e+00   1.8439604e+00   1.2193072e+01   8.6959123e+00   1.0318764e+01   5.3483259e+00   2.3365891e+00   1.2030206e+01   6.8781317e+00   3.1920547e+00   1.1579050e+00   1.2516944e+01   8.0093615e+00   1.0517040e+01   5.4958015e+00   1.1182705e+01   9.3934968e+00   1.0101099e+01   9.8555880e+00   9.9440365e+00   9.9129580e+00   5.0591987e+00   2.1772179e+00   1.2081276e+01   6.9407802e+00   3.2277293e+00   1.1772534e+00   1.2503182e+01
   1.2348510e+01   7.3377108e+00   3.4523220e+00   1.2962225e+00   1.2424831e+01   8.3754292e+00   4.0650795e+00   1.6297724e+00   1.2273212e+01   7.2065764e+00   3.3767597e+00   1.2551835e+00   1.2446825e+01   7.5563090e+00   3.5791883e+00   1.3652186e+00   1.2388604e+01   8.4430101e+00   4.1061465e+00   1.6520737e+00   1.2264307e+01   7.1923948e+00   3.3688066e+00   1.2507192e+00   1.2450650e+01   7.5636220e+00   3.5834236e+00   1.3674164e+00   1.2386377e+01   8.4448519e+00   4.1073118e+00   1.6528097e+00
   3.6340490e+00   1.3920228e+00   1.2374277e+01   8.4765503e+00   4.1234617e+00   1.6586145e+00   1.2261933e+01   8.6322104e+00   1.0342644e+01   5.3591366e+00   2.3363874e+00   1.2032399e+01   6.8689691e+00   3.1806820e+00   1.1456979e+00   1.2518882e+01   8.1015193e+00   1.0496697e+01   9.7093264e+00   4.9124619e+00   1.1336107e+01   6.1564296e+00   1.1017545e+01   9.4823590e+00   4.7608051e+00   1.1374472e+01   6.1912236e+00   2.7987772e+00   1.1897392e+01   6.7104411e+00   3.0908984e+00   1.1815215e+01
   1.1190813e+00   1.2534387e+01   7.9693439e+00   1.0535964e+01   5.4989779e+00   2.4108857e+00   1.2012061e+01   6.8368191e+00   3.1596670e+00   1.1312388e+00   1.2524767e+01   8.0919958e+00   3.8880469e+00   1.5273682e+00   1.2314453e+01   7.2581217e+00   1.0730319e+01   5.6485702e+00   2.4935689e+00   1.1985783e+01   6.8079017e+00   3.1429914e+00   1.1221292e+00   1.2531737e+01   8.0268801e+00   1.0519512e+01   5.4869905e+00   2.4041525e+00   1.2014185e+01   6.8394257e+00   3.1610805e+00   1.1319539e+00
   1.1962171e+01   6.7744046e+00   3.1209493e+00   1.1071134e+00   1.2540830e+01   7.9850659e+00   3.8213040e+00   1.4879735e+00   1.2330004e+01   7.2773924e+00   1.0728109e+01   5.6426700e+00   2.4871581e+00   1.1990165e+01   8.9081699e+00   1.0265024e+01   9.8063526e+00   4.9719751e+00   2.1172498e+00   1.2103805e+01   6.9450002e+00   3.2179262e+00   1.1597407e+00   1.2499754e+01   8.2274083e+00   1.0465358e+01   9.7275756e+00   4.9186523e+00   2.0878752e+00   1.2113427e+01   8.8018924e+00   4.3173917e+00
   3.1279666e+00   1.1079942e+00   1.2535686e+01   7.8105139e+00   3.7152344e+00   1.1651468e+01   6.4390783e+00   1.0950562e+01   5.8163086e+00   1.1111457e+01   5.9490662e+00   1.1077449e+01   5.9205000e+00   2.6385302e+00   1.1947043e+01   6.7505929e+00   3.1043403e+00   1.0951158e+00   1.2546413e+01   7.9923467e+00   3.8226237e+00   1.4856593e+00   1.2330550e+01   8.5680656e+00   4.1695945e+00   1.6748817e+00   1.2255820e+01   7.1491177e+00   3.3317092e+00   1.2185730e+00   1.2460795e+01   8.3488818e+00
   5.1853980e+00   2.2284528e+00   1.2069800e+01   6.8911025e+00   3.1809367e+00   1.1338340e+00   1.2512813e+01   7.6758656e+00   1.0625176e+01   9.6700813e+00   4.8724394e+00   2.0564909e+00   1.2124951e+01   6.9598055e+00   3.2201349e+00   1.1550866e+00   1.2498530e+01   7.6268627e+00   3.6045658e+00   1.3638495e+00   1.2384255e+01   7.3573332e+00   3.4481644e+00   1.1725241e+01   9.1103068e+00   1.0208018e+01   5.2468299e+00   2.2624778e+00   1.2059141e+01   8.8607500e+00   1.0285378e+01   5.3025395e+00
   6.8507180e+00   3.1550758e+00   1.1167578e+00   1.2520671e+01   7.6891846e+00   3.6377965e+00   1.3788658e+00   1.2376715e+01   7.3334001e+00   3.4312275e+00   1.2666668e+00   1.2429988e+01   7.4419181e+00   1.0691321e+01   5.6026131e+00   1.1170100e+01   9.4272576e+00   1.0110325e+01   9.8743223e+00   5.0082726e+00   1.1322525e+01   6.1225988e+00   2.7450596e+00   1.1919708e+01   6.7083275e+00   3.0741598e+00   1.0728994e+00   1.2554089e+01   7.8907060e+00   3.7562728e+00   1.4435076e+00   1.2347576e+01
   1.1616919e+01   6.3907606e+00   1.0970041e+01   9.5263808e+00   1.0080543e+01   9.8882861e+00   5.0144764e+00   1.1323030e+01   6.1187503e+00   1.1039530e+01   5.8777841e+00   1.1102534e+01   5.9292959e+00   1.1089165e+01   9.4706698e+00   1.0098609e+01   9.8813322e+00   5.0097898e+00   1.1324143e+01   9.3524105e+00   1.0137604e+01   9.8673879e+00   4.9999332e+00   1.1325436e+01   6.1218585e+00   2.7416575e+00   1.1920637e+01   6.7055633e+00   3.0697340e+00   1.0673937e+00   1.2553410e+01   7.8349247e+00
   3.0352030e+00   1.0456145e+00   1.2566530e+01   7.9504931e+00   1.0556717e+01   9.7081682e+00   1.0022403e+01   9.9125483e+00   5.0277552e+00   1.1321708e+01   9.3579101e+00   4.6554683e+00   1.1416485e+01   6.1981813e+00   2.7812374e+00   1.1912388e+01   6.6895704e+00   3.0574378e+00   1.0577052e+00   1.2558259e+01   7.8195487e+00   3.7080795e+00   1.1661690e+01   6.4292426e+00   2.9107437e+00   1.1875502e+01   6.6498388e+00   3.0351621e+00   1.0456642e+00   1.2568307e+01   7.9725927e+00   3.7984965e+00
   1.2393103e+01   7.3369694e+00   3.4238879e+00   1.2536828e+00   1.2433642e+01   7.4151112e+00   3.4692165e+00   1.1726498e+01   9.1281214e+00   4.5040345e+00   1.8424337e+00   1.2197054e+01   7.0319630e+00   3.2489248e+00   1.1585659e+00   1.2484727e+01   8.3600105e+00   4.0270370e+00   1.5819989e+00   1.2290759e+01   7.1663857e+00   3.3260227e+00   1.2004715e+00   1.2461806e+01   7.4762620e+00   3.5044080e+00   1.2974378e+00   1.2412104e+01   7.3720725e+00   3.4441523e+00   1.2647030e+00   1.2428403e+01
   3.2006390e+00   1.1294148e+00   1.2501169e+01   8.3393359e+00   4.0112581e+00   1.1586214e+01   6.3469622e+00   2.8584185e+00   1.1892853e+01   6.6584273e+00   3.0338434e+00   1.1845318e+01   6.6067018e+00   3.0045735e+00   1.0230293e+00   1.2576153e+01   7.9079117e+00   1.0573590e+01   9.7079938e+00   4.8811441e+00   2.0459039e+00   1.2132693e+01   6.9385728e+00   3.1924057e+00   1.1250536e+00   1.2503454e+01   8.3329999e+00   4.0073749e+00   1.1587195e+01   6.3477757e+00   2.8588840e+00   1.1891849e+01
   5.5607692e+00   2.4174685e+00   1.2020506e+01   8.9278023e+00   4.3704488e+00   1.7632885e+00   1.2226926e+01   8.7420658e+00   4.2541201e+00   1.6999061e+00   1.2248017e+01   8.7181944e+00   4.2399697e+00   1.1528698e+01   6.2884696e+00   2.8225638e+00   1.1904423e+01   6.6656836e+00   3.0346568e+00   1.0364574e+00   1.2560711e+01   8.1709077e+00   3.9067941e+00   1.1613745e+01   6.3699496e+00   2.8682343e+00   1.1892377e+01   6.6520480e+00   3.0270565e+00   1.1848156e+01   6.6052856e+00   3.0006263e+00
   1.1979606e+01   8.9654858e+00   4.3907347e+00   1.7712940e+00   1.2223261e+01   7.0476350e+00   3.2485466e+00   1.1788797e+01   6.5393945e+00   1.0943463e+01   9.5567305e+00   4.7727564e+00   1.9805727e+00   1.2155090e+01   6.9550643e+00   1.0835098e+01   5.6924005e+00   2.4874501e+00   1.1999808e+01   6.7684080e+00   1.0883338e+01   5.7311541e+00   2.5088395e+00   1.1994292e+01   6.7612766e+00   3.0857050e+00   1.0609799e+00   1.2540057e+01   7.6448488e+00   3.5931110e+00   1.1698881e+01   9.1593510e+00
   4.9565824e+00   2.0782679e+00   1.2124735e+01   8.8509981e+00   4.3158637e+00   1.7273051e+00   1.2240057e+01   7.0625392e+00   3.2541001e+00   1.1493501e+00   1.2482495e+01   7.4776575e+00   3.4927345e+00   1.1726652e+01   9.1465110e+00   4.5022030e+00   1.1465528e+01   9.3006066e+00   4.6018547e+00   1.8837160e+00   1.2186644e+01   6.9906020e+00   3.2131559e+00   1.1271747e+00   1.2494361e+01   8.3899764e+00   1.0445805e+01   5.3910795e+00   2.3177847e+00   1.2050707e+01   6.8222684e+00   3.1171246e+00
   9.7278519e-01   1.2600603e+01   7.9846728e+00   3.7867558e+00   1.4359219e+00   1.2347475e+01   7.2173065e+00   3.3397284e+00   1.1768260e+01   6.5081037e+00   2.9366939e+00   9.7423456e-01   1.2599606e+01   7.9142952e+00   3.7447190e+00   1.4131814e+00   1.2357424e+01   8.6142678e+00   1.0383587e+01   9.7969197e+00   4.9275464e+00   1.1359385e+01   9.3616014e+00   4.6382084e+00   1.1432906e+01   6.1872603e+00   2.7567080e+00   1.1927180e+01   9.0145688e+00   1.0262825e+01   9.8420877e+00   4.9586618e+00
   6.6247683e+00   2.9993354e+00   1.1861279e+01   6.5992837e+00   2.9849318e+00   1.1865683e+01   6.6032968e+00   2.9873492e+00   1.1865382e+01   6.6027638e+00   1.0933328e+01   5.7597310e+00   2.5154912e+00   1.1995756e+01   6.7470439e+00   3.0684877e+00   1.1841998e+01   9.0792194e+00   1.0246470e+01   5.2386361e+00   2.2273441e+00   1.2081213e+01   8.9003403e+00   4.3399286e+00   1.7345941e+00   1.2238236e+01   7.0470833e+00   3.2390421e+00   1.1351595e+00   1.2485146e+01   7.4643843e+00   3.4789483e+00
   6.9760409e+00   3.1953256e+00   1.1085763e+00   1.2499440e+01   7.4822249e+00   1.0705080e+01   9.6744118e+00   4.8377247e+00   2.0041431e+00   1.2149892e+01   6.9250917e+00   3.1665253e+00   1.0929085e+00   1.2507746e+01   7.5030631e+00   3.4981885e+00   1.1729326e+01   6.4597036e+00   2.9033330e+00   9.5018191e-01   1.2609551e+01   8.0257850e+00   3.8046167e+00   1.4395298e+00   1.2347242e+01   8.6436901e+00   4.1775284e+00   1.6427317e+00   1.2270658e+01   7.0858351e+00   3.2579378e+00   1.1424806e+00
   1.9085185e+00   1.2180776e+01   6.9588863e+00   3.1826756e+00   1.0986136e+00   1.2503528e+01   8.4204874e+00   4.0380635e+00   1.1592274e+01   6.3208769e+00   2.8223129e+00   1.1913781e+01   9.0395596e+00   1.0264050e+01   9.8518489e+00   4.9548763e+00   2.0653581e+00   1.2133073e+01   8.8677779e+00   4.3131812e+00   1.7138334e+00   1.2245055e+01   7.0450929e+00   3.2315333e+00   1.1802228e+01   6.5279220e+00   1.0958397e+01   9.5679268e+00   1.0096524e+01   5.1246565e+00   2.1585629e+00   1.2103791e+01
   6.4069521e+00   2.8675227e+00   9.2472239e-01   1.2622416e+01   8.0021879e+00   3.7842359e+00   1.4225810e+00   1.2351861e+01   7.1938105e+00   1.0786437e+01   5.6312845e+00   1.1188735e+01   5.9579576e+00   2.6165068e+00   1.1972536e+01   6.7032127e+00   1.0915186e+01   9.5903627e+00   1.0091986e+01   9.9188286e+00   4.9972876e+00   2.0855576e+00   1.2126178e+01   6.8840022e+00   3.1369402e+00   1.0708651e+00   1.2516347e+01   7.4993187e+00   3.4897445e+00   1.2624164e+00   1.2420543e+01   7.3052692e+00
   2.8499665e+00   9.1226417e-01   1.2628179e+01   7.9856853e+00   3.7711738e+00   1.1663914e+01   6.3809665e+00   2.8498923e+00   9.1225598e-01   1.2627801e+01   7.9857805e+00   3.7711513e+00   1.1663190e+01   6.3809091e+00   2.8498294e+00   9.1223044e-01   1.2627064e+01   7.9857941e+00   3.7712579e+00   1.1663955e+01   6.3810793e+00   2.8499237e+00   9.1218757e-01   1.2625962e+01   7.9857259e+00   3.7713252e+00   1.1664476e+01   6.3811880e+00   2.8499859e+00   9.1217192e-01   1.2626996e+01   7.9855759e+00
   3.0176096e+00   1.1864889e+01   6.5771137e+00   2.9571791e+00   9.6738917e-01   1.2578176e+01   7.6354685e+00   3.5626296e+00   1.1720336e+01   6.4311394e+00   2.8749671e+00   9.2276339e-01   1.2611263e+01   7.7704187e+00   3.6413510e+00   1.1700213e+01   6.4110253e+00   2.8636565e+00   9.1657395e-01   1.2618103e+01   7.7991226e+00   3.6582001e+00   1.1695747e+01   6.4068066e+00   2.8613039e+00   9.1536411e-01   1.2619575e+01   7.8058573e+00   3.6621982e+00   1.1694116e+01   6.4056871e+00   2.8606902e+00
   6.4556258e+00   2.8857048e+00   9.2566909e-01   1.2605756e+01   8.2223139e+00   3.9057064e+00   1.1633428e+01   6.3420759e+00   2.8219307e+00   8.9110902e-01   1.2635943e+01   7.8988431e+00   3.7136752e+00   1.1681958e+01   6.3896084e+00   2.8485699e+00   9.0555227e-01   1.2620749e+01   7.7942175e+00   3.6521243e+00   1.1699104e+01   9.1995337e+00   1.0225788e+01   5.2024105e+00   1.1304487e+01   6.0438276e+00   1.1091261e+01   5.8640925e+00   1.1136943e+01   5.9019308e+00   2.5762787e+00   1.1986327e+01
   9.3227835e+00   4.5858225e+00   1.8479756e+00   1.2205231e+01   8.8321826e+00   4.2745286e+00   1.6778036e+00   1.2261150e+01   8.7783796e+00   1.0356778e+01   5.2932750e+00   2.2363384e+00   1.2086857e+01   8.9347172e+00   1.0310062e+01   5.2591473e+00   2.2176808e+00   1.2090655e+01   6.8184475e+00   3.0871479e+00   1.0318676e+00   1.2530629e+01   7.4852997e+00   3.4691300e+00   1.1748481e+01   6.4493304e+00   2.8790278e+00   9.1892270e-01   1.2605176e+01   7.6982748e+00   3.5929169e+00   1.3063757e+00
   1.1919726e+01   6.6202756e+00   2.9722506e+00   9.6651730e-01   1.2566749e+01   7.5649318e+00   1.0700370e+01   9.7000329e+00   1.0070276e+01   5.0849569e+00   2.1187281e+00   1.2122403e+01   6.8487760e+00   1.0888337e+01   5.6928591e+00   1.1183987e+01   9.4846266e+00   1.0140461e+01   9.9157395e+00   4.9783160e+00   1.1364824e+01   6.0886189e+00   2.6740839e+00   1.1963192e+01   6.6669707e+00   1.0936343e+01   9.5987982e+00   1.0103844e+01   5.1085614e+00   1.1331496e+01   6.0597892e+00   1.1091562e+01
   1.2640624e+01   8.1325923e+00   3.8426224e+00   1.4362901e+00   1.2347050e+01   7.1413787e+00   3.2651112e+00   1.1223429e+00   1.2480433e+01   7.3597290e+00   3.3904766e+00   1.1903316e+00   1.2448675e+01   7.3022059e+00   3.3573447e+00   1.1723802e+00   1.2455787e+01   7.3167591e+00   1.0768145e+01   5.5949912e+00   2.3969170e+00   1.2042715e+01   6.7496508e+00   3.0422432e+00   1.0015048e+00   1.2544647e+01   8.4216818e+00   4.0163802e+00   1.5308246e+00   1.2313987e+01   8.7386782e+00   4.2099920e+00
   1.1605145e+01   6.2987501e+00   2.7853884e+00   8.5919397e-01   1.2640978e+01   7.7859695e+00   3.6347850e+00   1.3202617e+00   1.2393276e+01   7.2026447e+00   3.2968525e+00   1.1797223e+01   6.4852233e+00   2.8899994e+00   9.1590180e-01   1.2595242e+01   8.3183929e+00   3.9508945e+00   1.1629512e+01   6.3201727e+00   2.7973769e+00   8.6578514e-01   1.2635427e+01   7.7571334e+00   1.0653291e+01   9.7262056e+00   4.8420073e+00   1.1403318e+01   9.3823265e+00   4.6149381e+00   1.1460307e+01   6.1648270e+00
   1.2315853e+01   7.0812084e+00   3.2244310e+00   1.1819626e+01   9.1462103e+00   4.4596818e+00   1.7667723e+00   1.2234211e+01   6.9711806e+00   3.1616280e+00   1.0601188e+00   1.2508800e+01   7.3954669e+00   1.0752673e+01   9.6884501e+00   4.8132385e+00   1.1412712e+01   9.3813186e+00   4.6110075e+00   1.8495076e+00   1.2208228e+01   8.8538232e+00   4.2749567e+00   1.1548169e+01   6.2406262e+00   2.7497739e+00   8.3699556e-01   1.2656629e+01   7.8465956e+00   3.6671264e+00   1.1703359e+01   9.2187371e+00
   1.1906609e+01   9.0934013e+00   4.4225162e+00   1.1512014e+01   6.2039197e+00   2.7261869e+00   8.2121781e-01   1.2665865e+01   7.8793444e+00   3.6833537e+00   1.3404668e+00   1.2383219e+01   8.6807339e+00   4.1649048e+00   1.6028296e+00   1.2288972e+01   8.7825150e+00   4.2278546e+00   1.1562736e+01   6.2489364e+00   2.7514128e+00   8.3481183e-01   1.2652885e+01   7.7884394e+00   3.6299572e+00   1.3114268e+00   1.2395678e+01   8.6676744e+00   4.1565273e+00   1.5983431e+00   1.2291333e+01   7.0399208e+00
   8.8673530e+00   1.0346835e+01   9.8561196e+00   4.9199081e+00   2.0126300e+00   1.2159719e+01   6.8649118e+00   3.0952398e+00   1.0181537e+00   1.2526360e+01   8.4948551e+00   1.0455018e+01   5.3439227e+00   1.1283563e+01   5.9970726e+00   2.6077917e+00   1.1988525e+01   9.0410120e+00   4.3860353e+00   1.7204080e+00   1.2249598e+01   6.9800461e+00   3.1605689e+00   1.1839410e+01   9.1428825e+00   1.0263330e+01   5.2043946e+00   1.1317804e+01   9.4378950e+00   4.6408948e+00   1.1460308e+01   9.3641159e+00
   1.1529277e+01   6.2102457e+00   2.7236202e+00   8.1378292e-01   1.2660723e+01   7.7748447e+00   1.0658157e+01   5.4917476e+00   2.3245781e+00   1.2068347e+01   8.9859021e+00   1.0313644e+01   5.2372417e+00   2.1840276e+00   1.2108711e+01   6.8002273e+00   3.0552906e+00   9.9347976e-01   1.2537771e+01   7.4262432e+00   3.4132645e+00   1.1876686e+00   1.2445888e+01   7.2567961e+00   1.0796255e+01   9.6801625e+00   4.7976194e+00   1.9427291e+00   1.2181395e+01   8.8938644e+00   4.2906856e+00   1.6653584e+00
   1.2403099e+01   7.1801238e+00   3.2683771e+00   1.1061692e+00   1.2481946e+01   7.3087854e+00   1.0785476e+01   9.6884367e+00   1.0094609e+01   5.0778981e+00   1.1354126e+01   9.4271226e+00   4.6273754e+00   1.1467792e+01   6.1499228e+00   1.1084721e+01   5.8230753e+00   1.1167392e+01   9.5185219e+00   4.6872391e+00   1.1452317e+01   6.1363766e+00   2.6793592e+00   7.8676729e-01   1.2679329e+01   7.8669978e+00   3.6667542e+00   1.1711270e+01   6.3758389e+00   2.8132422e+00   8.5934856e-01   1.2618134e+01
   7.2915152e+00   3.3293983e+00   1.1361191e+00   1.2466404e+01   8.6096321e+00   4.1081614e+00   1.5598131e+00   1.2306824e+01   7.0340578e+00   1.0860069e+01   5.6395419e+00   1.1214450e+01   5.9275331e+00   2.5598470e+00   1.2006227e+01   6.6722280e+00   2.9767836e+00   1.1893115e+01   6.5523991e+00   2.9093497e+00   1.1910546e+01   6.5711170e+00   2.9198386e+00   9.1400463e-01   1.2579229e+01   7.4937251e+00   1.0738405e+01   9.7106612e+00   4.8116627e+00   1.1423513e+01   6.1063710e+00   2.6594725e+00
   3.1439096e+00   1.1850677e+01   6.5036600e+00   2.8789137e+00   8.8897058e-01   1.2590894e+01   7.5117371e+00   3.4532924e+00   1.1768873e+01   6.4235266e+00   1.1019690e+01   5.7623668e+00   2.4652816e+00   1.2032186e+01   6.6973351e+00   2.9880130e+00   1.1890529e+01   6.5460107e+00   1.0988483e+01   9.6077131e+00   4.7394519e+00   1.9015685e+00   1.2197353e+01   6.8876737e+00   1.0899369e+01   5.6673036e+00   1.1210915e+01   5.9195096e+00   2.5524804e+00   1.2008329e+01   6.6707793e+00   2.9730243e+00
   1.1533348e+01   6.1968406e+00   2.7038737e+00   7.9111336e-01   1.2658436e+01   8.2720354e+00   1.0531898e+01   5.3821977e+00   1.1283509e+01   5.9778698e+00   2.5817854e+00   1.2002915e+01   6.6584810e+00   2.9629274e+00   1.1900094e+01   6.5494663e+00   2.9016044e+00   8.9824581e-01   1.2583141e+01   7.4813857e+00   3.4326869e+00   1.1862240e+00   1.2444864e+01   8.6539051e+00   4.1288199e+00   1.1597959e+01   6.2565446e+00   2.7372563e+00   1.1960029e+01   6.6128402e+00   2.9372917e+00   9.1756356e-01
   4.5976049e+00   1.8180479e+00   1.2224012e+01   8.8854962e+00   4.2691178e+00   1.1565145e+01   6.2213957e+00   2.7145465e+00   1.1967960e+01   6.6160059e+00   2.9359723e+00   9.1382287e-01   1.2571461e+01   8.4780717e+00   4.0185088e+00   1.1628455e+01   9.2966199e+00   1.0232149e+01   9.9170462e+00   1.0028841e+01   5.0182732e+00   2.0484934e+00   1.2154282e+01   6.8254226e+00   3.0541820e+00   9.7796791e-01   1.2538009e+01   7.3778224e+00   3.3695190e+00   1.1490189e+00   1.2458862e+01   7.2398476e+00
   1.1345650e+01   6.0216013e+00   2.6001627e+00   7.2892756e-01   1.2704374e+01   7.8554238e+00   3.6441297e+00   1.2952278e+00   1.2402353e+01   7.1424310e+00   3.2313057e+00   1.0709977e+00   1.2492671e+01   7.2870981e+00   1.0802863e+01   5.5805304e+00   1.1239280e+01   9.5027378e+00   4.6600888e+00   1.8492843e+00   1.2215767e+01   6.8931966e+00   3.0896652e+00   1.1868549e+01   6.5090060e+00   2.8726185e+00   1.1925614e+01   6.5678986e+00   2.9057015e+00   1.1917055e+01   9.1237749e+00   1.0287718e+01
   9.0344191e+00   4.3558325e+00   1.1547524e+01   6.1961023e+00   2.6942686e+00   1.1976261e+01   9.0886368e+00   4.3900823e+00   1.6985494e+00   1.2264513e+01   6.9473245e+00   3.1170175e+00   1.0060527e+00   1.2521553e+01   8.5762947e+00   4.0718052e+00   1.1617960e+01   6.2619991e+00   1.1068985e+01   5.7875242e+00   2.4669705e+00   1.2038738e+01   6.6820121e+00   2.9669363e+00   9.2452717e-01   1.2562193e+01   8.5144092e+00   4.0341688e+00   1.5042818e+00   1.2327603e+01   8.8028064e+00   1.0387343e+01
   8.0721175e-01   1.2630909e+01   7.5438288e+00   3.4561265e+00   1.1869846e+00   1.2442522e+01   7.1905581e+00   1.0832555e+01   5.5962374e+00   1.1239704e+01   5.9236307e+00   1.1156920e+01   9.5487523e+00   1.0160169e+01   9.9519851e+00   1.0025276e+01   5.0056799e+00   1.1387087e+01   6.0493244e+00   2.6094669e+00   1.2000909e+01   6.6359927e+00   1.0976869e+01   9.6305755e+00   4.7375202e+00   1.1453726e+01   9.4037032e+00   1.0206949e+01   5.1326600e+00   1.1354415e+01   9.4537678e+00   1.0190496e+01
   1.1951890e+01   9.1151215e+00   4.4001138e+00   1.6979940e+00   1.2265840e+01   6.9371646e+00   1.0901918e+01   9.6662149e+00   4.7581806e+00   1.8936696e+00   1.2205960e+01   8.9251232e+00   4.2807583e+00   1.6326923e+00   1.2287037e+01   8.8542591e+00   1.0377874e+01   5.2511408e+00   1.1327820e+01   5.9944073e+00   2.5756607e+00   7.0678751e-01   1.2707230e+01   8.1988061e+00   3.8378378e+00   1.1681994e+01   6.3116727e+00   1.1061703e+01   5.7730022e+00   1.1196809e+01   5.8842158e+00   2.5146152e+00
   7.0732830e-01   1.2700250e+01   8.2481042e+00   1.0553147e+01   5.3767159e+00   2.2307928e+00   1.2108764e+01   6.7438430e+00   1.0953262e+01   5.6830688e+00   1.1222333e+01   9.5259714e+00   1.0173948e+01   5.1020230e+00   1.1367238e+01   9.4555996e+00   4.6156995e+00   1.1488440e+01   9.3935391e+00   1.0216000e+01   5.1319408e+00   1.1359082e+01   6.0178025e+00   2.5856973e+00   1.2009881e+01   9.0796665e+00   4.3745470e+00   1.6809947e+00   1.2271925e+01   8.8734786e+00   4.2450076e+00   1.6103902e+00
   5.7160073e+00   1.1216049e+01   5.8920353e+00   2.5126716e+00   6.6668566e-01   1.2736013e+01   7.8894826e+00   1.0654586e+01   5.4486670e+00   2.2673871e+00   1.2099607e+01   6.7284364e+00   2.9807637e+00   9.2014672e-01   1.2559863e+01   8.5577125e+00   4.0477865e+00   1.4997374e+00   1.2331452e+01   7.0099975e+00   3.1403705e+00   1.0066802e+00   1.2518763e+01   7.2878953e+00   3.2993772e+00   1.1822573e+01   6.4390326e+00   1.1033928e+01   5.7431283e+00   2.4301801e+00   1.2054265e+01   9.0533718e+00
   9.9826069e+00   1.0027627e+01   1.0011935e+01   4.9821917e+00   1.1401454e+01   6.0452677e+00   1.1135315e+01   5.8214190e+00   1.1191811e+01   5.8679012e+00   2.4963218e+00   6.5478536e-01   1.2739775e+01   8.0946078e+00   3.7660964e+00   1.3435045e+00   1.2384299e+01   8.7767806e+00   4.1791430e+00   1.1600835e+01   9.3408409e+00   4.5344789e+00   1.7624032e+00   1.2248761e+01   6.8977307e+00   1.0918567e+01   5.6479371e+00   1.1235475e+01   5.9040617e+00   2.5163863e+00   1.2032098e+01   9.0741811e+00
   9.4945926e-01   1.2542421e+01   8.5987664e+00   4.0664129e+00   1.5039516e+00   1.2331580e+01   8.8369855e+00   1.0393729e+01   5.2482862e+00   2.1509326e+00   1.2134333e+01   9.0034999e+00   1.0343824e+01   5.2128515e+00   1.1345786e+01   5.9935188e+00   1.1150194e+01   5.8302143e+00   2.4723821e+00   6.3882847e-01   1.2751850e+01   8.0085430e+00   3.7124145e+00   1.1721430e+01   9.2768075e+00   4.4905456e+00   1.1525905e+01   6.1510287e+00   2.6507720e+00   7.3536620e-01   1.2663551e+01   7.5627536e+00
   6.2960481e-01   1.2753947e+01   8.0754862e+00   3.7486810e+00   1.1714054e+01   6.3195386e+00   2.7418387e+00   1.1973219e+01   6.5775836e+00   2.8865661e+00   1.1936020e+01   6.5377530e+00   1.1015944e+01   9.6344005e+00   4.7200068e+00   1.1470830e+01   6.0977876e+00   1.1126743e+01   5.8065134e+00   2.4562662e+00   6.2707941e-01   1.2755280e+01   7.9821854e+00   3.6934862e+00   1.1727785e+01   9.2777440e+00   1.0263447e+01   9.9341017e+00   4.9217270e+00   1.1420569e+01   6.0538245e+00   2.5935060e+00
   1.0684534e+01   5.4565643e+00   1.1289589e+01   5.9375870e+00   1.1168718e+01   5.8375095e+00   2.4703442e+00   6.3172523e-01   1.2742210e+01   7.7969337e+00   1.0690292e+01   5.4603973e+00   2.2617075e+00   1.2106472e+01   9.0347873e+00   4.3300398e+00   1.1569962e+01   6.1818577e+00   1.1108127e+01   5.7871261e+00   2.4424886e+00   6.1662237e-01   1.2759653e+01   8.0543521e+00   3.7328266e+00   1.1719426e+01   6.3206039e+00   2.7393888e+00   1.1976116e+01   6.5748083e+00   2.8820591e+00   1.1938739e+01
   3.7955824e+00   1.3472744e+00   1.2385819e+01   7.0505195e+00   1.0889139e+01   5.6094066e+00   1.1253774e+01   5.9033625e+00   2.5038192e+00   6.4684378e-01   1.2720738e+01   8.2922746e+00   3.8716379e+00   1.1686749e+01   6.2848590e+00   1.1084402e+01   5.7641962e+00   2.4266909e+00   6.0510526e-01   1.2765202e+01   7.9371832e+00   3.6606937e+00   1.2739198e+00   1.2410715e+01   7.0860667e+00   1.0879390e+01   9.6997699e+00   1.0134628e+01   5.0536257e+00   2.0346073e+00   1.2172123e+01   6.7835915e+00
   1.1193777e+01   5.8499483e+00   2.4711274e+00   6.2616372e-01   1.2734428e+01   7.7157249e+00   3.5279075e+00   1.1774609e+01   6.3644754e+00   2.7578062e+00   7.8136201e-01   1.2622626e+01   7.4264911e+00   1.0793334e+01   5.5316780e+00   1.1275249e+01   5.9174309e+00   2.5085502e+00   6.4642258e-01   1.2715082e+01   7.6521284e+00   3.4908649e+00   1.1784535e+01   6.3736437e+00   2.7629405e+00   7.8410423e-01   1.2621232e+01   7.4233934e+00   3.3586756e+00   1.1818513e+01   9.2367336e+00   1.0284507e+01
   5.5694047e+00   1.1267734e+01   5.9073961e+00   2.4998639e+00   1.2045032e+01   6.6324605e+00   1.1000278e+01   5.6897998e+00   2.3792260e+00   1.2078092e+01   6.6678652e+00   2.9250789e+00   1.1931860e+01   6.5148599e+00   1.1030365e+01   5.7136406e+00   2.3923606e+00   5.8064813e-01   1.2776305e+01   7.9764580e+00   3.6775332e+00   1.2770482e+00   1.2410994e+01   8.7907569e+00   4.1679858e+00   1.5442019e+00   1.2320105e+01   8.8759081e+00   4.2209194e+00   1.5729667e+00   1.2311463e+01   6.9419050e+00
   6.7785056e+00   2.9846313e+00   1.1918228e+01   6.4959432e+00   1.1037804e+01   5.7153629e+00   1.1232658e+01   5.8746931e+00   2.4787334e+00   6.2430155e-01   1.2724246e+01   7.6468603e+00   3.4816771e+00   1.1790389e+01   6.3700444e+00   2.7548081e+00   1.1977204e+01   6.5574242e+00   2.8598779e+00   8.3058240e-01   1.2593077e+01   7.3509045e+00   3.3104015e+00   1.1832878e+01   6.4124828e+00   1.1057966e+01   5.7324406e+00   2.3997759e+00   5.8164339e-01   1.2766652e+01   7.8176285e+00   3.5811037e+00
   1.2228475e+01   6.8276983e+00   3.0092022e+00   1.1912989e+01   9.1912803e+00   4.4125052e+00   1.1559286e+01   6.1510136e+00   2.6293980e+00   1.2013084e+01   6.5888485e+00   1.1016144e+01   5.6946574e+00   2.3758216e+00   5.6567547e-01   1.2777588e+01   8.1484520e+00   1.0606980e+01   5.3800155e+00   2.2021494e+00   1.2129589e+01   6.7139181e+00   2.9451151e+00   1.1929951e+01   6.5032440e+00   1.1038140e+01   5.7119334e+00   2.3853954e+00   5.7084770e-01   1.2771735e+01   8.1851381e+00   3.7945903e+00
   2.0819059e+00   1.2164059e+01   6.7480525e+00   1.0978735e+01   5.6606767e+00   2.3540611e+00   5.5089447e-01   1.2787464e+01   7.8822194e+00   3.6126901e+00   1.1760990e+01   6.3328851e+00   2.7278761e+00   1.1988347e+01   6.5583424e+00   2.8542707e+00   8.2147072e-01   1.2593848e+01   8.5944045e+00   1.0484518e+01   9.8736205e+00   4.8566943e+00   1.1451176e+01   6.0514407e+00   1.1153579e+01   5.8015303e+00   2.4321285e+00   5.9306712e-01   1.2739066e+01   7.6680340e+00   3.4876551e+00   1.1792633e+01
   2.3653761e+00   5.5395239e-01   1.2772353e+01   7.7734689e+00   1.0713833e+01   5.4527455e+00   1.1305429e+01   5.9229645e+00   2.4963445e+00   6.2484686e-01   1.2709743e+01   8.4084626e+00   3.9223435e+00   1.3981814e+00   1.2371567e+01   8.8543982e+00   4.1943076e+00   1.1615927e+01   6.1949804e+00   1.1120645e+01   5.7703989e+00   2.4116014e+00   5.7907743e-01   1.2747377e+01   7.6745251e+00   1.0739405e+01   5.4727545e+00   2.2470022e+00   1.2119819e+01   6.6927017e+00   2.9268021e+00   8.5791486e-01
   1.2426101e+01   8.8080155e+00   4.1623197e+00   1.1625699e+01   6.1996671e+00   2.6472993e+00   7.0351949e-01   1.2653741e+01   8.5222710e+00   1.0510264e+01   5.2981454e+00   2.1478058e+00   1.2148563e+01   9.0441334e+00   4.3098608e+00   1.6065022e+00   1.2305451e+01   6.9038325e+00   1.0943312e+01   9.6960317e+00   4.7311075e+00   1.1485739e+01   9.4455418e+00   4.5658854e+00   1.1527133e+01   6.1098835e+00   2.5972401e+00   1.2026491e+01   6.5877295e+00   1.1024139e+01   9.6620289e+00   1.0167111e+01
   1.0770834e+01   9.7712722e+00   4.7774134e+00   1.8589713e+00   1.2231952e+01   6.8091611e+00   2.9865065e+00   8.8413834e-01   1.2563058e+01   7.2565454e+00   3.2409587e+00   1.1860774e+01   6.4152005e+00   2.7647591e+00   7.6400092e-01   1.2619234e+01   7.3540784e+00   1.0828886e+01   5.5333503e+00   1.1289071e+01   9.5452797e+00   1.0207072e+01   5.0769172e+00   1.1402782e+01   9.4910193e+00   4.5921890e+00   1.7576381e+00   1.2261093e+01   6.8442549e+00   3.0061583e+00   1.1920711e+01   6.4747930e+00
   1.2761079e+01   7.6688802e+00   1.0749271e+01   9.7831208e+00   4.7823316e+00   1.8585647e+00   1.2232504e+01   6.8051276e+00   2.9810154e+00   8.7814104e-01   1.2565008e+01   7.2515382e+00   1.0858596e+01   5.5518055e+00   2.2818155e+00   4.9980531e-01   1.2814058e+01   7.9797216e+00   1.0666142e+01   9.8163831e+00   4.8044321e+00   1.8707898e+00   1.2228920e+01   6.8010277e+00   2.9787000e+00   8.7688358e-01   1.2565512e+01   7.2523700e+00   3.2356425e+00   1.0161795e+00   1.2506098e+01   8.7341856e+00
   1.1667309e+01   6.2247474e+00   2.6521382e+00   6.9711027e-01   1.2650278e+01   7.3957668e+00   3.3147849e+00   1.1844067e+01   6.3910962e+00   2.7451263e+00   7.4748097e-01   1.2625287e+01   7.3463194e+00   1.0836545e+01   5.5310304e+00   2.2672757e+00   4.8894851e-01   1.2819280e+01   8.0587126e+00   3.7008577e+00   1.2658350e+00   1.2418022e+01   7.0290515e+00   3.1051170e+00   9.4240848e-01   1.2536389e+01   7.1998886e+00   1.0874516e+01   9.7357287e+00   4.7470189e+00   1.8362126e+00   1.2239168e+01
   1.2692467e+01   7.4676446e+00   3.3528597e+00   1.1837557e+01   6.3789048e+00   2.7352411e+00   1.1995668e+01   6.5364123e+00   2.8236170e+00   7.8701730e-01   1.2604478e+01   8.6320205e+00   4.0418442e+00   1.4482388e+00   1.2357730e+01   8.8958810e+00   1.0413139e+01   5.2133910e+00   2.0890310e+00   1.2170107e+01   6.7220901e+00   2.9281741e+00   1.1945657e+01   6.4856591e+00   2.7950416e+00   7.7148645e-01   1.2611359e+01   8.6222685e+00   1.0493120e+01   5.2705572e+00   2.1206469e+00   1.2159707e+01
   1.0821045e+01   5.5128059e+00   2.2509752e+00   1.2125009e+01   6.6695980e+00   1.1014235e+01   9.6831176e+00   4.7052734e+00   1.1502827e+01   6.0675755e+00   2.5583869e+00   6.4044029e-01   1.2679794e+01   7.4318271e+00   1.0819141e+01   5.5103416e+00   2.2496986e+00   4.7345832e-01   1.2819597e+01   7.8483703e+00   3.5708870e+00   1.1890142e+00   1.2444319e+01   7.0527834e+00   1.0917012e+01   5.5861373e+00   1.1285440e+01   9.5621311e+00   4.6254314e+00   1.1521275e+01   9.4462101e+00   4.5498887e+00
   5.7595201e-01   1.2717806e+01   8.4735442e+00   3.9392361e+00   1.3862959e+00   1.2379263e+01   6.9609085e+00   1.0943159e+01   5.6026197e+00   2.2975520e+00   4.9640759e-01   1.2781595e+01   7.6738175e+00   1.0757367e+01   5.4602564e+00   2.2189108e+00   4.5392609e-01   1.2837318e+01   8.0234628e+00   3.6706567e+00   1.1761080e+01   9.3210928e+00   4.4662398e+00   1.6735621e+00   1.2291552e+01   6.8517449e+00   2.9951223e+00   8.7375499e-01   1.2563267e+01   7.2199057e+00   1.0876135e+01   5.5509630e+00
   7.1415304e+00   1.0899006e+01   5.5646582e+00   2.2734951e+00   4.8042652e-01   1.2792940e+01   7.6879194e+00   1.0756567e+01   5.4552525e+00   2.2133728e+00   4.4785630e-01   1.2832340e+01   7.8767560e+00   1.0706246e+01   9.8164437e+00   4.7878713e+00   1.8464711e+00   1.2241719e+01   6.7878151e+00   2.9560782e+00   1.1942888e+01   6.4694287e+00   2.7767563e+00   1.1990159e+01   6.5159796e+00   2.8029025e+00   7.6676630e-01   1.2609271e+01   7.2875526e+00   3.2399504e+00   1.1870566e+01   6.3977730e+00
   5.5617591e+00   2.2689144e+00   4.7493421e-01   1.2790439e+01   8.3362531e+00   3.8500723e+00   1.1719895e+01   6.2498156e+00   2.6508922e+00   6.8149654e-01   1.2650262e+01   7.3492995e+00   1.0847868e+01   5.5213637e+00   2.2465360e+00   4.6284288e-01   1.2802427e+01   7.7096514e+00   1.0752817e+01   5.4494465e+00   2.2068570e+00   4.4142767e-01   1.2829369e+01   7.8278532e+00   3.5496014e+00   1.1686138e+00   1.2453166e+01   7.0443226e+00   3.0983743e+00   9.2374214e-01   1.2542458e+01   7.1723644e+00
   1.2852406e+01   7.9810623e+00   1.0683379e+01   5.3931664e+00   2.1728608e+00   4.2004561e-01   1.2851573e+01   7.9810873e+00   1.0683058e+01   5.3931617e+00   2.1727353e+00   4.2000505e-01   1.2853106e+01   7.9807682e+00   1.0682421e+01   5.3929324e+00   2.1728778e+00   4.1997985e-01   1.2853106e+01   7.9808955e+00   1.0683236e+01   5.3930692e+00   2.1729009e+00   4.2004003e-01   1.2851526e+01   7.9811153e+00   1.0683330e+01   5.3931919e+00   2.1728044e+00   4.2003596e-01   1.2852421e+01   7.9809915e+00
   8.0728639e+00   1.0660568e+01   5.3728106e+00   2.1586361e+00   4.0928902e-01   1.2857351e+01   8.0727117e+00   1.0660278e+01   5.3726337e+00   2.1587062e+00   4.0934926e-01   1.2857026e+01   8.0723112e+00   1.0660938e+01   5.3728658e+00   2.1586920e+00   4.0938154e-01   1.2855576e+01   8.0727082e+00   1.0661091e+01   5.3729396e+00   2.1585934e+00   4.0936847e-01   1.2856233e+01   8.0728635e+00   1.0660732e+01   5.3728549e+00   2.1586065e+00   4.0931000e-01   1.2857264e+01   8.0727713e+00   1.0660043e+01
   1.2862756e+01   8.0392269e+00   1.0672370e+01   5.3779106e+00   2.1583212e+00   4.0618418e-01   1.2848544e+01   8.1884851e+00   1.0631547e+01   5.3476857e+00   2.1418336e+00   3.9726762e-01   1.2864187e+01   8.0388848e+00   1.0672206e+01   5.3777404e+00   2.1584460e+00   4.0622426e-01   1.2846413e+01   8.1879586e+00   1.0632159e+01   5.3478122e+00   2.1416715e+00   3.9724545e-01   1.2862654e+01   8.0391190e+00   1.0672715e+01   5.3779729e+00   2.1583441e+00   4.0623501e-01   1.2848400e+01   8.1884902e+00
   1.2844121e+01   8.2289827e+00   1.0623418e+01   5.3377239e+00   2.1331832e+00   3.8958575e-01   1.2862540e+01   8.1337188e+00   1.0649062e+01   5.3569901e+00   2.1439357e+00   3.9540461e-01   1.2850746e+01   8.1946242e+00   1.0632890e+01   5.3447402e+00   2.1369407e+00   3.9169630e-01   1.2858252e+01   8.1596576e+00   1.0642381e+01   5.3518468e+00   2.1409749e+00   3.9384121e-01   1.2853649e+01   7.8451486e+00   1.0726987e+01   5.4151456e+00   2.1757766e+00   4.1266187e-01   1.2828580e+01   8.2918069e+00
